rating,review,duration
 별표 4개 ,,2일 전
 별표 4개 ,,5일 전
 별표 5개 ,,1주 전
 별표 5개 ,"올드한 갬성
요즘 흔치않은 인테리어와 서빙까지!
커피주문하니 아이스크림도!!
좋아요좋아요!",2주 전
 별표 5개 ,,2주 전
 별표 4개 ,,2주 전
 별표 5개 ,"(Google 번역 제공) 아주 멋지고 아늑한 카페, 인테리어가 아늑해 보이고 직원들이 친절합니다!
커피는 훌륭했고 성냥갑 아이스크림은 맛있었습니다!

나는 그것을 매우 추천합니다.

장소는 미쳤고 커피는 맛있고 말 아이스크림은 달콤하고 달콤합니다.

(원문)
Very nice and cozy Café, the interior looks cozy and the staff are friendly!
The coffee was great and the matcha ice cream was delicious!

I highly recommend it.

المكان يجنن والقهوة لذيذة والايس كريم الماتشا وايد حلو",3주 전
 별표 5개 ,,4주 전
 별표 5개 ,,4주 전
 별표 5개 ,,1달 전
 별표 5개 ,"일본식 카페
3층에는 소파도 있고 흡연실도 있습니다",1달 전
 별표 3개 ,"클래식한분위기지만 좀 노후됐고 가격이 좀 비싸요.
아이스라떼6500원",1달 전
 별표 5개 ,"커피주문 하면 아이스크림줘요

가끔바쁘면 안줘서 주문시 달라고
하세요",1달 전
 별표 5개 ,,1달 전
 별표 5개 ,,1달 전
 별표 5개 ,가격대비 음료는 평범하지만 분위가 좋고 덥지않아서 좋았어요.,1달 전
 별표 5개 ,,2달 전
 별표 3개 ,"(Google 번역 제공) 방문하실 때마다 아이스크림을 무료로 드실 수 있습니다.

(원문)
You can take a free ice cream whenever you visit",2달 전
 별표 5개 ,"흡연이 가능한것만으로도 감사.
커피맛은 덤",2달 전
 별표 4개 ,"(Google 번역 제공) 아주 좋은 서비스, 정중함, 그들의 직업에 관심, 좋은 음료.

(원문)
Very nice service, polite, interested in their jobs, good drinks.",2달 전
 별표 5개 ,"와플+커피 세트 먹었는데 맛있었어요!
분위기도 굿굿",3달 전
 별표 4개 ,,3달 전
 별표 5개 ,"엔틱한 분위기가 매력적인 카페.
커피맛도 좋아요",3달 전
 별표 5개 ,아메리카노와 달달한 와플이 정말 잘어울리고 맛있어요~,3달 전
 별표 5개 ,"어린시절부터의 추억이 많은 곳
아직까지 계속 있어줘서 고마운 곳
언제나 편안하고 안정감을 주는 곳",3달 전
 별표 5개 ,추억의 장소,3달 전
 별표 2개 ,"조금 더 발전하면 좋을 카페. 아쉽다.

뭔가 퓨전 일본.. 경성.. 그런 느낌 카페다. 의자나 테이블이 정형화되어 있지 않고 각자의 느낌을 주는 카페다.

우선, 직원분이 굉장히 친절하시지만 주문이 굉장히 오래걸린다. 주말 피크 타임에도 불구하고 홀 직원 1분, 바리스타 1분 계신 것 같다. 그래서 자리도 치우지 않은 곳이 몇 군데 있었고, 컵은 쌓여있고, 나온 메뉴도 그대로 방치된 기분이었다.

우리가 주문 한 것은 아메리카노와 아포가토지만 바로 나온건지는 모르겠다.

아메리카노는 얼음이 녹은 탓인지 밍밍했으며, 아포가토는 에스프레소 2샷이 들어간건가? 할 정도로 양이 많았다.
하지만 아몬드 분태가 너무 눅눅했다. 보관이 잘못된 것 같았다.

공간도 넓고, 2층이며, 인테리어도 예쁜데 직원이 너무 적으니 그 장점을 전혀 활용하지 못한 것 같다.
물론, 현재 코로나라 직격탄을 맞아 직원이 줄어들었다가 조금씩 풀리면서 사람이 갑자기 많이 온 것으로 생각할 수 있지만 그래도 너무 아쉬웠다.

다음에 어느 정도 회복이 된 상태에서 재방문을 해보고 싶다.",3달 전
 별표 5개 ,"(Google 번역 제공) 명동의 번잡한 거리에서 벗어나 휴식을 취하기에 좋은 곳입니다. 기이 한 가정적인 분위기와 훌륭한 직원 서비스.

(원문)
A great place to relax and duck away from the busy streets of Myeongdong. Quaint homely atmosphere and great staff service.",3달 전
 별표 5개 ,넓고 조용하고 아이스크림 주는 카페!,3달 전
 별표 5개 ,"(Google 번역 제공) 이것은 클래식 커피를 사랑하는 사람들을 위한 독특한 장소입니다. 하우스 블렌드 커피는 매우 부드럽고 디저트는 맛있습니다.
무엇보다 이곳을 방문해야 하는 이유는 바로 장식이다.

(원문)
This is a unique place for the people who love  classical coffee. The house blended coffee is extremely mild and the desserts are delicious.
most of all, the decoration is the reason you should visit this place.",4달 전
 별표 3개 ,,4달 전
 별표 3개 ,잘모름,4달 전
 별표 5개 ,"(Google 번역 제공) 독특하고 복고풍의 분위기, 좋은 커피와 매우 좋은 직원. 확실히 추천합니다.

(원문)
Unique, retro atmosphere, good coffee and very nice staff. Definitely recommended.",4달 전
 별표 5개 ,"여유있게 커피 마실 수 있는 곳.
리필 가능",5달 전
 별표 5개 ,커피도 맛있고 분위기도 엔틱하고 좋아요,5달 전
 별표 3개 ,,5달 전
 별표 5개 ,,5달 전
 별표 5개 ,클래식한 분위기의 카페입니다. 편안한 소파와 조용한 클래식 음악이 흐르는 카페라서 아주 좋아요.,5달 전
 별표 5개 ,여자친구와 방문했는데 생각보다 사람도 적구 분위기가 좋아서 너무 마음에 들었어요. 와플도 되게 맛있어서 커피랑 같이 천천히 먹었습니다~ 다음에도 또 방문할것 같습니다,5달 전
 별표 3개 ,,6달 전
 별표 5개 ,"명동, 을지로 초입에 이런 카페 있는 거 신기하지 않나요?

맨날 스타벅스만 가시는 분들은 잘 모르겠지만 저처럼 애써 스타벅스를 피해다니는 사람들에겐 도시 한 복판에 믿을 수 없는 힐링 쉼터 같은 곳들이 종종 눈에 띕니다.

아늑하고 코지하고 친절한 오래된, 20년 넘은 카페입니다. 레트로가 별건 가요? 여기 오면 마치 1930년대 신여성들이 즐비한 살롱 느낌이랄까요?

음료 가격이 비싼 것 같지만 아메리카노 1잔 무료로 이필해 주니 그렇지도 않답니다. 새로 생긴 데만 가지말고 여기한번 가 보세요. 강추!",6달 전
 별표 4개 ,,7달 전
 별표 5개 ,,7달 전
 별표 4개 ,,7달 전
 별표 4개 ,품위를 갖춘 디저트 까페의 전형을 경험한 느낌,7달 전
 별표 5개 ,녹차빙수 존맛 너무 좋네요!!,8달 전
 별표 5개 ,,8달 전
 별표 4개 ,조용히 쉬다 오기 좋은 곳.,8달 전
 별표 5개 ,"엔틱한 분위기에 앉아 있으면 자리로 커피서빙까지
아주 맘에드는 곳을 찾음
커피맛도 좋고 분위기기도 좋고
서비스로 주는 아이스크림도 좋음",9달 전
 별표 5개 ,"2~3층 2개층으로 넓고 레트로 분위기.80~90년대 카페 같음.
저녁에 2차로 맥주한잔 하기 좋음.
3층에 흡연실 있음.
주차장 없음.",9달 전
 별표 4개 ,,9달 전
 별표 5개 ,,9달 전
 별표 5개 ,"예전부터 종종 빙수 먹으러 방문했었는데, 분위기가 따뜻하고 두런두런 얘기 나누기 좋다.
그 시절 살아보진 않았지만 1980년대 느낌? 이라 어르신들도 많이 계시다.
2층 분위기는 더 좋은 것 같다.
앉으면 불편할 거 같다고 의자도 바꿔주시고 친절하시다",9달 전
 별표 5개 ,,10달 전
 별표 4개 ,,10달 전
 별표 5개 ,한방대추차 한방이면 온몸이 건강해지는 느낌!,11달 전
 별표 5개 ,,11달 전
 별표 5개 ,조용하고 좋아요,11달 전
 별표 5개 ,,1년 전
 별표 4개 ,,1년 전
 별표 5개 ,,1년 전
 별표 3개 ,"오래된 커피숍
90년대를 추억하는 사람들이
선호하는 곳
공짜 아이스크림과 서빙 서비스
다소 비싼 커피",1년 전
 별표 5개 ,유니크한카페 명동가면 가보시길,1년 전
 별표 3개 ,,1년 전
 별표 5개 ,저와 친구의 아지트예요 명동가면 꼭 가는곳,1년 전
 별표 4개 ,,1년 전
 별표 5개 ,,1년 전
 별표 4개 ,,1년 전
 별표 5개 ,조아요~~아이스크림도 주고 흡연자를 위한 부도 3층에 있고 추천이요~,1년 전
 별표 5개 ,,1년 전
 별표 5개 ,맛 서비스 최고,1년 전
 별표 5개 ,클래식한 분위기에 조용하고 아늑합니다.,1년 전
 별표 1개 ,,1년 전
 별표 5개 ,아이스크림을 후식으로 주지요~,1년 전
 별표 4개 ,쌍화차 맛있는 곳,1년 전
 별표 4개 ,조용하고좋음 차도맛잇음,1년 전
 별표 5개 ,친절하고 사람좋고 차맛좋고,1년 전
 별표 5개 ,시설은 올드하지만 흡연자에겐 파라다이스.  미팅하는 장소로 애용중.,1년 전
 별표 5개 ,"서울에서 클레식을 들을수있는 곳
짱!",1년 전
 별표 3개 ,,1년 전
 별표 5개 ,"명동에 한적하고 고급스런 카페는 여기뿐!!!
분위기 좋고 커피도 한 번 리필 가능 ^^
알고나서부터는 명동오면 여기로 자주와요~~",1년 전
 별표 5개 ,"(Google 번역 제공) 니스, 아늑한.

(원문)
Nice, cozy.",1년 전
 별표 5개 ,,1년 전
 별표 5개 ,,1년 전
 별표 5개 ,요즘 카페와 달리 아늑한 분위기가 좋습니다.,1년 전
 별표 5개 ,흡연층이 흡연실로 바뀜.,1년 전
 별표 4개 ,조용히 쉬면서 커피 한잔의 여유,1년 전
 별표 5개 ,,1년 전
 별표 4개 ,,1년 전
 별표 4개 ,,1년 전
 별표 4개 ,,1년 전
 별표 5개 ,,1년 전
 별표 5개 ,,1년 전
 별표 5개 ,경양식 편한 카페~,1년 전
 별표 5개 ,,1년 전
 별표 5개 ,"추억이 새록새록 생기는 , 분위기도 굿~",1년 전
 별표 3개 ,"쌍화탕.
옛날 찻집 분위기
차도 테이블로 직접 가져다 주시고.",1년 전
 별표 5개 ,최고,1년 전
 별표 3개 ,,1년 전
 별표 4개 ,,1년 전
 별표 3개 ,차와 후식을 먹기 좋은 장소입니다,1년 전
 별표 4개 ,,1년 전
 별표 4개 ,조용하고 아늑한 곳,1년 전
 별표 4개 ,,1년 전
 별표 4개 ,예스런 분위기가 편안한 곳. 비엔나커피는 맛있었는데 쌍화차는 농도가 좀 연해서 아쉬웠음.,1년 전
 별표 5개 ,"(Google 번역 제공) 내가 가진 최고의 커피 중 하나는이 커피 숍에서였습니다. 정말정말정말 강추합니다!

(원문)
One of the best coffee I have ever had was in this coffee shop. Really really recommending it!",1년 전
 별표 5개 ,분위기 서비스 다 대박이에요 직원분들께서 엄청 잘 챙겨주심 ㅠ 저는 평일 저녁 8시? 좀 넘어서 들어갔었는데 그때는 사람들도 많지 않고 그랬어서 더 여유롭게 즐길 수 있었네요!,1년 전
 별표 4개 ,,1년 전
 별표 5개 ,추억의 커피숍. 지금도 인테리어 좋고 서비스도 괜찮다,1년 전
 별표 5개 ,,1년 전
 별표 3개 ,아저씨들이 가는곳 아이스크림 후식으로줘서 좋아요,1년 전
 별표 5개 ,3층의 흡연실 넘 좋아요~~~,1년 전
 별표 5개 ,"(Google 번역 제공) 추가 샷과 함께 그레이트 헤이즐넛 라떼

(원문)
Great hazelnuts latte with additional shot",1년 전
 별표 5개 ,,2년 전
 별표 5개 ,,2년 전
 별표 4개 ,,2년 전
 별표 3개 ,좋습니다,2년 전
 별표 5개 ,분우ㅏ기가 좋음,2년 전
 별표 2개 ,,2년 전
 별표 5개 ,,2년 전
 별표 5개 ,좌석 많고 조용함..이제 사람들이 많아지면 시끌하겟지만 그래도 조용한 편. 한방차를 비롯해서 메뉴가 많음.,2년 전
 별표 4개 ,커피숍내에 흡연실있는 몇 안되는 카페,2년 전
 별표 4개 ,,2년 전
 별표 5개 ,,2년 전
 별표 5개 ,,2년 전
 별표 4개 ,,2년 전
 별표 5개 ,분위기가 약간 고전적이고 서비스도 좋습니다. 아이스아메리카노 시켰는데 아이스크림도 디저트로 주시네요.,2년 전
 별표 4개 ,테이블에서 주문받음. 친절해요. 녹차빙수랑 차 맛있었어요. 낡았지만 편안한 죄석..아이스크림 서비스까지 또 갈거에요,2년 전
 별표 4개 ,"(Google 번역 제공) 앤티크한 인테리어가 멋스러운 아늑한 커피숍. 나는 아메리카노를 주문했지만 아이스크림 한 컵이 제공되었습니다. 방문할 가치가 있는 매우 조용하고 독특한 커피숍.

맛: 3/5
디자인: 4/5
직원: 4/5

직원들은 매우 친절했습니다. 휴식을 위해 적극 추천하는 장소.

(원문)
A nice cozy coffee shop with the antique interior. I ordered an americano but they served with a cup of ice cream. Very quite and unique coffee shop worth visiting.

Taste: 3/5
Design: 4/5
Staffs: 4/5

The staffs were very kind. Highly recommended place for taking a break.",2년 전
 별표 5개 ,맛있어요 치즈케잌이 정말 맛있습니다~,2년 전
 별표 4개 ,일단 자리가 편함. 여기는 다방이라고보는게 맞음,2년 전
 별표 5개 ,,2년 전
 별표 5개 ,,2년 전
 별표 4개 ,,2년 전
 별표 5개 ,다방이 조용하고 써비스도 좋습니다 써비스로 아이스크림도 나옵니다,2년 전
 별표 4개 ,,2년 전
 별표 4개 ,,2년 전
 별표 4개 ,을지로쪽 명동 입구라 위치가 미팅 하기 편하고 3층 흡연실이 있어 흡연자에게는 좋은 위치임.,2년 전
 별표 4개 ,원래 유명한 명동 카페,2년 전
 별표 4개 ,곤조 있는 카페.,2년 전
 별표 5개 ,커피맛 상. 직원 친절. 약간 올드한데 그게 멋,2년 전
 별표 5개 ,옛날 분위기인데 고급스러운 느낌이 살짝나는 아늑한 카페. 서비스로 무언가 나온다는 것 자체도 마음에 든다.,2년 전
 별표 5개 ,,2년 전
 별표 5개 ,고풍스러운 분위기,2년 전
 별표 5개 ,80년 대식 전통 카페입니다. 40대 이상 남자 분들이 선호할 것 같습니다. 서빙하는 분들이 외국인인지 말이 가끔 잘 안통할 때가 있습니다.,2년 전
 별표 5개 ,명동 최애 카페,2년 전
 별표 4개 ,명동에서 안락하게 있을수 있는 몇 안되는 다방(?),2년 전
 별표 4개 ,유서깊은 명동 커피숍,2년 전
 별표 4개 ,,2년 전
 별표 4개 ,분위기 좋습니다.,2년 전
 별표 4개 ,편안한 장소,2년 전
 별표 5개 ,,2년 전
 별표 5개 ,"(Google 번역 제공) 재미 ✌

(원문)
楽しいです✌",2년 전
 별표 5개 ,"(Google 번역 제공) 조용하고 느긋하게 편하게 카페
티라미수와 카라멜 마키아 - 토 맛있게 받았습니다.
가격도 생각보다 높지 않았기 때문에, 또오고 싶다.

(원문)
静かでゆっくりくつろげるカフェ
ティラミスとキャラメルマキア－ト美味しく頂きました。
値段も思ったより高くなかったので、また来たい。",2년 전
 별표 5개 ,그렇게 싼 집은 아니고요 커피는 괜찮습니다. 마지막에 아이스크림도 주네요!,2년 전
 별표 5개 ,명동2가에자리하고있는코인카페2는정말아담스러운장소로서차맛도일품이라하겠네요한번이용해보세요,2년 전
 별표 4개 ,음료 맛있어요. 블루베리음료도 시켰는데 진하고 커피도 크림이 꾸덕하니 맛있습니다. 단지 비쌀뿐ㅋㅋㅋㅋ 여기 카페가시면 2층으로 가세요. 이렇게 대형쇼파 아직도 잇는곳 오랫만 이었어요........편하고 시간보내기 좋을듯,2년 전
 별표 4개 ,가격은 좀 쎈편이지만 일반브랜드커피와는 다른 깊은 맛이 있음,2년 전
 별표 5개 ,언제가도 좋아요,2년 전
 별표 5개 ,소모임하기 좋아요~~,2년 전
 별표 4개 ,"명동에서 오랜시간 자리를 지키고 있는 카페코인 (cafe coin)
명동 골목으로 들어가 2층에 위치해 있어요
(계단이 좀 가파른 편)
엔틱하고 빈티지스러운 분위기에요
아늑하고 따뜻해서 더 좋았습니다
세월이 고스란히 느껴지는데 그러한게 매력입니다
bts 텀블러?홀더같은것도 판매하는 듯ㅋㅋ
생각보다 넓고 다락방처럼 2층도 있어요
소파가 엄청 크고 푹신푹신 편안해요
쇼핑하고 쉬었다 갔는데 정말 좋았어요
복잡스럽지 않고 여유로운 분위기
일본인 손님들이 꽤 많았습니다
음료, 와플이 유명한데 가격대는 좀 있는편
딸기와플, 커피 세트를 먹었는데
와플 맛도 좋았습니다
복잡스러운 명동에서 편하게 쉬실때 찾으시면 좋을 듯",2년 전
 별표 3개 ,,2년 전
 별표 5개 ,,2년 전
 별표 5개 ,"(Google 번역 제공) 경험과 커피를 사랑

(원문)
Love the experience and coffee",2년 전
 별표 5개 ,,2년 전
 별표 5개 ,,2년 전
 별표 4개 ,,2년 전
 별표 5개 ,"옛날 느낌의 까페..좋아요~~
요즘 이런  분위기 찾기 어려운데 고즈넉하고 좋았네요~^^",2년 전
 별표 5개 ,"(Google 번역 제공) 명동의 미친 거리에서 놀라운 카페! 매우 조용하고 평화로운. 티라미수는 매우 풍부하고 크림 같았습니다. 커피는 매우 좋았으며 온도가 너무 뜨겁지 않아서 즉시 마실 수있었습니다. 가격은 스타 벅스와 거의 비슷하지만 앉아서 휴식을 취하는 것이 훨씬 좋습니다.

(원문)
Amazing cafe in the crazy streets of Myeongdong! Very quiet and peaceful. Tiramisu was very rich and creamy. Coffee was very good, and the temperature was not too hot so I could drink it immediately. Price is pretty much the same as Starbucks, but much better to sit back and relax.",2년 전
 별표 5개 ,"(Google 번역 제공) 분위기가 좋아. 8 년 전부터 서울에 가면 꼭 들러합니다. 커피도 전통차도 🍰 있습니다. 때때로 아이스크림 🍨의 서비스가 제공됩니다. 맛있습니다.

(원문)
雰囲気が好き。８年くらい前からソウルにいくと必ず寄ります。コーヒーも伝統茶も🍰もあります。時々アイスクリーム🍨のサービスがいただけます。美味しいです。",2년 전
 별표 4개 ,,2년 전
 별표 5개 ,"서비스가 제대로더라구요, 공간도 멋지구요",2년 전
 별표 5개 ,,3년 전
 별표 4개 ,,3년 전
 별표 5개 ,기본 제공되는 달콤한 디저트 아이스크림이 맛있어요.,3년 전
 별표 4개 ,고풍스런 분위기에 일본인들이 많이 찾아와서 그런지 일본인 직원도 있고요.,3년 전
 별표 3개 ,,3년 전
 별표 5개 ,,3년 전
 별표 3개 ,무난 합니다 누구에겐 특별하지만,3년 전
 별표 5개 ,,3년 전
 별표 5개 ,과거와 현대가 공존하는 매력. 그야말로 뉴트로. 자리에 앉으면 주문을 와서 받는 방식이고 계산도 나중에. 메뉴도 다양함,3년 전
 별표 3개 ,,3년 전
 별표 3개 ,고풍스런 분위기. 커피맛은 부드럽고 연한편. 아이스크림 주시게 포인트. 바쁠때는 가끔씩 빼먹고 안주시면 무척 섭섭함,3년 전
 별표 5개 ,"오래된 전통만큼 맛이 변하질 않네요~ 녹차아이스크림, 와플, 커피, 케익 뭐하나 맛없게하는 메뉴가 없어요. 추억의 장소오랜만에 다시가도 너무좋네요",3년 전
 별표 5개 ,,3년 전
 별표 4개 ,,3년 전
 별표 5개 ,아보카도 맛있어요,3년 전
 별표 4개 ,,3년 전
 별표 3개 ,,3년 전
 별표 5개 ,,3년 전
 별표 1개 ,"(Google 번역 제공) 나중에는 손님이 먼저 식사를하기 위해 나왔고, 그 다음에 3 인의 손님에게 봉사했습니다. 우리 중 6 명은 불이 매우 뜨거워 질 때까지 기다렸다가 커피 XD를 마시지 않았습니다 .........이 커피 숍에는 아무것도 없습니다!
이 커피 숍의 주인이라면 바리 스타 주문에 큰 문제가 있는지 알려주십시오.…",3년 전
 별표 5개 ,음료도 빙수도 너무 맛있고 조용해서 나만의 아지트로 삼고싶음,3년 전
 별표 4개 ,"주문받고 차가져다주고  아이스크림도 주는 복고풍 다방입니다
결제도 후불^^",3년 전
 별표 5개 ,"제일 비싼 19000원짜리 생과일 요거트 와플? 주문했어요
맛있고 밥먹고 와서 그런지 양도 많아서 다 못먹고 남기고..ㅎㅎ
과일도 신선하고 가운데 요거트 아이스크림 있어서 맛있어요~…",3년 전
 별표 5개 ,,3년 전
 별표 5개 ,,3년 전
 별표 4개 ,,3년 전
 별표 5개 ,,3년 전
 별표 4개 ,전통차를 마실수있고 서비스로 바닐라아이스크림을 마무리로 제공,3년 전
 별표 4개 ,경양식집같은 내부ㅋㅋ와플은 궇ㅋ,3년 전
