rating,review,duration
 별표 5개 ,,1주 전
 별표 2개 ,,2주 전
 별표 3개 ,,1달 전
 별표 3개 ,예전엔 대기하고 기다렸었는데 요즘은 자리가 있내요. 샌드위치 가격이 좀 비싸요.,1달 전
 별표 5개 ,,1달 전
 별표 4개 ,쾌적하고 맛있어요,2달 전
 별표 3개 ,,2달 전
 별표 1개 ,"마마스 원래 좋아하는데, 너무 느리네요ㅠ 직원을 더 충원하시거나 해야할 듯 합니다.
---
방문할 때마다 최악을 갱신",2달 전
 별표 3개 ,,2달 전
 별표 1개 ,"(Google 번역 제공) 마마의 시그니처 샐러드를 호텔방에서 테이크아웃 하려고 주문했어요. MSS는 채소 4분의 1, 상한 바나나, 리코타 치즈로 가득 찬 2개의 큰 아이스크림 국자, 약간의 호박 퓌레와 4개의 체리로 구성되어 있습니다. 바게트와 함께 나왔지만 버터는 없었습니다. 이 요리를 리코타 치즈와 반찬 친구라고 부르지 않겠습니까?
너무 기괴하다.

(원문)
I ordered Mama’s signature salad to take out to eat in my hotel room. MSS consisted of quater handful of greens, bananas which has gone bad, 2 big ice cream scoop full of ricotta cheese, some pumpkin purée and 4 cherries. It came with baguette but no butter. Why don’t they just call this dish ricotta cheese and some side dish friends.
So bizarre.",2달 전
 별표 5개 ,리코타지즈샐러드 맛나요. 샌드위치랑 파니니도 좋으네요^^  주스는 리유저플컵에 담아주시니 괜시리 환경에 덜 미안한기분도 들구요ㅎㅎ,3달 전
 별표 5개 ,,3달 전
 별표 3개 ,,3달 전
 별표 3개 ,음식 냄새가 잘 빠지지 않아서 매캐함.샐러드나 파니니 샌드위치는 명불허전.테이크아웃 권함,3달 전
 별표 3개 ,,4달 전
 별표 4개 ,청포더쥬스가 마마스보다 맛있는 곳은 아직 발견 못했네요. 점심에 음료 시키는데 15분 정도 소요되서 슬쩍 짜증 났지만 시눤한 청포도쥬스 마시며 기분이 다시 좋아짐,4달 전
 별표 5개 ,식사,4달 전
 별표 4개 ,맛있는데 직원이 넘 초짜라 시간이 넘 걸렸어요,4달 전
 별표 4개 ,음식 나오는게 늦은거 빼고는 괜찮았습니다.,4달 전
 별표 5개 ,😆😆😆,5달 전
 별표 2개 ,"10년만에 다시 가본듯요. 10시에 입장했는데, 오븐 예열한다고 20분정도 기다리라 안내받음. 이가 나간 식기류는 쓰지 않았으면... 샐러드그릇, 파니니접시 다 이가 나가있었음. 직원이 한명있는데, 쌀쌀맞았... 다시 갈 일은...",7달 전
 별표 5개 ,완전 강추합니다,7달 전
 별표 5개 ,,7달 전
 별표 4개 ,배부르다,7달 전
 별표 1개 ,,8달 전
 별표 1개 ,한마디로 정말 맛없는 집. 거기다 가격은 왜 비싼지. 맛에 대한 고민을 조금이라도 하고 음식을 만들어야지.,9달 전
 별표 4개 ,조용한 커피집,9달 전
 별표 5개 ,,9달 전
 별표 4개 ,,11달 전
 별표 5개 ,,11달 전
 별표 1개 ,"생긴지 오래되니 매니저도 없는듯하고 시간제 파트 타임 하시는 분들만 계시는게 아닐까… 불친절보다는 고객에게 관심도 없이 기계적으로 일하는 모습과 태도에 이젠 가고픈 마음이 점점 없어집니다. 인테리어도 많이 낡고… 손님이 음식을 가져가기에 무거운 플레이트, 도로 당당히 가져다 놓으라고 하시려면 좀더 친절 하시길 바랍니다.",11달 전
 별표 5개 ,언제 가도 맛있는 집. 특히 리코타치즈 샐러드는 이만한 곳이 없는듯,1년 전
 별표 3개 ,,1년 전
 별표 5개 ,,1년 전
 별표 5개 ,"(Google 번역 제공) 큰 인분; 맛있는 아침 식사. 코리아나 호텔에서 가깝습니다.

(원문)
large servings; delicious breakfast. Near from Koreana Hotel.",1년 전
 별표 5개 ,,1년 전
 별표 5개 ,,1년 전
 별표 5개 ,,1년 전
 별표 5개 ,,1년 전
 별표 5개 ,"(Google 번역 제공) 내가 가장 좋아하는 레스토랑 중 하나!

(원문)
One of my favorite restaurants!",1년 전
 별표 5개 ,마마스 역시잘해,1년 전
 별표 3개 ,,1년 전
 별표 5개 ,맛이일품,1년 전
 별표 5개 ,신선함을 느끼고 싶을땐 여기!!,1년 전
 별표 5개 ,"(Google 번역 제공) 꿀과 견과류와 수제 치즈 파니니
무스카트 신선한 주스
아주 맛있습니다!

(원문)
蜂蜜とナッツと手作りチーズのパニーニ
マスカットフレッシュジュース
とても美味しい！",1년 전
 별표 3개 ,,1년 전
 별표 2개 ,,1년 전
 별표 3개 ,아메리카노 샌드위치 맛있네요.♥♥♥,1년 전
 별표 4개 ,,1년 전
 별표 5개 ,"리코타 샐러드, 파니니, 감자, 단호박 스프 다 맛있었음ㅠㅠㅠㅠㅠㅠ 그저 존맛...!",1년 전
 별표 5개 ,,1년 전
 별표 5개 ,좋아요,1년 전
 별표 4개 ,10년 넘게 다닙니다 ~ 언제나 만족해요 >.<,1년 전
 별표 5개 ,10년전부터 가끔가는 부런치집입니다 변하지않고 맛잇는 맛 아주 좋습니다,1년 전
 별표 3개 ,,1년 전
 별표 2개 ,,1년 전
 별표 4개 ,,1년 전
 별표 3개 ,오래 기다려야합니다.,1년 전
 별표 5개 ,,1년 전
 별표 1개 ,"정말 서비스
하며 고객응대부터 한가해보이는 일요일임에도 불구하고 불친절에 야외 테이블 전기코드는 싸구려 설치 해서 전원이 한참 안들어오고 on off 도 제대로 안보이는 멀티탭에.  과부하로 스위치가 단선되어 있어서 reset 단추 눌러주니 그제야 전원 들오옴.

샌드위치 시켜서 한입먹고 못먹음.

그냥 정성만 들어가도 맛있을수 있는 샌드위치를

알고보니 프랜차이즈.

맛도 서비스 도 이유가 왜 그랬는지 설명 해줌

절대 네버    비추천",1년 전
 별표 4개 ,,1년 전
 별표 5개 ,,1년 전
 별표 5개 ,,1년 전
 별표 3개 ,마마스 음식 맛이야 비슷하겠지만. 직원의  서비스와 가게내부의 위생이 너무 떨어짐,1년 전
 별표 5개 ,가성비  좋고  맛도 훌륭한 카페입니다,1년 전
 별표 5개 ,,1년 전
 별표 4개 ,,1년 전
 별표 5개 ,,1년 전
 별표 5개 ,좋아요,1년 전
 별표 5개 ,,2년 전
 별표 5개 ,말해모햇 ㅎㅎㅎ 정말 건강하고 맛있는 곳 !,2년 전
 별표 4개 ,,2년 전
 별표 3개 ,조용하고 음료도 괜찮아요,2년 전
 별표 1개 ,,2년 전
 별표 3개 ,,2년 전
 별표 5개 ,,2년 전
 별표 5개 ,간편하게 식사하면서 대화 나누기 좋은 카페,2년 전
 별표 4개 ,다른지점에 비해 맛있는편이에요,2년 전
 별표 4개 ,"도심 뒷골목에 위치해 있어서 주말에는 한적한 느낌이 들어 좋습니다. 가끔씩 샐러드와 신선한 과일쥬스를 먹고 싶을 때 찾을 만 합니다,",2년 전
 별표 4개 ,깔끔하고 다양한 파니니를 맛 볼수 있어요. 점심시간에는 주변 직장인들로 붐비니 그 시간을 피하면 여유있게 즐길 수 있어요.,2년 전
 별표 4개 ,,2년 전
 별표 4개 ,"(Google 번역 제공) 좋아요

(원문)
ok",2년 전
 별표 4개 ,"(Google 번역 제공) 좋아요

(원문)
ok",2년 전
 별표 5개 ,,2년 전
 별표 4개 ,,2년 전
 별표 5개 ,,2년 전
 별표 4개 ,,2년 전
 별표 3개 ,,2년 전
 별표 1개 ,점심전에 매장에 아무도 없는 한가한 시간에 토마토치즈 파니니 시켰는데 다 탔다 쓴맛이 너무 심해서 못먹음,2년 전
 별표 5개 ,파니니 맛있고 양 많아욥,2년 전
 별표 4개 ,"(Google 번역 제공) OK 커피

(원문)
OK coffee",2년 전
 별표 5개 ,,2년 전
 별표 5개 ,,2년 전
 별표 3개 ,,2년 전
 별표 3개 ,"감자스프 넘나맛잇어요!! 클럽샌드위치도 굿굿!! 사진에는 없지만 파니니도 맛잇게 먹엇습니다, 다만 난방을 켜놓지 않았는지 너무 추워서 치즈도 금방 굳고, 다른 테이블 손님들도 모두 겉옷을 입고 식사하더라구요. 무릎담요가 구비되어 있었지만, 그것보다 음식이 빨리 식어서 맛없어진다면 난방에도 신경쓰셨으면 좋겠습니다.",2년 전
 별표 5개 ,"(Google 번역 제공) 맛있는 음식이 많은 상점과 많은 사람들이 대만에서 놓칠 것입니다

(원문)
東西好吃份量也很多、人在台灣還會想念的店",2년 전
 별표 5개 ,맛있죠 ㅋ,2년 전
 별표 4개 ,맛있다 근데 이정도는 솔직히 나도 만든다,2년 전
 별표 5개 ,,2년 전
 별표 5개 ,"(Google 번역 제공) 쇠고기 파니니는 매우 맛있고 브런치에 대한 훌륭한 선택입니다!

(원문)
牛肉帕尼尼超美味，適合早午餐的好選擇！",2년 전
 별표 4개 ,,2년 전
 별표 4개 ,쥬스와 샐러드 맛집  싱싱하다.,2년 전
 별표 3개 ,,2년 전
 별표 4개 ,,2년 전
 별표 3개 ,,2년 전
 별표 5개 ,"체인점인거 같아요?
여기저기 많은데요
간단히 브런치 하기엔 나쁘지않아요",2년 전
 별표 3개 ,,2년 전
 별표 4개 ,,2년 전
 별표 5개 ,,2년 전
 별표 4개 ,다소 비싼듯한 가격이지만 완성된 메뉴를 보면 부족함이 없다. 점심 시간을 약간 벗어난 시간에 오면 한결 한가해 여유있게 브런치를 먹을 수 있다,2년 전
 별표 4개 ,"(Google 번역 제공) 큰 토스트 / 빵집, 큰 부분 및 많은 치즈.

(원문)
Great toasties/paninis, big portions and lots of cheese.",2년 전
 별표 5개 ,"저령하고 쾌적하고 깨끗함'
커피 아니 품목도 다양함'
강추'",2년 전
 별표 4개 ,브런치(샌드위치)가 맛있어요.,2년 전
 별표 3개 ,,2년 전
 별표 4개 ,,2년 전
 별표 4개 ,양도 맛도 굿 입니다,2년 전
 별표 4개 ,,2년 전
 별표 3개 ,브런치먹기좋아요. 청포도쥬스랑 햄치주파니니먹었는데  깔끔한맛에  잘먹었습니다.,2년 전
 별표 4개 ,,2년 전
 별표 3개 ,,2년 전
 별표 3개 ,,2년 전
 별표 3개 ,,2년 전
 별표 4개 ,"점심시간  조금 피해서 가면
한가합니다
1시 20분에 들어갔더니  3팀쯤 있네요
가격은 무난하고 양은 많은 편이지만
분위기생각하면 안됩니다
테이블 간격이 좁은 편이라
불편하고 저쪽  테이블 대화가 다 들리죠
그래도 가끔 생각나는 음식들입니다",2년 전
 별표 4개 ,,2년 전
 별표 5개 ,"(Google 번역 제공) 냠

(원문)
yum",2년 전
 별표 2개 ,,2년 전
 별표 5개 ,"추억의 브런치집,, 브런치가 대중적이지 않았을 때, 브런치란 용어가 대중적이지 않을 때부터 계속 대중화를 표방했던 집,, 예전 브런치집 쌍두마차였던 이태원의 수지스보다 더욱 접근성있고 한국인 입맛에 맞았던 곳으로 기억합니다 지금은 체인점도 매우 많이 생겨서 예전처럼 대기를 하지 않아도 됩니다 청포도 주스와 리코타 치즈 샐러드, 치킨인가 가지 파니니는 시그니쳐 메뉴였습니다 예전에 자주가던 추억의 식당이 아직도 여러 군데 건재하다는 것은 좋은 일입니다 일반 프랜차이즈 카페같으면서도 편하게 식사를 할 수 있는 집입니다",2년 전
 별표 4개 ,"음식은 좋아요. 파니니, 리코타 샐러드, 클럽샌드위치.. 그런데 매장 환기도 안되고 주문 받고 시간 오래걸리고... 테이크 아웃 권장~",2년 전
 별표 2개 ,,2년 전
 별표 5개 ,여긴 브런치로 괜찮다. 허니까망베르 파니니는 되게 달다 리코타치즈샐러드도 맛있는데 배부르다. 청포도주스는 생과일주스로 꼭 먹어야한다,3년 전
 별표 3개 ,가격이 좀 비싸지만 나쁘진 않았어요,3년 전
 별표 5개 ,,3년 전
 별표 5개 ,,3년 전
 별표 5개 ,스프도 맛있고 모짜렐라토마토 파니니도 양도 충분하고 브런치 카페로는 최고에요,3년 전
 별표 4개 ,사랑해요,3년 전
 별표 1개 ,"비싼데 맛없고 비위생적인데다 불친절합니다. 회사 근처에 샌드위치 가게가 별로 없어서 10여 년 전부터 아주 가끔 어쩔 수 없이 방문했는데, 갈수록 상태가 가관이어서 올해 한번 다시 가본 후 아예 발을 끊었습니다. 직원들의 근무태도와 성질머리가 특히 매우 인상적인(?) 가게입니다. 판단 잣대는 사람마다 천차만별이겠지만요.

absolutely the worst sandwich restaurant in seoul. if you really want to experience bad taste food, crazy expensive price, dirty dishes and tables, and aggressive service crews- this is the very perfect place!",3년 전
 별표 5개 ,"(Google 번역 제공) 물건은 맛있고 저렴하며 무게가 많습니다.

(원문)
東西很好吃 便宜 份量也不少",3년 전
 별표 4개 ,,3년 전
 별표 5개 ,,3년 전
 별표 5개 ,"(Google 번역 제공) 건강하고 좋은 음식.

(원문)
good and healthy food.",3년 전
 별표 5개 ,,3년 전
 별표 5개 ,양 많고  맛있다 스프존맛 샐러드 좋아!!,3년 전
 별표 3개 ,,3년 전
 별표 5개 ,,3년 전
 별표 4개 ,,3년 전
 별표 5개 ,가장좋아하는브런치가게~!,3년 전
 별표 5개 ,,3년 전
 별표 5개 ,강남 마마스 다음으로 갔는데 양 괜찮고 깔끔하고 좋았음... 리코타 셀러드에 리코타 만이줘서 조아요 ㅇㅅㅇ,3년 전
 별표 5개 ,맛 좋고 분위기 좋아요.,3년 전
 별표 3개 ,"솔직히 브런치집치고 엄청 맛있는 집은 아님. 그냥평범함.
전반적으로 매장분위기 어수선함
테이블 닦아주세요! 라고 말해야 할 정도로 정돈안됨.",3년 전
 별표 4개 ,,3년 전
 별표 4개 ,"(Google 번역 제공) 여기서 치즈 파니니가 메체 맛있습니다! ︎
조금 가격이 비쌉니다 만, 만족도 높습니다.

(원문)
ここのチーズのパニーニがめちゃ美味です‼︎
少し値段が張りますが、満足度高いです。",3년 전
 별표 3개 ,,3년 전
 별표 5개 ,"(Google 번역 제공) MAMAS 또 뭐야?

(원문)
MAMAS what else?",3년 전
 별표 5개 ,"(Google 번역 제공) 음식이 맛있다

(원문)
Enak panganane",3년 전
 별표 3개 ,,3년 전
 별표 5개 ,,3년 전
 별표 4개 ,,3년 전
 별표 4개 ,시그니처가 요샌더맛나는듯,3년 전
 별표 4개 ,"예전에 유행하던 마마스, 오랜만에 방문.
서소문점은 처음왔습니다.
서소문점이 본점이라고 들었는데, 생각보다 공간이 협소하네요.(그래도 불편한점은 없어요)
청포도주스는 시럽빼고먹는데, 여전히 맛있네요.
샌드위치도 맛났고, 양도 많아서 좋았습니다 :)",3년 전
 별표 5개 ,,3년 전
 별표 4개 ,"(Google 번역 제공) 서울에 살고 때는 좋아 가끔하고있었습니다.

(원문)
ソウルに住んでた時は好きでたまに行っていました。",3년 전
 별표 5개 ,"신선한 재료로 만든 파니니와 샐러드, 쥬스가 맛있습니다.
점심식사 시간에는 자리가 부족해요.",3년 전
 별표 5개 ,맛있어요,3년 전
 별표 5개 ,,3년 전
 별표 2개 ,"(Google 번역 제공) 갔지만별로 기억하지

(원문)
行ったけどあまり覚えてない",3년 전
 별표 5개 ,디저트 빵이 맛있는 곳,3년 전
 별표 5개 ,,3년 전
 별표 5개 ,,3년 전
 별표 4개 ,"ㆍ오랫만 방문하니 여전히 좋네요
ㆍ청포도쥬스.허니까망베르치즈파니니.리코타치즈샐러드 맛있음ㅡ브런치로는 마마스 메뉴만큼 하는곳이 흔하지는 않은듯. 양많고 맛있고
ㆍ11시전 방문이라 한산했으나 이후 사람들 붐빔",3년 전
 별표 5개 ,,3년 전
 별표 1개 ,"(Google 번역 제공) 내가 몹시 기대하지 않는다고해도 끔찍한 서비스.
직원들은 친절하지 않았습니다. 나는 그들이 '높음'으로 행동하는 것을 원하지 않지만 미소가 없거나 환영 인사가 훨씬 더 좋을 것입니다 ... 주문 카운터가 너무 높았습니다. 아무 것도 볼 수 없었습니다 (바보). 나는 명령하기 위해 거기에 있었다. 그러나 직원은 심지어 나에게 말하려고 노력하고 있었고, 나를 빤히 보지 않고 있었다.

나는 칠면조 샌드위치를 먹으러 거기에 있었고 그들은 밖으로 나왔다. ... 나는 광화문에서 하나를 보곤했었다. 그러나 이것은 내가 있던 곳과 가깝고 실수였다. 나는 ~

나는 그 대신에 햄과 치즈 샌드위치를 주문했고, 그것을 만들기 위해 약 15 분 걸렸다! 그래서 천천히 ... 그것은 빠른 먹이 사슬이 아니지만 미식가의 조제 식료품 가게가 아닙니다 (괴물 스낵을 만드는 것이 더 빠를 것입니다!)

그러나, 나는 음식의 맛에 관하여 불평 할 수 없다. .. 그러나 직원은 모든 별을 꺼낸다!

(원문)
Terrible service even if I do not expect  much.
The staff was not friendly... I don’t want them to act as if ‘High’ but little smile or welcome greeting would be much nicer... the ordering counter was too high I couldn’t see anything(stupid) and I was there to order but no staff was even trying to talk and stared at me.

I was there for turkey sandwich and they were out... I used to go to one in Kwanghwamun but this was close to where I was and it was mistakeI guess~

I ordered, instead, a ham and cheese sandwich and took about 15minutes to make it! So slow... it isn’t a fast food chain but ain’t gourmet classy delicatessen (would have been faster to make a freaking snadwich!)

However, I can’t complain about the taste of food... great but the employees take all the stars out!",3년 전
 별표 5개 ,"여기 맛있어요
청포도쥬스,리코타치즈샐러드,감자스프가 특히 맛있어요
대신 가겨은 좀 비싸요",3년 전
 별표 5개 ,,3년 전
 별표 3개 ,,3년 전
 별표 5개 ,,3년 전
 별표 4개 ,,3년 전
 별표 4개 ,,3년 전
 별표 4개 ,맛있어요,3년 전
 별표 4개 ,,3년 전
 별표 3개 ,음식은 맛있고 스프 샌드위치 샌드위치 피클도 맛있었어요  다만 자리가 너무 협소한 탓에 지나다니는 사람한테 많이 치였구  비치된 개인접시에 기름기가 깨끗이 지워지지 않아 미끌미끌거렸서 아쉬웠어요,3년 전
 별표 2개 ,,3년 전
 별표 3개 ,,3년 전
 별표 4개 ,,3년 전
 별표 5개 ,,3년 전
 별표 4개 ,브레이크타임 딱 걸려서 갓는데 주문 받아주신 직원분 너무 착하셧어요 감사합니다,3년 전
 별표 3개 ,가격이 너무 올라요... 잘 못가요...,3년 전
 별표 5개 ,,3년 전
 별표 4개 ,"(Google 번역 제공) 좋은 음식이지만 서비스가 없습니다.

(원문)
Good food but no service.",3년 전
 별표 5개 ,,3년 전
 별표 1개 ,,3년 전
 별표 2개 ,,3년 전
 별표 5개 ,,3년 전
 별표 4개 ,깨끗하고 음식도 빨리나왔음..갈만해욥~~,3년 전
 별표 4개 ,의외로 수프가 맛있고 양이 많음.. 리코타치즈샐러드나 파니니는 비교적 평범함. 브런치로 제격,3년 전
 별표 4개 ,직원이 불친절함..,3년 전
 별표 3개 ,,3년 전
 별표 1개 ,"파니니 안쪽이 타고 위생도 더러움. 접시, 포크 나이프 다 더러움",3년 전
 별표 5개 ,,3년 전
 별표 3개 ,테이크아웃해서 먹는 거라면 모르겠지만 매장 내에서 먹기엔 불편합니다. 좁고 테이블이 다닥다닥 붙어 있어요.,3년 전
