rating,review,duration
 별표 5개 ,"유럽 바리스타가 직접 추출해주는 정통커피를 맛볼수 있는곳
아메리카노에 길들여진 직장인들이 멀리 가지 않아도 제대로 된 커피를 맛볼수 있는것이 장점.",3주 전
 별표 5개 ,너무 귀엽고 아기자기한 인테리어에 흔히 먹어볼 수 없는 시그니처 메뉴까지 제가 좋아하는 카페요소를 두루 갖춘 곳이었어요ㅋㅋㅋ 신도시치고 약간 깊숙하지만 이곳에 알짜카페들이 많이 모여있기도 해서 찾기 어렵지는 않을거에요. 주로 배달을 많이 하시는것같은데 매장 직접 오셔도 분위기 너무 좋아요. 뭐드실지 고민되신다면 사막의모래 커피 드세요ㅋㅋㅋ 흑설탕이 아무리 저어도 안섞여서 첨엔 좀 당황했지만 나중엔 그거 씹는 재미가 쏠쏠했어요ㅋㅋ 담엔 디저트도 꼭 먹어보려구요!,2달 전
 별표 4개 ,감사합니다 !! 또찾아주세요 기억하겠어용~!!,10달 전
 별표 5개 ,깔끔한 인테리어에 상냥한 주문응대 편안한 분위기네요~,11달 전
 별표 5개 ,넘예,1년 전
 별표 5개 ,숨겨진 맛집. 동네라 오히려 잘 안가지는데 한번씩 갈때마다 음료에 만족. 커피뿐 아니라 차도 맛있음.,1년 전
 별표 5개 ,,1년 전
 별표 4개 ,곰돌이 마들렌. 넘맛있어요 분위기 굿굿,2년 전
 별표 4개 ,,2년 전
 별표 4개 ,,2년 전
 별표 4개 ,,3년 전
 별표 1개 ,,3년 전
 별표 4개 ,,3년 전
 별표 5개 ,,3년 전
 별표 5개 ,본토의 커피를 경험하고 싶다면 추천합니다. 바리스타 손길을 경험하고프다면 골든아메리카노를 추천,3년 전
 별표 4개 ,,3년 전
 별표 4개 ,"괜찮음
종류가 많음",3년 전
 별표 4개 ,,3년 전
 별표 5개 ,친절하고 방탄커피도 있음,3년 전
 별표 5개 ,뱅쇼 맛집,3년 전
 별표 5개 ,,3년 전
 별표 3개 ,맛있게 드셔주셔서 감사드립니다~,3년 전
 별표 4개 ,핸드드립 좋아요!,3년 전
 별표 5개 ,,3년 전
 별표 5개 ,,3년 전
 별표 5개 ,맛있게 드셔주셔서 감사합니다 ^^,3년 전
 별표 5개 ,,3년 전
 별표 5개 ,ㅎㅎ 쿠폰으로 먹으니 더 맛나용,3년 전
 별표 2개 ,커피 잘 안마시는데 처음으로 손수내려 주신 핸드드립 커피 먹어봤어요. 자주는 못오지만 꼭 다시 와서 맛보고 싶은 맛입니다 - 인생커피-,3년 전
 별표 3개 ,커피맛 고급짐,3년 전
 별표 3개 ,유명바리스타의 맛있는 커피 !!! 잘먹고 감돠아~,3년 전
 별표 5개 ,가격은 싼데 커피맛은 그저 그랬어요.,3년 전
 별표 5개 ,가격보다 맛이 더 중요한 매장입니다. 혹여 맘에 들지 않으셨다면 다음에 꼭 다시한번들러주세요~ 아쉬움이 들지않도록 바리스타분이 직접 서브 해드리겠습니다~ 감사합니다,3년 전
 별표 5개 ,카페,3년 전
 별표 4개 ,,3년 전
 별표 3개 ,,3년 전
 별표 5개 ,삼성 근처는 항상 여기서 수업합니다.다른 커피숍보다 조용하고 사장님 직원분 다 친절합니다.커피가격도 싼편이구요.좋아요,3년 전
 별표 5개 ,,3년 전
 별표 3개 ,,4년 전
 별표 3개 ,깨끗하고 커피도 맛나요~,4년 전
 별표 5개 ,커피가 진하고 조용하고 분위기도 좋고~,4년 전
 별표 5개 ,,4년 전
 별표 5개 ,비쌈,4년 전
 별표 4개 ,"새벽 3시반 ^^ 리뷰 감사합니다.
더 좋은 품질로 ....는 너무 식상하지요 ^^
품질이나 정성에 비해 아깝지 않은 상품으로 열심히 노력하겠습니다~",4년 전
 별표 4개 ,친절하고 가격은 적당.  맛은 글쎄.. 몇번더가봐야할듯.,4년 전
 별표 4개 ,,4년 전
 별표 5개 ,,4년 전
 별표 3개 ,"바리스타 동호회를 이곳에서 하고 있는데 바리스타님이 너무 잘 가르쳐 주시고, 원두도 너무 맛있고 좋아요!!",4년 전
 별표 3개 ,,4년 전
 별표 4개 ,,4년 전
 별표 4개 ,,4년 전
 별표 4개 ,,4년 전
 별표 1개 ,그냥 카페,4년 전
 별표 5개 ,평범한 까페입니다. 특별히 좋은점도 나쁜점도 발견하지 못했습니다.,4년 전
 별표 5개 ,,4년 전
 별표 5개 ,,4년 전
 별표 5개 ,"(Google 번역 제공) 엄청난

(원문)
great",4년 전
 별표 5개 ,,4년 전
 별표 5개 ,,4년 전
 별표 5개 ,,4년 전
 별표 4개 ,,4년 전
 별표 5개 ,,4년 전
 별표 3개 ,,4년 전
 별표 5개 ,내가 먹어본곳중  최고 ^^,4년 전
 별표 2개 ,,4년 전
 별표 5개 ,싼 가격이지만 맛은 고급짐,5년 전
 별표 5개 ,리뷰~감사합니다.,5년 전
 별표 4개 ,,5년 전
 별표 3개 ,감사합니다~ 더 노력하는 그레코가 되겠습니다~,5년 전
 별표 4개 ,,5년 전
 별표 5개 ,감사합니다~ 더 노력하는 그레코가 되겠습니다~,5년 전
 별표 5개 ,깔끔한 인테리어. 적당한 맛과 가격,5년 전
 별표 4개 ,리뷰 감사합니다~ 더 노력하는 그레코가 되겠습니다~,5년 전
 별표 4개 ,,5년 전
 별표 4개 ,감사합니다~ 더 노력하는 그레코가 되겠습니다~ 서비스에 만족하시지 못한 사항은 언제든 편하게 이야기 해 주세요~,5년 전
 별표 3개 ,,5년 전
 별표 4개 ,라테맛이 일품입니다,5년 전
 별표 5개 ,감사합니다~ 늘 좋은 제품으로 보답하겠습니다,5년 전
 별표 5개 ,,5년 전
 별표 4개 ,감사합니다~ 더 노력하는 그레코가 되겠습니다~,5년 전
 별표 4개 ,좋아요,5년 전
 별표 5개 ,,5년 전
 별표 4개 ,감사합니다~~^^,5년 전
 별표 4개 ,저렴한 가격에 맛있는 커피. 스탭들이 몹시 친절,5년 전
