rating,review,duration
 별표 3개 ,그냥저냥 조용한곳,1달 전
 별표 5개 ,"아담한 한옥 까페입니다.커피도  맛있구요.
흑임자라떼도 맛있어요^^",1달 전
 별표 3개 ,,1달 전
 별표 1개 ,"장소도 비좁고 더위에 에어컨도 없네요
많이 아쉽네요",2달 전
 별표 4개 ,,2달 전
 별표 5개 ,,2달 전
 별표 2개 ,"자리가 너무 협소하고
아이스아메리카노 신맛이 너무강함;;",2달 전
 별표 5개 ,,2달 전
 별표 4개 ,,2달 전
 별표 3개 ,"주위에서도 시선을 끄는 감성충만한 카페예요. 날 좋은날 쪽마루나 평상 자리에서 담소나누며 커피마시기 좋아요. 전통한옥 보다는 50,60년대 개조식 한옥느낌입니다. 마당포함 열린구조인것도 좋아요.
지나가며 들르기에 추천",3달 전
 별표 5개 ,힐링되는곳!!!,3달 전
 별표 3개 ,,3달 전
 별표 4개 ,,4달 전
 별표 5개 ,,4달 전
 별표 5개 ,,5달 전
 별표 4개 ,실내두있고 야외공간두있어서 차마시며 이야기나누기가좋읍니다 !!,5달 전
 별표 5개 ,"너무 이쁘고 좋았습니다.
커피도 맛있어요!",5달 전
 별표 3개 ,,5달 전
 별표 5개 ,,5달 전
 별표 5개 ,,5달 전
 별표 5개 ,,6달 전
 별표 3개 ,,6달 전
 별표 5개 ,,6달 전
 별표 5개 ,,6달 전
 별표 5개 ,분위기 좋고... 아인슈페너 정말 맛있어요!!,6달 전
 별표 5개 ,"한옥의 감성카페
커피 머신 없이 드립커피만 취급하는것이 신기했다
날이 따뜻하면 모닥불을 보며 불멍 때리는것도 좋을듯",6달 전
 별표 5개 ,"아늑한 분위기의 작은 한옥 카페.
커피는 물론 식혜, 디저트까지 모두 맛있었음.
마당에 있는 난로에선 고구마도 구워먹을 수 있다.
도란도란 사람들의 담소로 카페가 가득 차지만 시끄럽다거나 하는 느낌은 아니었음.
옆에 주차장도 있어 차 대기에 편하다.",7달 전
 별표 5개 ,커피맛도 좋고 운치좋고 분위기좋고 또 갈게용,8달 전
 별표 5개 ,한옥 카페,9달 전
 별표 4개 ,,9달 전
 별표 4개 ,분위기좋아여,9달 전
 별표 4개 ,,9달 전
 별표 5개 ,한적한 곳에 있지만 운치있고 좋습니다,10달 전
 별표 4개 ,"땅콩 라떼
넘 맛있어요",11달 전
 별표 2개 ,"전문 핸드드립은 아닌듯싶네요
골든링이 거의 없는거 봐서 원두도 좋지않은것 같고요",11달 전
 별표 5개 ,,11달 전
 별표 4개 ,한옥카페라서 좋음,11달 전
 별표 5개 ,"카페도 예쁘고, 음료들도 참 맛있음
대체로 달달한 맛보단 담백한 맛!
직원분들도 친절하시고 무엇보다 의자 진짜 개편함 ㅎㅎㅎ",11달 전
 별표 4개 ,"핸드드립커피를맛볼수있다.
공간이 조금 협소하다.
주차장 별도 완비.
좋다.",11달 전
 별표 4개 ,분위기좋음,11달 전
 별표 4개 ,,1년 전
 별표 4개 ,커피 맛 좋고 분위기도 괜찮음,1년 전
 별표 3개 ,,1년 전
 별표 5개 ,내부인테리어 열심히 노력햇네요,1년 전
 별표 5개 ,분위기 완벽합니다.,1년 전
 별표 5개 ,"전반적인 분위기와
카페 인테리어
직원분들 친절도 너무 완벽합니다",1년 전
 별표 5개 ,"(Google 번역 제공) 최고의 ☕ 집.
강아지와 함께

(원문)
Best ☕  house.
With dog",1년 전
 별표 5개 ,냥이와 함께 시골집에서 차마시는 기분,1년 전
 별표 5개 ,공간마다 아늑하고 아기자기한 느낌이 대화나누기 딱좋은 장소로 강추,1년 전
 별표 2개 ,산미없는 베트남 드립커피를 2년전 처음마시고 반해서 지나가는길에 종종 찾아 사마셨는데 시간이지날수록 맛이너무없어지네요...ㅠㅠ,1년 전
 별표 3개 ,"카페 음료는 무난
생각보다 실내는 좁고 외부 좌석이 많아 여름에 가기는 비추, 봄 가을은 강추!",1년 전
 별표 1개 ,"1. 입구부터 찾기 힘듦.

2. 들어가서 QR코드 찍는 곳 계속 찾는데 안내도 없이 가만히 서있음.

3. 핸드드립이라면서 비싸기만 하고 맛이 없음.

4. 앉을 자리가 거의 없음.

5. 야외 테이블은 그냥 찜통.

6. 화장실은 들어가기도 힘든 비주얼.

7. 막상 가면 너무 좁고 사진에 보이는게 전부.

8. 더워서 잠깐만 앉았다 가겠다 했는데 테이크 아웃 잔에 받았으니 안된다며 나가라고 폭염에 쫓아냄. 안 그래도 더운 시기에 내부 이용 불가한데 괜찮으시겠냐 물어만 봤어도 머그 잔에 받았을텐데 이런 문전박대는 난생 처음.

9. 직원 친절함은 바라지도 않으니 융통성 있는 분을 채용하시길.",1년 전
 별표 4개 ,,1년 전
 별표 3개 ,커피 맛잇음 분위기 좋음. 가을에 가기 딱 좋을듯,1년 전
 별표 4개 ,,1년 전
 별표 5개 ,커피좋아요👍👍👍,1년 전
 별표 5개 ,좋아용,1년 전
 별표 5개 ,,1년 전
 별표 4개 ,,1년 전
 별표 5개 ,,1년 전
 별표 5개 ,커피랑 쑥라떼가 환상적.. 디저트도 완벽,1년 전
 별표 5개 ,지나는길에 우연히 들른곳인데 화려한 한옥이 아닌 시골에 흔히 있을법한 평범하고 자그마한 한옥을 참신하게 공간 활용을 잘하여 예쁘게 커피숍으로 재탄생한곳인데 크고 화려한 한옥카페만 다녀보다 이런 공간을 접하니 시간 여행을 하는듯 이공간에 있는 동안은 넘 행복한 시간이었다. 공간..공간이 아이디어가 넘치게 훌륭했으며.. 이곳의 마스코트 고양이도 터줏대감답게 사람들 따윈 사진을 찍던 만지던 상관하지 않고 눈길조차 주지않는 도도함이 인상깊었다.,1년 전
 별표 5개 ,,1년 전
 별표 3개 ,,1년 전
 별표 4개 ,분이기 좋고 커피맛은 더 좋다~♡,1년 전
 별표 5개 ,굿굿,1년 전
 별표 5개 ,넘무 맛나요. 꼭 다시방문하고 싶어요. 장소도 아기자기하고 사진도 넘 잘나와서 좋아요,1년 전
 별표 3개 ,바글바글.,1년 전
 별표 3개 ,"커피 음료맛은....
전체적으로 분위기도 그냥저냥~",1년 전
 별표 4개 ,"찾아갔지만 자리가 없어 돌아왔어요
다시 한번 찾아 갈만한 자리인것 같아요
커피는 먹지 못해 모르겠어요",1년 전
 별표 5개 ,고즈넉한 분위기 좋아요,1년 전
 별표 4개 ,조선엔틱 까페,1년 전
 별표 5개 ,분위기도좋고 커피맛도좋아요,1년 전
 별표 5개 ,,1년 전
 별표 5개 ,분위기 귯귯~~~,1년 전
 별표 5개 ,,1년 전
 별표 5개 ,겉보고 실망할수 있지만 실내가 이뻐요,1년 전
 별표 5개 ,,1년 전
 별표 5개 ,,1년 전
 별표 5개 ,일단 커피 맛있음.,1년 전
 별표 4개 ,,1년 전
 별표 4개 ,음료에신경좀 ㅋㅋㅋ 워낙카페가이뻐서 손님들이가긴가는데ㅠㅠ 음료가 맛이없..,1년 전
 별표 5개 ,낭만있어요,1년 전
 별표 3개 ,걍 카페. 특별함?  맛? 그저 평범. 가격 보통,1년 전
 별표 5개 ,분위기가 좋은곳,1년 전
 별표 4개 ,"한옥카페 유일.. 옛날 한옥 공간을 개조하여 카페로 만든 공간. 구들장을 들어 냈어도 방이었을 작은 공간으로 보아 정말 예전 전통한옥을 개조하였음이 보인다. 주차공간? 한 10여대쯤?.. 아담하고 포근해 보이는 공간이 주는 아늑함이 좋은 공간이다.
단점은 손님들 보다 주인과 직원들간 잡담소리가 더 크다는..  머..그런 유쾌한 단점은 있었다..",1년 전
 별표 5개 ,,1년 전
 별표 4개 ,한옥카페 좋아요,1년 전
 별표 5개 ,"따뜻한 햇살 맞으며, 쉼터같은 느낌의 카페입니다.
지금 엄마세대는 어릴때 이런곳에서 사셨었다고, 이런데를 굳이 왜 찾아가냐고 하셨지만, 마루에 앉으시고는 옛날 생각난다고, 좋다고 하셨네요ㅋㅋ^^
주말보다는 여유롭게 평일에 가는게 더 좋네요
참고로, 조금 큰 고양이 있어요~",1년 전
 별표 3개 ,걍...마니작음,1년 전
 별표 5개 ,자리없음 ㅠ 테이크아웃해가여..,1년 전
 별표 4개 ,"핸드드립 전문점이라고 소개되어있고 한옥풍 카페라고해서 갔는데 외관이 생각보다 아담(?)했습니다! 한옥의 웅장함보단 아담하고 편안한 느낌! 메뉴판이 벽에 붙어있어서 보고 주문해야했고
내부가 오밀조밀해요...테이블 4테이블정도있었고 밖에 앉아서 먹을 수 잇는곳이 더 많았어요!  콜드브루라떼랑 아인슈페너(카카오) 시켰는데 콜드브루라떼 좋아해서 많이 먹으로다녔는데 제 개인적인입맛엔 맞지않았어요! 구수한 원두 선택했는데 생각보다 구수하지않았습니다..! 아인슈페너는 구수했어요 ㅎㅎ 아인슈페너 약간 중독성있는 맛이었습니다..구수한 커피+크림 조화가 중독성있는....그리고 디저트류가 오늘의 디저트로 하루에 하나의 종류만 판매하나봐요 :) 쇼콜라무슨 케이크 먹었는데 맛있었습니다 ㅎㅎ",1년 전
 별표 5개 ,,1년 전
 별표 5개 ,,1년 전
 별표 5개 ,분위기 최고임,1년 전
 별표 3개 ,,1년 전
 별표 5개 ,"다좋은데, 비쌈",1년 전
 별표 2개 ,사람이 너무많고 자리가 너무붙어있음,1년 전
 별표 5개 ,분위기가 좋으나 추울땐 비추 실내가 좁음,1년 전
 별표 5개 ,"아늑한곳 이고
무엇보다 커피가 너~무 맛있었어요",1년 전
 별표 4개 ,,1년 전
 별표 5개 ,고양이가 얌전함,1년 전
 별표 4개 ,,1년 전
 별표 5개 ,,1년 전
 별표 5개 ,,1년 전
 별표 4개 ,,1년 전
 별표 5개 ,,1년 전
 별표 4개 ,,1년 전
 별표 5개 ,핵맛.나른.분위기.여유.힐링.안산에이런곳이?,1년 전
 별표 5개 ,"길냥이를 키우는데 완전 개냥이다.
한옥 카페라서 고풍스러움이 꽤나 괜찮았고 또한 예가체프를 포함 3가지 드립커피를 갖추고 있다. 베트남 사이공 커피가 괜찮았다. 특히 화장실이 아주 깔끔하고 맘에 들었음。",1년 전
 별표 4개 ,,1년 전
 별표 4개 ,,1년 전
 별표 4개 ,,1년 전
 별표 3개 ,성향에 따라 호불호가 크게 차이날것 같아요. 주차할공간도 꽤넓고 인테리어는  신경을 많이 썼겠구나 그런 생각이 많이 드는데....자리와 라떼는 글쎄요...,1년 전
 별표 5개 ,,1년 전
 별표 4개 ,,2년 전
 별표 4개 ,,2년 전
 별표 2개 ,별루,2년 전
 별표 5개 ,,2년 전
 별표 3개 ,,2년 전
 별표 3개 ,매장이 좀 작아요,2년 전
 별표 5개 ,맛나요,2년 전
 별표 5개 ,,2년 전
 별표 5개 ,고양이가 마음에 든다,2년 전
 별표 5개 ,,2년 전
 별표 5개 ,평일에 갔더니 사람 많지않아서좋앟음 고양이 돼냥이ㅋ,2년 전
 별표 4개 ,"눈도 마음도 편해지는 곳이었어요.
커피는 좀 입에 안맞았구요",2년 전
 별표 4개 ,"시골집 툇마루에 앉아있는 느낌
시골집을 개조해서 카페로 만든듯한...
편안함을 느낄 수 있고
사진 폿이 있슴
커피맛도 연했지만 좋았슴",2년 전
 별표 4개 ,고즈넉함,2년 전
 별표 1개 ,"커피가 아주연함.
분위기좋음.(자리협소)
무맛.",2년 전
 별표 2개 ,"맛은 기대하지마시고 분위기에 가기엔 좋습니다.
아무리 드립커피라도 이렇게 보리차같은 커피는 처음이예요. 장소가협소한데 요즘감성은 좋아할것같아요.",2년 전
 별표 4개 ,,2년 전
 별표 5개 ,맛있는 드립커피와 독특한 구옥리모델링 카페가 생각지도못한곳에!!,2년 전
 별표 3개 ,"한옥이 멋있어요! 독방 자리도 있고 은근 자리가 많아요. 다인원은 합석 어렵구요..
주말에는 사람 많데요. 그리고 위치 때문인지 일찍 닫는 편. 케이크는...그냥 그렇습니다.",2년 전
 별표 4개 ,분위기가 좋아요.,2년 전
 별표 5개 ,다 좋은데 때 잘못맞추면 주차도 못함ㅎㅎ,2년 전
 별표 5개 ,이곳의 카페는 아주 운치있고 분위기가 좋은 젊은이들의 휴식 공간이라고 할수있습니다 여기서 아주 좋은 만남을 가지고푼 마음 뿐입니다,2년 전
 별표 2개 ,"블로그보면 멋있게나와서 시간내서 찾아갔는데
테이블도 부족하고 커피숍이 크지않네요.
한옥느낌의 조용히 얘기하고싶었는데 아쉽네요.
주차공간은 있어서 좋았는데 대화장소로 좀 협소하네요.",2년 전
 별표 5개 ,고풍스러우면서 낭만적인 분위기의 카페,2년 전
 별표 4개 ,시골  마당 내음,2년 전
 별표 4개 ,분위기좋고 커피맛도 굿..사진찍기 딱!,2년 전
 별표 4개 ,드립커피만 하는 곳. 오늘의 디저트는 크림스폰지케잌같은거였는데 그냥 별로. 취향이 아닌듯. 커피는 맛있게 잘 내리심. 재방문의사 있음.,2년 전
 별표 5개 ,,2년 전
 별표 4개 ,,2년 전
 별표 4개 ,좋음,2년 전
 별표 2개 ,,2년 전
 별표 3개 ,이쁜데 별로 특색없는 음료맛 돗데기시장,2년 전
 별표 4개 ,,2년 전
 별표 4개 ,아기자기함,2년 전
 별표 5개 ,"분위기 깡페 커피숍
아인슈페너 강추 원츄
오랜만에 힐링 장소",2년 전
 별표 3개 ,공간 20% 음료 10% 고양이 70%,2년 전
 별표 4개 ,"한옥느낌 편안한 카페!!!
음료도 맛있고 디저트도 맛있고
대신 날씨 좋은날은 햇볕 피하기가 힘든곳
그래도 추천",2년 전
 별표 2개 ,"핸드드립 전문점이라고 하기엔...
커피맛보다는 분위기와 사진 찍으러가는 카페",2년 전
 별표 4개 ,"비싼 가격, 적은 메뉴, 이쁜 인테리어, 한옥, 고양이 , 꽃 다 갖춘 인스타 갬성용 카페. 사진에 미친분이라면 꼭! 가야할 장소.",2년 전
 별표 3개 ,가격에 비해 맛이 특별하진 않음 주차장이 있음 야외에 거의 자리가 있고 실내는 자리 별로 없기 때문에 날이 좋지 않을 땐 안 가는 게 좋을 듯,2년 전
 별표 5개 ,"물왕저수지 가는 길에 있는 예쁜카페!
포토존도 있어서 사진 찍기 아주 좋아요~
핸드드립 전문점!
커피 맛도 좋았어요~",2년 전
 별표 3개 ,,2년 전
 별표 4개 ,분위기도 느낌있고  괜찮아요 .  주말에는 헬입니다,2년 전
 별표 5개 ,아늑하고 조용해서 좋아요,2년 전
 별표 4개 ,"생각보다 작고 실내공간이 협소한데 고양이가 너무 귀여워서 봐드립니다.
한옥카페지만 실내분위기는 세련된 레트로느낌이라 가볼만해요.
근데 뚜벅이는 절대 못 갈 위치에 있음

디저트는 매일 한종류만 판매",2년 전
 별표 2개 ,맛도 친절도 그닥 입니다 그리고 자리가 협소해요,2년 전
 별표 5개 ,쑥라떼 맛집! 분위기도 넘 좋아요,2년 전
 별표 5개 ,,2년 전
 별표 5개 ,주차 공간이 넉넉해서 좋고 사진찍기에도 좋습니다. 커피는 핸드드립으로 카페라떼는 없고 티라미수 라떼와 콜드브루 라떼 두 종류만 있고 디저는 그날 그날 달라서 직접 카페 가거나 SNS에서 확인하면 됩니다.,2년 전
 별표 4개 ,,2년 전
 별표 5개 ,너무 좋았어요,2년 전
 별표 3개 ,화장실이 협소 자리협소. 주말에 자리없음. 제대로된 자리는 5테이블. 나머진 짜투리,2년 전
 별표 4개 ,분위기가 좋습니다. 아기자기하고 직원들도 친절합니다.,2년 전
 별표 5개 ,,2년 전
 별표 5개 ,한옥으로 개조해서 만든 곳이라 아늑하고 운치있어 좋아요~^^ 커피 맛은 말하나마나~~ 굿~! 날 따뜻할 때 아기들과 다시 방문하러해요,2년 전
 별표 5개 ,커피도 맛있고 분위기도 좋아요,2년 전
 별표 5개 ,,2년 전
 별표 5개 ,카페 분위기도 좋고 맛도있어요 단점은 사람이 많아요,2년 전
 별표 5개 ,"가게 너무 색다르게 이뻐요
주차장도 있구요 (15대정도?)
가족단위로도 많이 갑니다.
색다른 음료들도 많고, 무엇보다 한옥집 분위기가 좋아요",2년 전
 별표 4개 ,,2년 전
 별표 5개 ,"커피가 쓰지 않고 정말 부드럽구요,
쑥라떼는 달지않아 부담없네요^^
예전 한옥 느낌 이라 운치있고
고양이는 나만 없네요..",2년 전
 별표 5개 ,한옥집으로분위기를잘살려서 아주좋음,2년 전
 별표 5개 ,안산에 이런 카페가,2년 전
 별표 5개 ,,2년 전
 별표 5개 ,예뻐요.,2년 전
 별표 4개 ,,2년 전
 별표 5개 ,,2년 전
 별표 4개 ,,2년 전
 별표 4개 ,운치있다. 옛집을 개조한 카페라 더 느낌있고 좋다,2년 전
 별표 5개 ,맛난커피와 고즈넉한 분위기굳👍,2년 전
 별표 5개 ,,2년 전
 별표 4개 ,,2년 전
 별표 5개 ,너무이쁘고 겨울에갓는데 따뜻해요,2년 전
 별표 5개 ,,2년 전
 별표 5개 ,고양이도 있고 인테리어 좋네요,2년 전
 별표 5개 ,예쁨,2년 전
 별표 5개 ,힛~  분위기 깡패였어요. 추울때가도될지 모른겠지만요~,2년 전
 별표 4개 ,,2년 전
 별표 5개 ,좋아요,2년 전
 별표 4개 ,"일단 먼저 화정동이라는 안산외곽에 있는 카페에요
이곳은 근처에 맛집이 많고 안정적이고 포근한 느낌에 인테리어와 옛날70~80년대에는 카페가 이런 느낌이겠구나라는 시대적 엔틱함이 뿜뿜이니다

커피는 핸드드립으로 고소하고 부드러우며
디저트는 매일 바뀌며 한가지인대 저는 젤리치즈케익과 커피한잔했는대요

인스타용 인생샷에 최적입니다

가족이 외식하시구 가셔서 별채가 따로 있으니
대화가 없다가도 대화를 할수밖에 없는 곳이며

연인이 간다면 초저녁에 물왕저수지 드라이브후에
저녁에 아늑하게 사랑이 더할수있는고 같습니다

마당에는 고양이가 개인적으로 명물이라 생각합니다^^",2년 전
 별표 5개 ,고양이기 좋아서 만점!,2년 전
 별표 3개 ,,2년 전
 별표 4개 ,좋아요,2년 전
 별표 5개 ,,2년 전
 별표 2개 ,"드립커피는 베트남 케냐 이가체프 3종 판매
커피는 먹지 못 할정돈 아니지만 절반가격도 아까운 맛.
드립커피라고 리필이 안된다는 말보다는 해당업소는 리필을 안합니다라는 말이 납득하기 쉽다고 봄",2년 전
