rating,review,duration
 별표 5개 ,,4주 전
 별표 4개 ,,1달 전
 별표 4개 ,괜춘괜춘,2달 전
 별표 5개 ,커피보단 맥주를,3달 전
 별표 4개 ,자주 오고 싶은 편한 분위기를 만들어주는곳,4달 전
 별표 5개 ,"(Google 번역 제공) 아늑한 수다방과 현지 수제 맥주로 적극 추천합니다. 6 년 전에 학생으로 여기에 있었고 여전히 사업을하고 있습니다!

(원문)
Highly recommend for a cozy hangout place and a local craft beer. Was here 6 years ago as a student and still in business!",4달 전
 별표 5개 ,조용하고 저렴하고 커피와 생맥주가 있음,4달 전
 별표 5개 ,,5달 전
 별표 5개 ,,8달 전
 별표 5개 ,"허니애플티 맛있어요
사과청 들어가서",8달 전
 별표 5개 ,"좋아하는곳이지만 자주 가진 못한다
사장님 두분은 갈때마다 한결 같으시다
과잉친절  아니지만 친절하시고
모든 주문에 언제나 최선을 다해주시고
모두 맛나지만 허브애플티는 오늘의 대박이었음",9달 전
 별표 5개 ,아늑하고 좋아요. 동네마실같은 느낌도 있고  낡은느낌들이  운치있어요,10달 전
 별표 4개 ,"우리 선희에 나왔던 곳
바이젠복-비싼데 양은 적고 맛은 보통",11달 전
 별표 3개 ,,1년 전
 별표 4개 ,편안하게 오픈공간처럼 느낄수 있습니다. 생맥주 관리도 잘되어 있어서 그런지 상큼합니다.,1년 전
 별표 5개 ,맛있고 서비스도 좋습니다,1년 전
 별표 5개 ,"(Google 번역 제공) '낮 음주 환영'이라는 표지판 때문에 여기에 갔다. 한국에서 6개 정도의 수제 맥주를 마셨고 좋았습니다.

(원문)
Went here because of a sign that says 'daytime drinking welcome'. Had like 6 or so craft beers from korea and that was nice.",1년 전
 별표 5개 ,,1년 전
 별표 5개 ,매주 맛있고 분위기짱,1년 전
 별표 5개 ,,1년 전
 별표 4개 ,,1년 전
 별표 2개 ,,1년 전
 별표 3개 ,메뉴가 별로 없는데 그 중에 라자냐는 안 팔았다ㅠㅠ 피자 샐러드 에이드 두잔에 3.8 정도 가게는 조용한 곳에 있고 인테리어 이쁨,1년 전
 별표 5개 ,"(Google 번역 제공) 기분 좋은! 맛있는 수제 맥주!

(원문)
Cozy! Delicious craft beers!",1년 전
 별표 5개 ,,1년 전
 별표 3개 ,,1년 전
 별표 5개 ,"카푸치노가 너무 맛있었어요~
딱 계동스러움 이었달까요!!좋았습니다!!",1년 전
 별표 5개 ,"자주 가는 곳! 커피도 맛있고 특히 카레피자 좋아해요~
강아지랑 같이 갈 수 있어 자주 갑니다.",1년 전
 별표 5개 ,편안한 사장님과 가벼운 수제맥주..무겁지 않아서 좋습니다. 분위기도 계동과 어울리는 자연스러운 곳.,2년 전
 별표 5개 ,페퍼로니 피자 맛있어요,2년 전
 별표 5개 ,재작년에도 갔었는데 분위기 좋고 맥주 맛잇슴니다,2년 전
 별표 4개 ,,2년 전
 별표 5개 ,아주 좋어요,2년 전
 별표 5개 ,아지트 삼고 싶은 가게.,2년 전
 별표 5개 ,맛있는 커피. 수제맥주. 피자. 분위기. 계동골목.,2년 전
 별표 3개 ,,2년 전
 별표 5개 ,"(Google 번역 제공) 좋은 서비스.

(원문)
Good service.",2년 전
 별표 5개 ,,2년 전
 별표 5개 ,,2년 전
 별표 5개 ,"(Google 번역 제공) 서울에는 좋은 바 / 카페를 찾기가 어렵습니다. 친구와 함께 앉아서 맥주를 마시기에 편안한 곳입니다 (커피 카페는 많지만). Cafe Gondry는 한동안 앉아서 음료와 간식을 먹을 수있는 훌륭하고 편안한 장소입니다. 서울 중부 북부에 위치한 아름답고 기이하며 조용한 지역 인 북촌 한옥 마을에 위치하고 있습니다. 다양한 지역 공예 맥주, 와인 몇 잔 및 다양한 종류의 알코올이 있습니다. 또한 피자, 나쵸 및 다양한 스낵 또는 가벼운 식사 음식이 있습니다. 관리자 (저도 소유자라고 생각합니다)는 매우 친숙하며 (충전기를 사용하여 휴대 전화를 충전해도) 영어를 사용합니다. 나는 당신이 집에서 익숙한 바에 더 가까운 바를 찾고 있지만 지역 풍미가있는 지역을 방문하는 미국 또는 영국 관광객에게 강력히 권장합니다.

(원문)
It is surprisingly difficult to find a good bar/cafe in Seoul, a comfortable place to sit with friends and have a beer (though there are a great many coffee cafes). The Cafe Gondry is a rare instance of a great, comfortable place to sit for a while and have a drink and perhaps some snacks. It is located in the Bukchon Hanok Village, a lovely, quaint and quiet area in the northern part of central Seoul. There is a wide selection of local craft beers, a few wines and a nice selection of alcohols. It also has pizza, nachos and a selection of snack or light meal food. The manager (I assume also owner) is extremely friendly (even let us charge our phones using his charger) and speaks English. I highly recommend it to American or British tourists visiting the area who are looking for a bar closer to the ones you are used to at home, but with a local flavor.",2년 전
 별표 5개 ,"(Google 번역 제공) 나는 여기 퓨전 한국 맥주 스타일을 좋아합니다. 특히 밤 분위기의 아늑한 인테리어가 좋았습니다. 한국 스타일의 캐주얼 펍.

(원문)
I like Fusion Korean beer style here. Cozy interior especially at the night atmosphere was good. Casual Pub as Korean style.",2년 전
 별표 5개 ,"(Google 번역 제공) Cafe Gondry의 문을 우연히 발견 한 것은 우연히 거짓말 일 것입니다. 우리가 안으로 들어온 순간 우리는 이것이 우연히 발견 한 놀라운 장소라는 것을 알았 기 때문입니다. 우리는 일주일 내내 Cass와 Hite 맥주를 마시고 있으며 한국이 제공해야 할 공예 맥주를 마실 바를 찾고 있었으며 다행히 카페 Gondry는 그 이상을 가지고있었습니다. 민트 핫 초콜릿은 맛있었습니다. 카페의 장식은 카페 주위에 흩어져있는 모든 종류의 장난감, 식물 및 따뜻한 색으로 가득 차 있습니다. 우리는 민속촌과 직원을 찾아 그 지역에있었습니다. 그는 우리에게 두 곳의지도를 보여 주면서 친절하고 참을성이있었습니다. 그는 두 번째 선택이 그날 우리가 본 것보다 더 나은 선택이라고 말했다. 남편은 또한 한국 공예 맥주 코스터를 기념품으로 가져 가고 싶어했고 신사는 행복하게 의무를 지었다. 우리가 서울을 방문 할 또 다른 기회가 있다면 우리는 Cafe Gondry에서 다시 만나러 갈 것입니다!

(원문)
Stumbling upon the doors to Cafe Gondry accidentally would be a lie, because the second we stepped inside we knew this was an amazing spot we found by chance. We have been drinking Cass and Hite beer all week and have been looking for a bar to drink some craft beer that Korea had to offer and luckily Cafe Gondry had that and more. The mint hot chocolate was delicious.The decor of the cafe feels really homey with all sorts of toys scattered around the cafe, plants, and warm colors that filled the room.We were in the area in search of the folk village and the staff there was kind and patient with us as he showed us a map of two locations. He said the second one was the better choice so that's what we saw that day.My husband also wanted to grab some Korean craft beer coasters as souvenirs and the gentleman there happily obliged. It made his trip because he likes to collect those.All in all if we ever had another chance to come visit Seoul, for sure we would be back to hang out at Cafe Gondry!",2년 전
 별표 5개 ,"(Google 번역 제공) 더운 오후에 현지에서 맛있는 수제 맥주가 많이 필요하며, 주인은 친절하고 서울 여행에 대한 좋은 팁과 도시의 예술 장면에 대한 훌륭한 관점을 제공했습니다. 북촌의 중심부에 위치. 영화 데코도 좋아했습니다.

(원문)
Local and delicious craft beer much needed on a hot afternoon, the owner is friendly and gave us nice tips for our trip in Seoul and great perspectives about the art scene in the city. Nicely located In the heart of bukchon. Loved the movie deco too.",2년 전
 별표 5개 ,"(Google 번역 제공) 좋은

(원문)
Good",2년 전
 별표 5개 ,,2년 전
 별표 5개 ,,2년 전
 별표 5개 ,엄청 친절하세요,2년 전
 별표 5개 ,좋아요! 사장님고 친절하시구 맥주도 차도 너무 맛있어요><,2년 전
 별표 5개 ,,2년 전
 별표 4개 ,,2년 전
 별표 3개 ,,2년 전
 별표 4개 ,,2년 전
 별표 4개 ,,2년 전
 별표 5개 ,"(Google 번역 제공) 훌륭한.

(원문)
Excellent.",3년 전
 별표 5개 ,,3년 전
 별표 5개 ,,3년 전
 별표 5개 ,,3년 전
 별표 4개 ,,3년 전
 별표 5개 ,,3년 전
 별표 5개 ,"(Google 번역 제공) 술 한 잔하고 먹기 좋은 곳. 아늑한 분위기. 훌륭한 직원. 한국의 고급 맥주 양조장. 북촌 맥주를 마시고 북촌에서 휴식을 취하고 싶습니까? 이것은 갈 곳입니다.

(원문)
Wonderful spot to have a drink and a bite to eat. Cozy atmosphere. Great staff. Nice selection of Korean craft brews. Want an afternoon beer or break in Bukchon area? This is the place to go",3년 전
 별표 5개 ,"(Google 번역 제공) 큰 술집. 한옥 마을에 잠시 들러 보자.

(원문)
Great pub.  Worth a drop in while in the Hanok village",3년 전
 별표 3개 ,,3년 전
 별표 5개 ,,3년 전
 별표 5개 ,,3년 전
 별표 4개 ,가볍게 한잔 하기 좋은 맥주집. 크래프트 비어를 판매하고 있습니다. 안주가 좀 아쉬운 편입니다.,3년 전
 별표 3개 ,"가볍게 맥주 한잔 하기 좋은 펍
다만 안주는 조금 아쉽다",3년 전
 별표 5개 ,"(Google 번역 제공) 서울의 ""오래된 도시""에있는 보석, 훌륭한 성격의 바, 매우 환영하며, 좋은 커피를 마시고 도시를 방문하는 동안 휴식을 취하기에 완벽한 장소입니다. Wi-Fi는 무료입니다. 6 종류의 생맥주도 있습니다. 물론 파이, 특히 치즈 케이크를 시도하십시오. 게다가 내가 알게 된 두 명의 소유자 Kevin과 Jeanie는 훌륭한 사람들입니다. 추천 !!!

(원문)
Una gemma nella ""città vecchia"" di Seul, un bar di gran carattere, molto accogliente, posto perfetto per un buon caffè e prendersi un break mentre si visita la città. Il WiFi è free. Offre anche sei tipi di birra alla spina. Da provare assolutamente le torte, in particolare la cheesecake. Inoltre i due proprietari, Kevin e Jeanie, che ho avuto modo di conoscere, sono persone meravigliose. Consigliatissimo!!!",3년 전
 별표 5개 ,,3년 전
 별표 5개 ,,4년 전
 별표 5개 ,,4년 전
 별표 5개 ,,4년 전
 별표 5개 ,영화일을 하다가 만난 부부가하는 영화같은 카페. 감독 공드리의 이름을 딴곳. 입맛 까다로운 주인덕에 맛있는커피와 맥주를 마실 수있다. 그리고 어제의카레 같은 간단한 식사도 가능. 무엇보다 날씨 좋은 날 저녁 야외 테이블에서 바람을 맞으며 맥주 한잔이 제격인곳. 곳곳에 놓인 소품들을 구경하는것도 재미있다. 취향저격 블루베리 라떼는 강추 메뉴. 단걸 좋아한다면. 수제맥주도 유명하다. 매일 생맥주 호스를 청소를 한다고  해서인지 아사히 생맥주가 유독 맛있다는 평이 있다.,4년 전
 별표 5개 ,"(Google 번역 제공) 완벽한

(원문)
Perfect",4년 전
 별표 5개 ,"(Google 번역 제공) 좋은 자리. 맥주, 커피, 음식, 모든 것이 가능하고 합리적인 가격. 다양한 국내 공예품 선택.

(원문)
Great spot. Beer, coffee, food, all available and reasonably priced. Wide selection of domestic craft on tap.",4년 전
 별표 5개 ,,4년 전
 별표 5개 ,"(Google 번역 제공) 훌륭한 서비스를 제공하는 다양한 수제 맥주. 좋은 전채와 피자.

(원문)
Great selection of craft beer with great service. Good appetizers and pizzas.",4년 전
 별표 5개 ,"(Google 번역 제공) 매우 친절한 부부가 운영하는 멋진 카페. 크래프트 맥주, 커피, 차 및 음식 제공. 재즈 음악과 멋진 그림과 장난감이 장식으로 장식되어 있습니다.

(원문)
Lovely cafe with run by a very friendly couple. Craft beers, coffees, teas and food served. Jazz music and cool pictures and toys dotted around as decorations.",4년 전
 별표 5개 ,추운날에도 더운날에도 편안히 낮맥하거나 차마시기에 진짜 좋은곳!!!~~,4년 전
 별표 5개 ,수면의과학 컨셉의 카페,4년 전
 별표 5개 ,맛있어요,4년 전
 별표 4개 ,,4년 전
 별표 5개 ,"(Google 번역 제공) 아주 좋은 맥주와 매우 친절한 직원.

(원문)
Very Good beer and very friendly staff.",4년 전
 별표 5개 ,"(Google 번역 제공) 재즈와 수 코코 ... 그리고 멋진 크래프트 맥주

(원문)
Jazzy and sooo cosy...and nice craft beer",4년 전
 별표 5개 ,"(Google 번역 제공) 위대한 보라와 완벽한 공예품 에일로 작은 카페를 깨 뜨리십시오!

(원문)
Cracking little cafe with a great vide and perfect craft ale!",4년 전
 별표 5개 ,"(Google 번역 제공) 매우 아늑한 장소, 멋진 음료

(원문)
Very cosy place , Nice beverages",5년 전
 별표 3개 ,"(Google 번역 제공) 술집과 카페로 광고되었지만 음식 옵션이 매우 제한적입니다. 그들은 적당한 맥주를 선택했지만 술 / 와인은 제한되어 있습니다.

(원문)
Advertised as a pub and cafe but they have very limited food options. They do have a decent selection of beer, but limited spirits/wine.",5년 전
 별표 4개 ,,5년 전
 별표 4개 ,과일향 있는 에일 맥주. 가볍게 한잔하기 좋습니다.,5년 전
 별표 5개 ,,5년 전
 별표 4개 ,아늑하고 맛있는 곳.,5년 전
 별표 4개 ,맥주맛 좋았음. 인테리어 무난,5년 전
 별표 4개 ,"(Google 번역 제공) 멋지고 사랑스러운 카페

(원문)
Nice and lovely cafe",6년 전
 별표 4개 ,"(Google 번역 제공) 크래프트 맥주 또는 커피 한 잔을 마시 며 멋진 분위기와 좋은 곳!

(원문)
Great ambience and good place to chill over a glass of craft beer or coffee!",6년 전
 별표 4개 ,"(Google 번역 제공) 사과 고구마 케이크를 사랑하십시오. mm 미

(원문)
Love apple sweet potato cake. Yummmy",6년 전
 별표 4개 ,"(Google 번역 제공) 한옥 마을 방문 후 방문하기 좋은 작은 카페. 커피, 다양한 공예 맥주와 맛있는 디저트 게다가. 맥주 커피를 맛보십시오!

(원문)
Excellent little cafe to visit after Hanok village visit. Besides coffee, various craft beers and delicious desserts. Try out the beer coffee!",6년 전
