rating,review,duration
 별표 4개 ,"일단 분위기가 좋습니다. 커피 로스팅을 바로 앞에서 해서 향도 좋습니다. 음악 선곡도 좋습니다.
하지만 필터커피는 미리 내려놓았다 주기 때문에 주의할 것. 향이 다 날아가고 씁쓸한 맛만 남았다.",5일 전
 별표 3개 ,"일년전 분위기맛 변한건 없지만 이상하게 일년전에 방문했을때가 더 좋았네요. 다음번에 또 갈꺼냐고 물어본다면 글쎄...요
첫 방문했을땐 정말 좋았습니다.",6일 전
 별표 5개 ,"(Google 번역 제공) 직원들도 친절하고 커피도 맛있어요!

(원문)
店員很友善、咖啡很好喝！",2주 전
 별표 4개 ,,2주 전
 별표 4개 ,을지로 힙한 카페? 커피맛좋으나 손님많음,2주 전
 별표 3개 ,,2주 전
 별표 5개 ,"분위기도 분위기지만 커피가 정말 좋네요.
커피 로스팅을 정말 잘하는 것 같아요.
향과 맛이 정말 좋아요.
너무 많이 마셔 어질 어질 ㅋㅋ",2주 전
 별표 4개 ,"(Google 번역 제공) 소박한 인테리어가 좋은 곳. 계단이 좁고 높은 동시에 우리 테이블이 있던 3층으로 올라가는 것이 조금 까다롭습니다. 음식과 음료를 휴대할 경우 주의하십시오.

(원문)
Nice place with rustic interiors. Just a bit tricky going up to the third floor where our table was as the steps are narrow and high at the same time.  Be careful if you are carrying your food and drinks.",2주 전
 별표 4개 ,좋아요 친절하십니다,3주 전
 별표 5개 ,"조선 근현대 건물이었던 혜민서터에 위치.
분위기도 근현대 분위기.
수다 떨기 좋은 곳입니다.",3주 전
 별표 5개 ,,3주 전
 별표 5개 ,,1달 전
 별표 5개 ,"(Google 번역 제공) 커피 좋아해요.

(원문)
Love the coffee...",1달 전
 별표 5개 ,"(Google 번역 제공) 좁은 공간과 삐걱 거리는 계단이 편안하다면이 카페는 훌륭합니다. 훌륭한 시음 커피.

(원문)
As long as you're comfortable with tight spaces and creaking stairs, this cafe is amazing. Great tasting coffee.",1달 전
 별표 5개 ,너무 재밌는 경험이었어요!!,1달 전
 별표 4개 ,앞쪽 건물에도 앉을 수 있어요.,1달 전
 별표 5개 ,"커피맛도 분위기도 너무 좋았던 곳
하루에 두번 방문했어요
한번은 테잌아웃으로",1달 전
 별표 4개 ,,1달 전
 별표 4개 ,"예전 모습, 이 곳을 찾기까지가 더 기분 좋아요. 음료 및 간식은 쏘쏘, 와 볼먼 해요.",1달 전
 별표 4개 ,힙지로 반드시 가봐야 하는 카페,1달 전
 별표 5개 ,"(Google 번역 제공) 우수한 커피와 과자

(원문)
Υπεροχος καφέ κ γλυκα",1달 전
 별표 5개 ,"(Google 번역 제공) 그런 기쁨. 커피와 사막은 훌륭합니다.

(원문)
Such a delight. Coffee and deserts are excellent.",1달 전
 별표 5개 ,,1달 전
 별표 2개 ,,1달 전
 별표 5개 ,,1달 전
 별표 4개 ,,1달 전
 별표 5개 ,,1달 전
 별표 5개 ,인테리어가 너무 좋고 커피와 크루아상도 맛있고 직원들이 친절하시고 추천.,1달 전
 별표 5개 ,"(Google 번역 제공) 이 커피 숍을 사랑하고 친구들과 함께 재미 있고 편안한 시간을 보냅니다.

(원문)
Love this coffee shop, we hav a fun & relaxing time here with our friends.",2달 전
 별표 5개 ,"(Google 번역 제공) 케이크 너무 맛있었어요♡ 분위기 최고!!

(원문)
Cake was so delicious ♡ great atmosphere!!",2달 전
 별표 5개 ,,2달 전
 별표 4개 ,힙하게 올드한 감성카페...,2달 전
 별표 5개 ,"옛 감성이 묻어나는 커피한약방이다. 좁은 골목에 위치한 한약방은 허준 선생님이 병자를 치료하던 혜민서 자리라고 한다. 본 건물 을지로 빌딩 1,2층과 맞은편 혜민당 캐잌과 빵집에는 1,2,3층 자리가 있다. 필터커피 가이드를 보시면서 원하는 커피를 선택하면 좋다. 독특하면서도 옛과 현대의 멋이 어우러진 커피한약방은 꼭 방문해야 하는 곳으로 추천한다.",2달 전
 별표 4개 ,"핸드 드립의 진정한 맛을
느꼈습니다
산미를 좋아 해서
예가체프 ~
굿 입니다",2달 전
 별표 3개 ,,2달 전
 별표 5개 ,신박했어요. 구한말 조선에 온듯한 기분이 느껴졌어요.,2달 전
 별표 4개 ,"레트로 감성으로 가득한 독특한 실내구조와 인테리어 때문에 유명해진 커피숍.
아마 처음 찾으시는 분은 저처럼 깜짝 놀라실 듯.
어찌 이렇게 좁은 골목에, 작은 공간에 그런 분위기의 카페를 만들었는지, 오너의 감각이 매우 돋보이는 사이트.
길 건너의 공간에 커피마실 곳과 디저트 카페도 있어 좋은 분들과 함께 들러 보시면 좋을 곳.
1,000년 넘은 송나라시대의 나무로 만든 테이블도 있고... 눈과 입이 행복해집니다~^^",2달 전
 별표 3개 ,레트로감성이 추억을 자극하는곳,2달 전
 별표 5개 ,"(Google 번역 제공) 맛있는 커피와 아주 멋진 장식이 있는 아름다운 곳입니다. 완전 추천합니다!

(원문)
It is a lovely place with delicious coffee and very nice decor. I recommend it fully!",2달 전
 별표 5개 ,"(Google 번역 제공) 2개의 건물과 4개의 층에 걸쳐 있는 정말 멋진 올드 스쿨 카페입니다. 그들은 차, 커피, 주스 및 패스트리를 다양하게 갖추고 있습니다. 내부 분위기는 1940/50년대 미국 재즈/팝 음악이 많이 연주되는 고풍스럽고 우아합니다. Wi-Fi도 꽤 강력합니다. 이 장소를 확실히 추천합니다!

(원문)
Really fabulous old school cafe that is split across two buildings and four floors. They have a great selection of tea, coffee, juice, and pastries. The interior vibe is old-timey and elegant, with a lot of 1940s/50s American jazz/pop music playing. The Wi-Fi is also quite strong. Definitely recommend this spot!",2달 전
 별표 5개 ,"구한말을 연상시키는 인테리어, LP판이 돌아가며 노래가 나오고, 핸드드립의 커피가 무척 인상적인 곳.",2달 전
 별표 5개 ,,2달 전
 별표 4개 ,,2달 전
 별표 5개 ,,2달 전
 별표 5개 ,,2달 전
 별표 5개 ,,2달 전
 별표 3개 ,전부터 회사근처라 자주 갔음. 망에 원두 넣고 직화로 수제로스팅하는거 보면 새롭기도 하고 균일한 로스팅은 수제로 힘들지 싶은데 퍼포먼스가 .. 암튼 비좁은 골목을 뚫고 가면 나오는 커피집. 이제는 유명해져서 사람이 많이 몰리고 시끄러워서 테이크아웃만 한다,3달 전
 별표 5개 ,,3달 전
 별표 5개 ,을지로왔다면 꼭 가보시길 추천,3달 전
 별표 4개 ,,3달 전
 별표 5개 ,,3달 전
 별표 5개 ,,3달 전
 별표 5개 ,,3달 전
 별표 5개 ,"작년 여름 롯데시티명동 숙박때 아는지인이 이곳을 추천해 주었는데, 그때는 여유가 없어서 가보질 못하다가 이번에 다시 이근처에 숙박하면서 찾아가 봅니다.

입구를 찾기가 힘들만큼 구석에 숨어 있습니다. 사람 한 명이 지나갈만한 벽과벽이 닿을듯한 골목길에 위치합니다. 아주 힙함이 묻어나는 스팟입니다.

두가게가 마주보며 왼쪽은 커피한약방이고 오른쪽은 혜민당이라는 이름입니다. 한약을 팔지 않고  커피만 팔고 오른쪽은 디저트를 팝니다.

인테리어는 일제시대 종로를 떠올릴법한 아우라를 풍깁니다. 주문도 커피는 커피한약방에서 디저트는 혜민당에서 따로 하고 받습니다.

좌석은 양쪽다 이용이 가능하구요. 어둠이 밀려오고 조명이 들어오니 신비스러운 분위기를 풍깁니다. 드립커피는 크게 특색은 없는 맛입니다.

이구역의 스타는 혜민당의 디저트들이군요. 생초콜릿은 플레인이 가장 맛있구요. 눈내리는마을과 시그니처인 둘세캬라멜은 무척 훌륭합니다.

둘세와 쌍벽을 이루는 설밤이 있는데, 눈내리는마을과 색이 중복되어 뺐습니다. 밤이 들어간다고 합니다. 내부가 넓지는 않습니다. 감사합니다.",3달 전
 별표 3개 ,"(Google 번역 제공) 작은 커피숍은 큰 건물로 둘러싸인 ols town 안에 위치하고 있으며 전통적인 오래된 커피 여과 시스템을 고집합니다.

(원문)
Small coffee shop is located inside ols town which is surounded big buildings and they insist with traditional old coffee filtering system.Coffee shop interior design dedicated  old fashioned Corean furniture and old objects.",3달 전
 별표 2개 ,개성있는 곳~ 커피맛은 그리 기대하지마세요~,3달 전
 별표 5개 ,,3달 전
 별표 5개 ,갈때마다 새로운 느낌이에요,3달 전
 별표 5개 ,,3달 전
 별표 4개 ,분위기와 필터커피맛🙂 자리잡기는 힘들어요~,3달 전
 별표 5개 ,,3달 전
 별표 4개 ,"핸드드립을 잘 하는듯

인테리어 느낌이 좋아 가볼만 합니다",3달 전
 별표 5개 ,,3달 전
 별표 4개 ,,3달 전
 별표 5개 ,"(Google 번역 제공) 서울에서 꼭 가봐야 할 탑 10 그래서 큰!!

(원문)
Top ten must visit in Seoul. So great!!",3달 전
 별표 5개 ,,3달 전
 별표 5개 ,"옛모습 그대로
정감있었어요
부모님  모시고 또 가고싶은곳 이여요",3달 전
 별표 4개 ,,3달 전
 별표 5개 ,"을지로의 One of HOT place인 커피한약방에 정말 오랜만에 다녀왔습니다.
예전에 청계천 100번지에 근무할 때 거의 매일 찾았던 곳인데 거리가 멀어지니 이젠 오기가 쉽지 않네요. 근처 온김에 무조건 들렸습니다.

여긴 늘, 항상 변함없습니다^^ (개인적으로 여기 제대로 즐기려면 저녁 8시 이후가 제일 좋다고 생각합니다. 30년대 경성느낌이 이렇지 않았을까 하는 쓸데없는 생각이. ㅎㅎㅎ)

조선시대 허준 선생이 진료를 하던 혜민서 자리에 만들어진 커피한약방과 혜민당은 신경 쓰지 않으면 들어가는 골목입구를 놓치기 일쑤인 곳에 마법처럼 숨어있는데, 매번 골목입구를 찾아 들어가면서 마치 Harry Porter의 9 1/2 플랫폼으로 들어가는 듯한 느낌이 납니다^^
정말이지 모든 게 즐거운 곳인데요, 내부인테리어는 물론 커피를 볶는 방법, 서빙되어 나오는 음료까지 모든 게 다른 곳에서는 쉽게 볼 수 없는 것들 뿐입니다.
어떻게 이런 곳에 이런 멋진 곳을 만들 생각을 했을까 매번 감탄하면서 즐기게 됩니다.
뻥튀기 기계 같은 걸로 커피를 볶아서 다른데서는 맛볼 수 없는 굉장히 특이한 맛의 커피를 만들어내는데 (뭐랄까요… 약간의 탄맛이 더해졌는데 그게 나쁜 느낌이 아닙니다^^) 훌륭한 맛의 콜드브루도 있고 아이스라떼는 우유를 얼음으로 써서 독특한 맛을 더합니다. 핸드드립 커피도 바리스타가 정성껏 눈앞에서 내려주는 맛이 아주 훌륭합니다.

이런 멋진 곳은 왠만하면 없어지지 않겠지만서도, 진심으로 계속 이 자리에서 이 모습 그대로 영업을 하셨으면 좋겠어요.",3달 전
 별표 5개 ,,4달 전
 별표 5개 ,"을지로의 감성 하면 여기를 오면 될것같을 정도로
좋은 곳입니다. 베이커리류도 맛있고 음료도 맛있게 먹었어요",4달 전
 별표 4개 ,,4달 전
 별표 2개 ,,4달 전
 별표 5개 ,,4달 전
 별표 5개 ,"(Google 번역 제공) 이 곳은 다른 곳입니다. 나는 최고의 커피 경험이 아니라면 내 최고의 커피 중 하나라고 이름을 붙일 것입니다. 장인 정신, 인테리어, 위치, 커피 및 기타 품목의 품질 및 전반적인 개념은 경이적입니다. 방문해야합니다.

(원문)
This place is something else. I would name it one of my best if not the best coffee experience ever. The craftmanship, interior, location, quality of the coffee and other items and the overall concept is phenomenal. Must visit.",4달 전
 별표 5개 ,,4달 전
 별표 5개 ,,4달 전
 별표 5개 ,커피 볶는 냄새가 매력적인 집입니다. 옆에 케이크를 파는 혜민당에서 케이크까지 먹으면 완벽한 커피타임 완성!,4달 전
 별표 5개 ,,4달 전
 별표 4개 ,입구 찾기 어렵고 계단이 가파르기 때문에 불편하지만 커피 맛 괜찮고 분위기 좋아요,4달 전
 별표 5개 ,골목 깊은 곳에 감성이 지배하는 카페. 심지어 커피맛도 너무 좋습니다.,4달 전
 별표 4개 ,"(Google 번역 제공) 항상 좋은 커피와 베리 음료

(원문)
Always good coffee and berry drinks",4달 전
 별표 5개 ,"생각지도 못하게 좁은 골목길 안에 위치한 카페로 이근처 직장인이나 힙지로를 즐기는 사람이라면 모르는 사람이 없을 만큼 유명한 곳.

한 사람만 오갈 수 있을 정도의 좁은 골목길 안에 펼쳐지는 카페와 디저트, 대기인파에 호그와트에 온 듯한 느낌이다.

좁은 골목 안에 [커피 한약방]과 [혜민당]이 마주보고 있으며 한약방에서 커피를, 혜민당에서 디저트를 구매한 후 둘 중 아무곳에서나 자리를 잡고 먹게 된다.

주력인 필터커피는 눈앞에서 핸드드립하는 모습을 볼 수 있으며 놀랍도록 빠르게 나온다.
맛도 준수하고 엔틱한 분위기의 잔도 재미요소.

유일한 흠이라면 너무 많이 붐빈다.",4달 전
 별표 5개 ,"(Google 번역 제공) 내가 지금까지 가본 가장 흥미롭고 정통 커피 숍 ...
우수한 사내 로스트. 장식은 모두 재구성되었으며 많은 열정과 창의성으로 이루어졌습니다. 모든 곳이 스마트합니다....그냥 가세요!

(원문)
The most interesting and authentic coffee shop that I've been to so far...
Excellent in-house roasts. The decor is all reporposed and it's done with a lot of passion and creativity.  The entire place is smart....Just go!",4달 전
 별표 4개 ,,4달 전
 별표 4개 ,,4달 전
 별표 5개 ,,4달 전
 별표 4개 ,워낙 유명한 곳이라.. 취향에 맞는 원두를 골라 핸드드립 커피를 즐길 수 있습니다. 골목안에 있어서 찾기 힘들수 있습니다.,4달 전
 별표 5개 ,,5달 전
 별표 3개 ,"레트로 감성
메뉴  가격대는 좋고 맛있네요
좌석들이 좀 불편함",5달 전
 별표 5개 ,,5달 전
 별표 5개 ,,5달 전
 별표 5개 ,,5달 전
 별표 5개 ,"을지로힙의 상징. 커피도 맛나고, 허준 선생님의 혜민서 자리라고 함. 커피 로스팅이나 블렌딩 밸런스가 잘 맞음. 예술적으로 감성있구",5달 전
 별표 5개 ,우리집에서 먼거 때문에 별이 다섯개지  마음은 별 10개입니다 또 가고 싶어요 커피도 빵도 다 맛있어요 꼭 가세요,5달 전
 별표 4개 ,,5달 전
 별표 5개 ,,5달 전
 별표 4개 ,,5달 전
 별표 5개 ,"사람이 엄청 많습니다.
하지만 건너편 건물에도 앉을 수 있어서 자리가 부족하지는 않을것 같습니다.
사진은 골목에서 왼쪽이 커피한약방입구이고, 오른쪽이 앉을 수 있는 건물입니다.",5달 전
 별표 5개 ,"골목길은 매우 출입이 힘드나, 가게 분위기나 맛은 아주 좋습니다. 커피 외 디저트도 맛있고 다양해서 가게 분위기도 더 좋게 느껴지는 것 같네요.",5달 전
 별표 3개 ,,5달 전
 별표 2개 ,빈티지하고 클래식하고 분위기는 좋으나 커피가 따라오지 못하네요. 케이크는 너무 비싸서 손을 대기 부담되네요. 분위기만 좋습니다.,5달 전
 별표 5개 ,커피 가격 좋고 맛있어요,5달 전
 별표 5개 ,레트로 분위기의 힙지로 명소 같이 운영하는 혜민당에서 쿠키를 곁들이는것도 재밌어요,5달 전
 별표 5개 ,"아주 좋아요.
필터 커피맛이 아주 독특하고 맛이 좋았어요.
아주 친절하고 베이커리도 아주 맛이 좋네요.
최고.!!",5달 전
 별표 5개 ,혜민당 옆에 위치.  디저트를 사들고 와서 커피와 함께 마시면 좋다.,5달 전
 별표 5개 ,힙지로를 대표하는 커피숍,5달 전
 별표 5개 ,색다른 경험~!@,5달 전
 별표 5개 ,커피 맛좋고 조용해요. 카운터는 복잡해도 테이크아웃 손님이 많아서 매장내는 한가.,6달 전
 별표 4개 ,,6달 전
 별표 5개 ,,6달 전
 별표 5개 ,인테리어를 뛰어넘는 커피맛!,6달 전
 별표 5개 ,,6달 전
 별표 5개 ,"아련한 과거를 느끼게 해줘서 좋았고, 커피맛 역시 좋았다.",6달 전
 별표 5개 ,경성에서 커피한잔하세요,6달 전
 별표 3개 ,구옥의   옛날감성  장소가 갑갑함,6달 전
 별표 5개 ,,6달 전
 별표 5개 ,"을지로 입구와 3가 사이 골목에 위치한 전통 한옥 양식의 카페.
을지로 1세대 카페임에도 여전히 변함없는 컨셉과 맛을 지키고 있는 나름의 전통을 만들어가는 카페. 바로 맞은편에 위치한 혜민당과 함께 독특한 인테리어를 자랑하는 을지로 대표 카페이다.
재방문 의사 매우 있음.",6달 전
 별표 5개 ,"(Google 번역 제공) 내 인생 최고의 커피. 그들이 함께 운영하는 카페 바로 옆에는 훌륭한 빵집도 있습니다.

(원문)
Best coffee I've ever had in my life. There's also a great bakery right beside the café that they run together.",6달 전
 별표 5개 ,,6달 전
 별표 4개 ,,6달 전
 별표 5개 ,,6달 전
 별표 2개 ,,6달 전
 별표 5개 ,,6달 전
 별표 5개 ,,6달 전
 별표 5개 ,"서울에서 유명한 카페 10군데 꼽으라면 들어갈 곳이죠

힙지로를 대표하는 힙한 카페입니다.

개화기 시대를 연상시키는 아늑한 인테리어가 참 좋습니다.

여기서 커피 마시고 있으면 이상이 글을 쓰고 있을 듯 한 분위기입니다.

옆에 있는 혜민당은 자매관계 같은 곳으로 양과자를 취급합니다.

커피, 빵 다 맛있네요",6달 전
 별표 5개 ,,7달 전
 별표 4개 ,,7달 전
 별표 5개 ,"직접 커피 볶고 드립해주는곳
이색적인 풍경",7달 전
 별표 4개 ,산미가 입에 확 느껴진 커피는 여기가 처음~! 정말 한약을 넣었나?????😃,7달 전
 별표 4개 ,,7달 전
 별표 5개 ,,7달 전
 별표 4개 ,,7달 전
 별표 5개 ,여기만에 느낌이 있음.데이트하기좋은곳,7달 전
 별표 5개 ,힙지로의 핫플레이스.,7달 전
 별표 3개 ,동행자마다 만족도가 높은 곳입니다. 개화기 커피숍같은 느낌입니다. 이곳이 과거 혜민서 자리입니다.,7달 전
 별표 5개 ,특별 이색 맛굿,7달 전
 별표 5개 ,분위기도 드립커피도 딱 좋았던곳,7달 전
 별표 5개 ,,7달 전
 별표 4개 ,,7달 전
 별표 2개 ,맛만 조금 있음,8달 전
 별표 5개 ,,8달 전
 별표 4개 ,,8달 전
 별표 5개 ,커피 맛이 좋은 곳 드립을 추천합니다^^,8달 전
 별표 4개 ,,8달 전
 별표 4개 ,"커피가 엄청 진합니다.
전 물 좀 섞어 먹었습니다.",8달 전
 별표 5개 ,도심의 골목 안. 을지로의 번화한 거리에서 살짝 골목으로 비집고 들어가면 만나는 정겨운 카페. 아주 오래된 골목길의 형태와 갑자기 마법처럼 수십 년을 뒤로 돌아가게 만드는 컨셉의 카페. 어떻게 알았는지 젊은이들도 꽤 찾아오는 멋진 카페에요. 쿠키와 커피도 맛있어요~,8달 전
 별표 5개 ,"서비스 좋고 맛도 괜찮습니다.
설탕 많이 안 쓰는지 단맛은 별로 없네요.
옛날 재즈 들으며 담소 나누기 좋습니다",8달 전
 별표 4개 ,인스타 사진 찍기좋아요,8달 전
 별표 4개 ,"별 다섯개에 근접합니다.
내린커피 그다지 좋아하지 않는 사람입니다만 다녀본중에는 좋습니다.
케익종류는 건너편 매장에서 사와야하는 번거로움이 있습니다.
커피맛엔 인테리어와 분위기두 큰부분이라 더좋은가봅니다.",8달 전
 별표 5개 ,,8달 전
 별표 3개 ,,8달 전
 별표 3개 ,,8달 전
 별표 4개 ,직접 핸드픽 로스팅 커피맛이 끝내줍니다,8달 전
 별표 5개 ,"이름부터 멋진 창의력 넘치는 개성있는 카페
평일점심 12시에 갔더니 텅 비어있었다.
저녁이나 주말엔 줄이 길어서 못들어가는데..

인테리어와 입구쪽 디자인이 재밌다

케냐원두로 드립 맛있었는데 콜롬비아 수프리모는 내입맛엔 별로였다.

줄서서 갈정도는 아니고 그냥 맛있는 드립 커피마시러 갈만한 카페",8달 전
 별표 5개 ,혜민서에서 양탕국 먹는느낌!!,8달 전
 별표 5개 ,"(Google 번역 제공) 이 곳을 좋아하세요. 항상 외국에서 친구들을 데려와 그들은 모두 그것을 좋아합니다

(원문)
Love this place. Always bring my friends from abroad and they all love it",8달 전
 별표 5개 ,한뷴쯤은 와야할 곳? 커피도 훌륭하고.. 기분전환에 좋음. 단 사람많은 시간은 피하길,8달 전
 별표 5개 ,분위기 맘에 들어요,9달 전
 별표 4개 ,"근대화 갬성 뿜뿜

음료는 커피한약방에서
디저트나 빵은 혜민당에서주문 가능

필터커피보다 카페라떼가 맛있었어요",9달 전
 별표 4개 ,레트로한 힙카페,9달 전
 별표 5개 ,"가게분위기좋고
커피맛은 더 좋고
한가해서 좋았지만
너~~무 한가해서 안타까웠습니다
잘 버텨주세요^^
홧팅!!!!",9달 전
 별표 4개 ,,9달 전
 별표 5개 ,,9달 전
 별표 2개 ,너무 기대를 많이 했나봐여.커피가 별로 맛이 없었어요.,9달 전
 별표 4개 ,카페 전경이 좋아요...음식맛은 ㅇㅋ,9달 전
 별표 5개 ,,9달 전
 별표 5개 ,,9달 전
 별표 5개 ,"주차 0대
골목상권 힙지로 노가리에서 3분내
커피와 브레드는 따로 구입해야함
좌석은 메트로감성
화장실은 건물 2층 남녀구분
산미가 강한 원두를 고를수있음",9달 전
 별표 5개 ,"너무 힙하고 옛스러움을 가직한 카페~
올해 갔던 커피숍중에 최고~ 핸드드립커피도 취향대로 고를 수 있어서 너무 좋고 디저트도 넘 맛있어요~
그리고 초콜릿도 넘 맛있어요~!!! 일주일만에 두번 갔음~~~~~",9달 전
 별표 5개 ,분위기 굿,9달 전
 별표 5개 ,,9달 전
 별표 5개 ,,9달 전
 별표 4개 ,,10달 전
 별표 5개 ,을지로 이남장본점을 수년째 다니고도 바로 그 옆골목에 이런 멋진 카페가 있는지 몰랐다니 진작 알지 못한 아쉬움이 크다. 개화기 초반의 모습이 이러했을까? LP음반을 통해 나오는 음악과 커피 한잔에 드라마속 주인공이 되어 몽환적인 시간의 왜곡을 느끼게 해준다.,10달 전
 별표 5개 ,,10달 전
 별표 5개 ,커피맛 좋음,10달 전
 별표 4개 ,구한말 느낌. 나쁘지 않음. 허준선생의 혜민서 자리.,10달 전
 별표 5개 ,,10달 전
 별표 5개 ,"을지로 조명 및 타일 전문 상가들이 즐비한 거리에서 지나치기 쉬운 좁다란 골목길을 따라 들어가면 허균의 옛 혜민서 자리였던 역사적인 곳에서 만나는 이색적인 카페에서 브라질, 이디오피아 및 케냐 등등 이르난 커피콩 산지의 커피향을 맛 볼수 있는 커피 전문점.
커피 맛 최고 랍니다.  마치 과거로 회귀한 옛스런 독특한 분위기 속에서 즐기는 커피 맛!",10달 전
 별표 4개 ,좋아요,10달 전
 별표 5개 ,신비한....컨셉....,10달 전
 별표 4개 ,"(Google 번역 제공) 훌륭한 커피가 있고 분위기는 정말 특별합니다. 약간 홍콩같은 느낌.

(원문)
Has a great coffee and the atmosphere is really special. Feeling a bit like Hongkong.",11달 전
 별표 5개 ,"외국인이 가기에 좋은 곳
혜민당에서 케이크 구입,
커피한약방에서 음료 구입.",11달 전
 별표 5개 ,맛있어요!!!!감사합니다,11달 전
 별표 5개 ,"열심히 네비를 켜고 찾다가 골목에서 사라지는 느낌은 힙지로에 들어온 것 같았죠.
한동안 헤매다 정말 좁은 골목 안에서 간판을 찾았네요^^
조선시대 혜민서 자리였다는 안내를 보니 왜 한약방이 붙었나 알겠고 인테리어용 소품들이 왜 약국 느낌인지도 이해되구요^^
처음 방문이라 얼결에 1층에 앉았는데 맞은편 혜민당 빵집 건물 1,2,3층을 전체 같이 사용 가능하네요. 그래서 화장실도 그 건물 2층으로 갔다 왔어요 ㅋㅋ
커피 가격도 요즘 워낙 비싼데 나름 만족스럽고 커피 맛도 좋아요^^",11달 전
 별표 3개 ,"커피 괜찮아요. 아포가토같이 직접 만든것이 아닌 아이스크림이 포함된것은 비추합니다(아이스크림이 별로여요) 해민당의 베이커리는 그냥 그렇습니다.. 분위기가 좋아서 한번은 가볼만 하지만, 요즘은 굳이 다른데도 좋은데 많으니까요..",11달 전
 별표 5개 ,,1년 전
 별표 5개 ,"명동교자 갔다가 맛있는 커피마시러...들어오는골목이 이안에 뭐가있을까싶었는데, 골목안 혜민당빵집과 1미터도 안되는 맞문으로 마주하는데 빵사와서 먹어도된다하고 빵집가서 커피갖고 가서 먹어도 된다.
분위기도 맛도 최고였다~~~",1년 전
 별표 3개 ,"- 아이스쵸코 5,000원
-카페라떼 (ICED) 4,800원

아이스초코는 빠삐코 맛입니다. 여기는 얼음을 특이하게 음료를 얼린 얼음을 올려주는 것 같아요. 그리고 디저트는 바로 앞쪽에 혜민당이라고 있는데 거기서 따로 사서 먹으면 될 것 같습니다. 골목 안에 있어서 길을 찾기가 좀 어렵습니다. 참고하세요.",1년 전
 별표 5개 ,고풍스럽고 편안한 느낌의 가배집,1년 전
 별표 5개 ,,1년 전
 별표 5개 ,맛있게 먹었어요! 2층 계단이 조금 가파르네요!,1년 전
 별표 3개 ,,1년 전
 별표 5개 ,좋네요 예쁘고,1년 전
 별표 4개 ,독특해서 좋습니다.,1년 전
 별표 5개 ,아직도 이런장소와 공간이 존재한다는것자체가 놀랍고 아름답네요,1년 전
 별표 4개 ,한약보다 더 쓴 시그니처커피,1년 전
 별표 5개 ,자개장도 있고 인테리어부터 추억돟게 하는 개성 넘치는 커피집. 커피 및 디저트류도 맛있고 분위기가 좋다. 힙지로에 어울리는 레트로? 갬성 커피집이다. 예전에 훈훈미 넘치는 바리스타님 있었는데 지금 계실지 너무 궁금하다. 가게 이름이 커피 한약방인데 한약맛은 안나니 안심해도 된다. 커피도 맛난다. 분위기도 맛난다.,1년 전
 별표 5개 ,"이런장소가 있다니;; 늦게가본것을 후회중. 커피는 둘째치고 공간의 감각이 너무 뛰어나서 흡사 홍콩온것 같은 기분이 듭니다. 전시공간의 가게를 방문한 듯한 느낌의. 그냥 돈들여 꾸민 느낌이 아닌 자신만의 감각으로 오랜시간 공간으로 꾸미고 확장해 왔다는 느낌을 받았습니다. 구석구석 마음 안쓰여 있는게 없더라구요. 모든 물건이 그러했습니다. 한번은 꼭 방문해 보세요.
아 바닐라라떼 아이스를 시켰는데 슬러시처럼 얼려 나온데는 처음이네요. ㅎㅎ 그래서 얼려진 부분때문에 싱거웠지만 아무렴 어떻나요 공간때문에 커피맛이 너무 좋게 느껴졌는걸요.
음악선곡은 좀 신경써야 할것 같았습니다. 플레이리스트가 뒤죽박죽이어서 감각적이다가도 갑자기 흔한 OST 나오고 분위기가 왓다갔다 했네요. 그것만 조금 아쉽고.... 여튼 홍콩가고 싶으면 여기 가시면 됩니다 ㅋㅋㅋ",1년 전
