rating,review,duration
 별표 4개 ,,1일 전
 별표 5개 ,"(Google 번역 제공) 좋은 서비스

(원문)
Good service",5일 전
 별표 3개 ,"뷰 맛집이라고 해서 갔는데, 굳이 여기 아니더래도 근처에 뷰 좋은 카페는 많아보여요.
유리창이 통창으로 전체 되어있었음 더 좋았을텐데 그게 아니라 생각만큼 어마어마한 뷰는 아닌거같아요",1달 전
 별표 5개 ,삼면이 바다라 탁 트인 기분이 좋았구요 내부도 화이트톤으로 인테리어되어있어서 깔끔하고 뷰랑 잘어울렸어요 그린슈페너도 맛있게 잘 먹었고 잘 쉬다가 갑니다,1달 전
 별표 5개 ,분위기 최고임,1달 전
 별표 4개 ,구읍뱃터쪽 바닷가 빌딩 4층에 자리잡은 카페인데 바다 전망이라  운치도 있고 개방감도 좋습니다.제가 갔을때는 빵 종류가 많지 않았고 음료와 빵 맛은 그냥 아는 맛입니다.,1달 전
 별표 5개 ,"전방향 오션뷰 탁트여서 좋다 아기자기
인테리어도 예쁘고 커피맛도 좋고 베이커리까지 단지 주차장이 좁아서 아쉬움",1달 전
 별표 5개 ,창으로 바다 전경 감상이 가능하고 여유있는 테이블 배치도 너무 좋아요~스콘맛집!! 너무 맛있어요~~~꼭 드세요!,2달 전
 별표 4개 ,,2달 전
 별표 5개 ,건물 4층에 있어서 전망이 좋아요. 3면이 다 바다뷰라서 어느 곳에 앉아도 바다를 감상하며 커피를 마실수있어요. 금요일 오후인데도 창가자리는 만석.. 4컷 사진찍는 기계도 있어서 함 찍어봤는데(5천원) 보정은 1도 없는 극사실주의 사진이 나와요 ㅎㅎ 어쨌든 금욜오후 바람쐬러 나간거였는데 사지도 많이 찍었고 좋은시간 보내고 왔습니다^^,2달 전
 별표 5개 ,날은 흐렸지만 카페 분위기도 좋고 옥수수스콘도 새로운 맛이라 좋았어요! 일욜 점심에갔는데도 조용하고 커피도 굿굿,3달 전
 별표 5개 ,,3달 전
 별표 4개 ,인천바다 와 인천전경이 한눈에 글어온카페임,3달 전
 별표 5개 ,"영종도 바다 보고 있기 좋은 카페입니다.
건물 내부가 주차가 가능하나,
주말의 경우 구읍배터 초입 공용주차장에 하는 것을 추천합니다.
평일은 많이 바글바글 하지 않아서 좋았어요.",3달 전
 별표 5개 ,뷰가 예뻐서 친구든 연인이든 놀러온 보람이 생깁니다. 차가 있으면 가봐야할곳?,4달 전
 별표 5개 ,뻥 뚫린 3면 바다의 뷰맛집,4달 전
 별표 4개 ,,5달 전
 별표 3개 ,,5달 전
 별표 5개 ,뷰가 아주 좋아요. 입구를 들어서면 탁 트인 바다 풍경이 마음을 시원하게 해주네요,5달 전
 별표 5개 ,"이 건물 내 뷰가 가장 좋은 카페라고 생각함
조용하고 분위기 좋음",5달 전
 별표 3개 ,,6달 전
 별표 5개 ,,6달 전
 별표 2개 ,맛과 응대가 수준미달,6달 전
 별표 4개 ,음료수는 그냥 그렇지만 넓고 뷰가 좋아서 한번정도는 가볼만해요!!,6달 전
 별표 3개 ,그냥 소소,7달 전
 별표 5개 ,뷰 지려용 주말에 밥시간 끝나고 가면 미어터짐ㅋㅋ,7달 전
 별표 5개 ,"커피 향에 취하고
바다뷰에 취했따...또 와야징했따",7달 전
 별표 5개 ,맛있고 뷰가 이뻐요,7달 전
 별표 5개 ,,7달 전
 별표 5개 ,넓고 깨끗한 내부에서 햇살 받으며 바다 전망 바라보는 여유가 좋습니다. 사람이 없던 한적한 시간에 가서 여유있게 시간을 보낼 수 있었습니다.뷰 맛집 인정합니다.,7달 전
 별표 5개 ,"인천 바다뷰가 예쁜 카페. 인천항과 영종대교, 서해대교 등 주요 건물들이 배경으로 하고있고, 여유롭게 배나 비행기 구경하기 좋았다. 인기가 생각보다 많아서 오션뷰 자리를 얻기 위해서는 한산한 시간에 가거나, 자리를 얻기 위해 많은 노력이 필요할 것 같다. 창가를 중심으로 좌석이 배치되어 있으며 좌석 간 거리는 비교적 가까웠다.
음료 가격도 합리적이었고, 브라우니를 먹어봤는데 촉촉한 느낌보단 바삭한 쿠키 느낌이었다.
신축 건물이지만 화장실은 조금 방치되어 있는 느낌이었고, 건물 1층 입구에 횟집이 많아서 조금 어수선한 느낌이었다.",8달 전
 별표 5개 ,바다가 잘보여요~ 월미도랑 인천대교 볼 수 있는데 노을이랑 반대방향이라서 노을은 못보네요.,8달 전
 별표 3개 ,,8달 전
 별표 4개 ,"오션뷰 좋으나 커피는 맛 쏘쏘(크림라떼 7500원, 밀크티 7000원), 가격 쎔.",8달 전
 별표 4개 ,1층하고 건물 밖에서는 의아했는데 올라오니 확실히 분위기가 다르더라,8달 전
 별표 5개 ,"뷰 맛집이네요♡
빵 커피는 무난합니당!",9달 전
 별표 5개 ,뷰가 넘 멋져요,9달 전
 별표 5개 ,"인천 바다뷰가 아주 시원~~~하고 안에 인테리어도 ㅇㅖ뻐요!
커피는 그냥 그렇고 ㅋㅋㅋㅋ 알바생인지 직원인지 ㅋㅋㅋㅋ CS 교육이 필요했어요",9달 전
 별표 5개 ,"뷰맛집입니당
창이 커서 답답하지않고 좋아요",9달 전
 별표 2개 ,뷰는 넘 좋으나 주차공간 협소 하며 커피는 비용 대비 별로 입니다,9달 전
 별표 5개 ,뷰가 아주~~~~좋아요,10달 전
 별표 4개 ,,10달 전
 별표 5개 ,뷰맛집이네요 !!,11달 전
 별표 5개 ,진짜 뷰맛집ㅎ 커피도 나쁘지 않고 인테리어도 깔끔,11달 전
 별표 5개 ,"일단 탁트인 창문으로 오션뷰가 끝내주는 카페입니다. 입식용 테이블과 신발벗고 올라가서 좌식으로 앉을수있는 테이블이있습니다. 간단히 먹을수있는 다양한 베이커리도 있고, 전체적으로 깔끔한 곳입니다.",11달 전
 별표 5개 ,뷰가  좋와요~~~,1년 전
 별표 5개 ,그냥 최고 최고 무조건 강추강추,1년 전
 별표 4개 ,,1년 전
 별표 5개 ,다른 모든것을 제치고 오션뷰 하나만으로도 갈 가치가 너무나 충분하다.,1년 전
 별표 4개 ,,1년 전
 별표 4개 ,사람이 좀 많아 복잡한거 빼곤 맛도좋고 분위기도좋음,1년 전
 별표 5개 ,,1년 전
 별표 5개 ,주차는 매우혼잡하고 협소함.,1년 전
 별표 5개 ,"뷰 좋음
BGM은  베이스가 강하고 음량이 너무 큼
조용한 분위긴 아님",1년 전
 별표 5개 ,잘먹구갑니다.,1년 전
 별표 5개 ,"넓고 오션뷰, 가격은 사악하지만 또 갈법한 카페",1년 전
 별표 4개 ,"오션뷰는 좋고
커피는 별로 친절도 별로..",1년 전
 별표 5개 ,돌아가는풍경에빠져드는게정말좋았어요.,1년 전
 별표 5개 ,,1년 전
 별표 5개 ,커피에 산미가 강해서 ㅠㅠ,1년 전
 별표 5개 ,,1년 전
 별표 1개 ,"주말 주차는 최악이다
영정도 레일바이크 주차장에서 걸어와야함
약 2km 도보 30분",1년 전
 별표 1개 ,별 하나,1년 전
 별표 4개 ,,1년 전
 별표 2개 ,빵은 큰기대하지말길. 주변바다뷰를 즐길수있는 장점. 그거빼곤 다른장점은 생각안남. 같은건물의 일층이 대분분 횟집이라 입구찾기가 어려움.,1년 전
 별표 5개 ,진짜ㅠㅠㅠㅠ 너무이쁘다ㅠㅠㅠㅠㅠㅠㅠ 완벽한 포토존,1년 전
 별표 4개 ,전망이 좋아요.,1년 전
 별표 5개 ,,1년 전
 별표 4개 ,"백색소음속에서 책 읽고싶을때
추천하고싶은 오션뷰 카페예요.

너무 뷰가 예뻐서 사실 커피가격에. 뷰 가격이 첨부된것이 당연한 듯 인정하게 됩니다.

진도가 안나가서 힘들었던 책을 이 카페에서 디저트와 커피로 무장하고 잘. 읽고 왔습니다.

굿뷰.
뷰맛집~!!",1년 전
 별표 4개 ,"옛날건물같은 빌딩에
엄청 시원한 통 창을 가진 반전 가득한 카페ㅋ

밀크티 강츄, 크림 진짜 부드러움!",1년 전
 별표 5개 ,,1년 전
 별표 5개 ,바다앞테라스보다 좋아요,1년 전
 별표 4개 ,,1년 전
 별표 5개 ,,1년 전
 별표 4개 ,"뷰 좋습니다
원두도 신경써서 사용하고 있습니다",1년 전
 별표 3개 ,"카페 올라가는 길은 너무 지저분해요
음료 가격이 비쌉니다
음료수 2개 1만 3000원 이상 나오는 듯해요
인테리어도 그저 그렇고
생각보다 별로였습니다
자리에 청소도 안 돼 있고
음료수에 먼지가 끼어 있습니다
그냥 건져 내고 먹었어요",1년 전
 별표 4개 ,분위기도 좋고 가게가 넓어서 사람들이 많다는 느낌이 들지 않았어요 .바다뷰..짱~~,1년 전
 별표 4개 ,,1년 전
 별표 5개 ,정말 맛있습니다!!!,1년 전
 별표 3개 ,,1년 전
 별표 5개 ,해물도 풍성히 주시고 국물이 시원합니다,1년 전
 별표 3개 ,,1년 전
 별표 4개 ,탁 트인 뷰만으로도 가볼만한 곳.,1년 전
 별표 4개 ,뷰 맛집,1년 전
 별표 5개 ,바다랑 대교가 한 눈에 보여서 경치가 좋았어요~~밀크티도 맛있고 빵도 맛있는데 커피도 맛있어요 밤에 또 한 번 가보려구요~~,1년 전
 별표 4개 ,"자리 전쟁이 심하다 하지만 이쁘고 좋았다
자리만 어찌하면 좋을거 같다",1년 전
 별표 4개 ,뷰 넘 좋은데.. 비가와서 아쉬움.. ㅜㅜ,1년 전
 별표 4개 ,,1년 전
 별표 5개 ,,1년 전
 별표 4개 ,"가격은 좀 쎄다
그래도 뷰나 맛은 괜찮은 편
사람 많음
딱 4점",1년 전
 별표 2개 ,뷰만 좋고 음료는 그닥,1년 전
 별표 5개 ,영종도 바다뷰가 다햇음,1년 전
 별표 4개 ,뷰맛집 주말에는 뷰좋은 자리 얻기 어려움,1년 전
 별표 4개 ,,1년 전
 별표 4개 ,뷰사 좋아요,1년 전
 별표 5개 ,바다뷰좋아요 심플한인테리어,1년 전
 별표 4개 ,"뷰가 좋고 라떼를 먹었는데 커피도 맛있었습니다. 베이커리류는 맛은 있어보이나 금액이 심하게 올라가있네요. 딸기케익이 8,500원, 스콘하나가 4,500원에 딸기쨈이 1,000원이라니... 자릿세려니 생각하시고 드시는게 좋을듯합니다.",1년 전
 별표 5개 ,구읍뱃터 최고의 뷰를 자랑하는 곳 입니다,1년 전
 별표 5개 ,뷰 굳,1년 전
 별표 4개 ,오션뷰가 좋음,1년 전
 별표 4개 ,빵도 뷰도 맛집이네요,1년 전
 별표 5개 ,뷰가너무예뻐요,1년 전
 별표 4개 ,바다 풍광이 멋있어요.,1년 전
 별표 2개 ,,1년 전
 별표 4개 ,,1년 전
 별표 4개 ,창문 3면이 모두 바다가 보이는 풍경이라 이쁨. 야경이 생각보다 별로임 다 바다여서 그냥 까맘. 불빛이 많지 않음. 낮에 바다로 둘러싸인 기분임. 낮에 가는거 추천!,1년 전
 별표 5개 ,"주말이라 역시 사람 많았지만 뷰도 좋고 이쁘고 디저트도 맛있었어요 직원분들도 친절하셨고 공간이 전체적으로 넓직해서 사람많아도 돌아다니기 좋았고 유모차도 가지고 들어갈수 있어 아주 좋았어요~! :)
창가자리, 특히 좌식으로 된곳은 아주 전쟁입니다ㅋㅋ",1년 전
 별표 5개 ,,1년 전
 별표 4개 ,"뷰 진짜 좋음, 사람도 많아서 자리 눈치싸움 치열함. 가격은 훌륭하지 못한데 자리값으로 생각하면 쏘쏘",1년 전
 별표 5개 ,"주말 웨이팅시 오션뷰 자리 선택하고 들어갔는데, 대기를 생각보다 안했다. 거리두기도 잘 되어있고, 딱 파랑파랑한 느낌과 바다가 보이고 인테리어도 예뻐서 사람들이 많이 방문할 것 같다.
따뜻한 햇살과 함께 아이스 아메리카노, 아이스라떼 한잔을 마셨는데 정말 시원하고 맛있었다 :D

마늘빵 먹어봤는데,  빵이 딱딱하지않고 부드러워서 집에 갈 때 가족들이랑 같이 먹으려고 두개 더 사서 갔다~",1년 전
 별표 4개 ,너무이쁜데 사람넘많아서 ㅜㅜ 담에또올래요,1년 전
 별표 5개 ,"뷰가 멋진 장소에요!! 날씨 좋은 날 까페에 앉아 사방이 탁 트인 바다를 보며 커피를 마시면 그만이죠!! 월요일은 장기 휴일이며, 항상 사람이 넘치는 곳이라 기다리는 것은 다반사입니다.",1년 전
 별표 5개 ,"맛도 뷰도 좋았음 . 다시 오고픈 곳
빵 맛도 좋았뜸.
입구 남자 직원 분이 매우 친절함",1년 전
 별표 5개 ,기다려야됨 바다뷰에서 마시는..,1년 전
 별표 3개 ,"굳이 가야할 이유는 없는듯.. 바다뷰라서 그나마 평타, 프렌치토스트는 계란물 잔뜩입혀서 엄청 흐물흐물한 식감이라 별로였다. 베이커리가격이 다른데보다 높게 책정되있다.",1년 전
 별표 4개 ,"평일임에도 불구하고 사람이 많았다😂
바다뷰 너무좋았다...🥰",1년 전
 별표 3개 ,"(Google 번역 제공) 멋진 전망이지만 커피 선택이 부족합니다. 사막은 그럭저럭 괜찮았다. 음악이 없었다면 훨씬 좋았을 것입니다.

(원문)
Great views, but lacks in coffee choices. The desert was just ok. Would have been much better without the music.",1년 전
