rating,review,duration
 별표 4개 ,"분위기로 9할 먹어주는 곳.
늘 생각하지만 냅킨 일러스트로 스티커도 있었으면 좋겠다.
잡지나 예술서적이 많고  음식 맛은 크게 기억에 남지는 않는다.
한여름엔  모기 주의!",4일 전
 별표 5개 ,"느낌이 좋은 까페
다음엔 커피 마셔보기로 ㅎㅎ",1주 전
 별표 5개 ,너무 좋은 카페,3주 전
 별표 4개 ,,3달 전
 별표 3개 ,,3달 전
 별표 4개 ,,4달 전
 별표 4개 ,"(Google 번역 제공) 좋은 곳. 나는 매실 아이스티를 즐겼다. 위치가 좋고 찾기 쉽습니다. 조용한 환경이 필요한 경우 공부하기에 좋은 곳이 아닙니다.

(원문)
Nice place. I enjoyed the plum iced tea. Location is good and easy to find.  Not a good place to study if you need a silent environment.",4달 전
 별표 4개 ,"놑북 들고 공부하러 가는 편인데, 창을 열어놔서 시원하지만 앞에서 누가 담배 피면 그대로 연기가 들어와서 이것만 빼곤 다 좋아요..
음료가 싼 편은 아니지만 친구꺼 먹어보니 커피도 괜찮고, 샹그리아, 밀크티 모두 맛있었습니다. 여유롭게 책을 읽으러 가도 좋고 공부하거나 일하는 사람들도 보여요~",5달 전
 별표 4개 ,"구한말 분위기에 힙한 노래
생맥은 쇠맛나니 먹지말길",5달 전
 별표 5개 ,"(Google 번역 제공) 좋은 분위기 좋은 커피와 음료

(원문)
Great vibe nice coffee and drinks",5달 전
 별표 5개 ,,5달 전
 별표 5개 ,,6달 전
 별표 5개 ,분위기깡패,6달 전
 별표 4개 ,,6달 전
 별표 5개 ,,7달 전
 별표 3개 ,,8달 전
 별표 4개 ,,10달 전
 별표 5개 ,"눈에 보이는 것들이 다 신기하고 재미있는 곳
커피 정성껏 내려 주셔서 더 맛있는 것 같아요:)
집이 가까우면 자주 오고싶은 곳입니당~!",10달 전
 별표 5개 ,최고 아지트,10달 전
 별표 5개 ,,10달 전
 별표 4개 ,아늑하고 집중이 잘돼요,11달 전
 별표 5개 ,,1년 전
 별표 5개 ,이 골목 자체를 이리카페 골목이라고 부를 정도,1년 전
 별표 5개 ,,1년 전
 별표 5개 ,차마시기 좋은카페,1년 전
 별표 4개 ,,1년 전
 별표 5개 ,유럽인줄 알았어용,1년 전
 별표 5개 ,,1년 전
 별표 4개 ,"편안한 분위기, 그다지 맛있지는 않은 음료. 비오는 날 흡연하기 좋은 야외 공간. 자꾸 생각나서 다시 찾게 되는 곳",1년 전
 별표 5개 ,상수에서 쵝오,1년 전
 별표 4개 ,조용한 분위기 작업하시는 분들도 많고 좋았습니다. 커피 한잔 하며 도란도란 이야기 잘 나눴습니다.,1년 전
 별표 4개 ,,1년 전
 별표 4개 ,항상 작업하러가는 작업하기좋은카페...가끔 시끄러운분들오면 그건뭐 그날은 작업시간더걸리는거지 ㅇ ㅡ ㅇ,1년 전
 별표 5개 ,"(Google 번역 제공) 멋진 맛.

(원문)
Wonderful taste.",1년 전
 별표 5개 ,"오랜만에 강쥐랑 왔는 데 변하지 않는 이 분위기 넘 좋습니다.
강쥐랑 놀러오세요~^^
뱅쇼 맛집입니다.",1년 전
 별표 4개 ,"과거로 돌아간 것 같은 느낌.
모던보이나 모던걸들이 있을 것 같은 그런 느낌의 카페.. 밖에서 보는 것 보다 카페 안으로 들어오면 또 다른 느낌 입니다. 아....카페 안 방명록을 찾아보세요.. 옛 추억에 울컥..",1년 전
 별표 5개 ,야한 만화책 많음,1년 전
 별표 5개 ,홍대 가면 다른 카페 안가여.,1년 전
 별표 4개 ,,2년 전
 별표 3개 ,당인리발전소 주변을 조용히 걷다 보면 빈티지한 골목길에 사람 많은 카페가 하나 있다. 생각보다 분위기는 조용한 편. 아이스라떼는 평범한 편.,2년 전
 별표 5개 ,"정감이 가는 가게
자주 가고 싶다",2년 전
 별표 5개 ,,2년 전
 별표 3개 ,,2년 전
 별표 5개 ,,2년 전
 별표 4개 ,,2년 전
 별표 5개 ,분위기 좋은곳 에이드도 괜찮은,2년 전
 별표 4개 ,친절하고 맛있고 독특한 분위기의 카페,2년 전
 별표 5개 ,,2년 전
 별표 4개 ,,2년 전
 별표 4개 ,,2년 전
 별표 5개 ,분위기좋음,2년 전
 별표 5개 ,,2년 전
 별표 5개 ,"(Google 번역 제공) 이 귀여운 여름 Yri

(원문)
This cute summer Yri",2년 전
 별표 3개 ,,2년 전
 별표 5개 ,"(Google 번역 제공) 아주 좋은 좋은

(원문)
Very fking nice",2년 전
 별표 5개 ,예술가의 향기가 물씩나는 특별한 북카페,2년 전
 별표 5개 ,,2년 전
 별표 4개 ,분위기좋은 카페,2년 전
 별표 3개 ,일부러 찾아가진 않을듯,2년 전
 별표 3개 ,괜춘,2년 전
 별표 5개 ,"(Google 번역 제공) 좋은 분위기, 매우 아늑한! 또한 그냥 앉아서 그림을 그리거나 일을 할 수있는 좋은 장소입니다!

(원문)
Great atmosphere, very cosy! Plus a great place to just sit and draw or do some work in!",2년 전
 별표 5개 ,,2년 전
 별표 5개 ,,2년 전
 별표 4개 ,,2년 전
 별표 4개 ,"힙하지만 늘 사람이 많음
치즈케익 맛있",2년 전
 별표 5개 ,"(Google 번역 제공) 사랑해 나는 너무 즐겼다. 고구마 라떼와 분위기. 완전한

(원문)
Loveee it. I enjoyed so much. Sweet potato latte and atmosphere. Perfect",2년 전
 별표 5개 ,"다양한 음료와 먹거리가 괜찮고, 점원의 적당한 친절함과 에너지가 있어 영감을 주는 공간",2년 전
 별표 5개 ,,2년 전
 별표 3개 ,느낌있음,2년 전
 별표 4개 ,부뉘기과넘조와요,2년 전
 별표 5개 ,,2년 전
 별표 5개 ,굳,2년 전
 별표 4개 ,,2년 전
 별표 5개 ,단골. 두고두고 단골이 될거에요.,2년 전
 별표 5개 ,,2년 전
 별표 3개 ,그냥그럼,2년 전
 별표 5개 ,"이천년대 중반, 무과수마트 지하에 있을때부터 지금까지. 나의 소중한 공간.",2년 전
 별표 2개 ,특이한듯 정돈안되서 마음이 불편한..,2년 전
 별표 4개 ,아이스아메리카노는 썻다,2년 전
 별표 4개 ,힙해요.,2년 전
 별표 5개 ,,2년 전
 별표 2개 ,"커피5000원~부담스러워요~ㅠㅠ
노트북없이갔어요~",2년 전
 별표 4개 ,하하하 사진 찍으며 단체로 많이 웃을수 있었던 단궁,2년 전
 별표 2개 ,,2년 전
 별표 2개 ,5년 전에 좋아하던 곳,2년 전
 별표 4개 ,,2년 전
 별표 4개 ,,2년 전
 별표 4개 ,분위기 좋음,2년 전
 별표 4개 ,"무난해서 자주가요. 일하시는 분들 친절하고 음료 맛있고, 집중해서 있기 좋아요. 다만 모기가 넘 많았어요ㅠㅠ",2년 전
 별표 4개 ,,2년 전
 별표 3개 ,"안에 자리가 너무 많아서 너무 정신없을까봐 걱정했는데~ 사람들도 다 조용조용하고 커피도 맛있었음!
밖에 담배피는사람들이 너무 많아 바깥자리는 엄두를 못내겠음ㅜㅜ",2년 전
 별표 3개 ,차 마시기 참 편한 곳.. 옛날 분위기...,2년 전
 별표 3개 ,,2년 전
 별표 5개 ,"(Google 번역 제공) 너무 좋아.

(원문)
So good.",2년 전
 별표 4개 ,,2년 전
 별표 5개 ,,2년 전
 별표 4개 ,,3년 전
 별표 4개 ,분위기좋음ㅇㅇ,3년 전
 별표 5개 ,,3년 전
 별표 5개 ,,3년 전
 별표 5개 ,,3년 전
 별표 5개 ,항상 가는곳 이예요 멋진곳이죠 젊음과 편안함이 있는곳,3년 전
 별표 5개 ,,3년 전
 별표 5개 ,,3년 전
 별표 5개 ,상수의 랜드마크 분위기 좋아요,3년 전
 별표 5개 ,,3년 전
 별표 5개 ,"(Google 번역 제공) 많은 공간과 좋은 회사!

(원문)
Lots of space and good company!",3년 전
 별표 5개 ,,3년 전
 별표 3개 ,,3년 전
 별표 5개 ,,3년 전
 별표 5개 ,상수역 주변 늦게까지도 친구들과 편하게 얘기할수 있는 카페.분위기도 좋아요~,3년 전
 별표 5개 ,데이트 코스로 고민 중이라면! 여길 스타트로 주변 맛집까지!,3년 전
 별표 5개 ,"따뜻하고 편안한 곳. 갖가지 소품들이 정신없이 즐비해 보이지만 그 안에서 보기좋은 하모니가 있다. 음료 맛은 평범한 편이고 기분좋게 술도 판다. 가만히, 오래 앉아있다보면 사색하기 좋고 그 특유의 조용한 분위기에 깊게 취하게 된다. 이미 상수의 오랜 명소로 유명하고 별탈없이 오랫동안 유지됐으면 하는 곳이다.",3년 전
 별표 5개 ,,3년 전
 별표 4개 ,"상수역 이리카페를 치면 나오는 찾아갈수 있는 세상이니 뜻밖에 너무 살기좋다는 생각이 들었어요. 점심먹고 비도 갑자기 쏟아져서 카페를 가보고 싶어서 간 곳이에요. 밖에서 보는 것과는 내부가 전혀 다른 곳이였어요. 일단 널직하고 앤티크한 도서관분위기. 작은 음악회나 출판기념회라도 열릴듯한 분위기였어요.일단 아메리카노와 아이스크림를 주문했어요. 커피향이 좋았구요 부드러운 맛이었어요. 천원만 추가하면 맛있는 커피를 리필해주십니다.직원분들도 친절하고 화장실도 완전 구분되어 있어서 여성분들은 이용하기에도 좋아요.남자화장실은 좁아요 그치만 위생적이였어요~~주차는 2대정도 댈수있지만 어려워요. 야외테라스에도 앉아 비오는 날 풍경도 구경할수 있어요
시간이 여유로운 날 책한권집어들어 만끽하고싶은 곳입니다",3년 전
 별표 5개 ,반려동물 동반 가능하고 작업하기 좋은데다 음료 및 메뉴도 다양하고 맛있어요. 혼자서 혹은 연인 그리고 여럿이 가도 전혀 부담없이 공부.수다 다 가능한 곳. 디자인 관련 고서적도 많고 보물섬 같은 곳. 상수동 잇플레이스입니다.강추,3년 전
 별표 5개 ,,3년 전
 별표 5개 ,,3년 전
 별표 3개 ,공간은 평범한데 분위기는 뭔가 있기는 있는거같습니다ㅎ 아마 동네빨인듯... 커피맛은 솔직히 갸우뚱해지는 정도입니다.. 가끔 기분내서 독서매니아인척 하러 가기 좋을듯~,3년 전
 별표 5개 ,,3년 전
 별표 3개 ,,3년 전
 별표 5개 ,,3년 전
 별표 3개 ,,3년 전
 별표 3개 ,일본 분위기인듯한데(바탕은 과거 일본 느낌인데 걸려있는 사진은 강점기 시절의 문학가들 사진이 꽤 있었음) 썩 막 편하진 않았음. 아마도 비흡연자에게는 입구 근처의 흡연 공간 조차도 힘들었나봄. 흡연자들은 엄청 좋아할듯,3년 전
 별표 4개 ,"(Google 번역 제공) 비오는 날에 테라스 좌석에 앉을 수있는 냉기, 엉덩이, 아늑한 곳.

(원문)
Chill, hip, cozy, good to sit out on terrace seat on the rainy day",3년 전
 별표 5개 ,,3년 전
 별표 5개 ,멋진카페입니다,3년 전
 별표 5개 ,인민혈주 recommend,3년 전
 별표 4개 ,,3년 전
 별표 5개 ,레트로,3년 전
 별표 3개 ,,3년 전
 별표 4개 ,편안하고 안락한 분위기에서 여유롭게 커피 한잔 마시며 책 한권 읽거나 하고 싶은 일 하기 좋은 분위기의 카페,3년 전
 별표 4개 ,,3년 전
 별표 5개 ,,3년 전
 별표 4개 ,커피는 그닥 맛있지 않습니다. 그렇지만 그리 시끌벅적하지 않고 운이 좋으면 저녁에 작은 공연도 구경할  수 있습니다,3년 전
 별표 4개 ,당인동의 터줏대감 까페. 상수역에 질려서 당인동 흘러왔다면 꼭 들러볼만함,3년 전
 별표 4개 ,"분위기도 너무 좋고 커피도 맛있어요.
안쪽에 창가쪽에 앉으면 오후에 좀 하수구냄새가 올라와서 문제지만 그거 빼고는 좋아요!
가면 편안한 분위기에 작업하기도 좋구요.
여직원한분은 친절하시는데 한분은 말투나 표정이 뭐 기분이 안좋은지 주문할때 그대로 전해져서 좀 불쾌하더라구요 그분한테 별로 주문하고 싶지 않다는ㅋ",3년 전
 별표 4개 ,,3년 전
 별표 5개 ,"(Google 번역 제공) 좋은 장소, 매우 친절한 웨이터. 여기에서 멋진 프랑스어 한국어 교환 Meetup을했습니다 :)

(원문)
Great place, very friendly waiters. Had some great French Korean language exchange Meetups here :)",3년 전
 별표 5개 ,여전히 그 분위기 그대로.,3년 전
 별표 4개 ,커피리필도 되고 조용한데 편하게 수다떨수있음 글구 작업하시는분들 많은듯 오래된 일본커피숍 느낌,3년 전
 별표 3개 ,홍대앞 터줏대감 카페. 오래되고 독특한 분위기. 적당한 커피맛. 부담되는 가격.,3년 전
 별표 5개 ,,3년 전
 별표 4개 ,조용하고 한적함,3년 전
 별표 4개 ,,3년 전
 별표 4개 ,,3년 전
 별표 3개 ,,3년 전
 별표 4개 ,분위기좋고 밀크티 맛있었음,3년 전
 별표 5개 ,분위기도 맛도 다 좋아요,3년 전
 별표 5개 ,,3년 전
 별표 4개 ,"넓고, 아늑한분위기",3년 전
 별표 5개 ,"편하게 앉아서 커피마시며 작업이나 수다나 이것저것 하기에 최적화 되어있다.
주차는 노상에 불법주차를 대부분 하는 것 같은데 추천하지 않고 주변에 딱히 공영주차장등이 없어서 멀리서 차를 끌고 가기엔 편하진 않다. 그 골목 모든 식당들이 그렇다.
흡연가의 경우 흡연장소도 문 바로 앞에 있어서 편해보였다.",3년 전
 별표 3개 ,조용하고 쾌적한곳 입니다,3년 전
 별표 4개 ,,3년 전
 별표 5개 ,역시 늘 편안하고 좋은 카페입니다. 전시 관람을 목적으로 방문했어요. 뱅쇼가 맛있어요.,3년 전
 별표 5개 ,,3년 전
 별표 4개 ,,3년 전
 별표 4개 ,,3년 전
 별표 5개 ,아늑한느낌이고 저렴하게 리필해줘서좋아요 ㅎㅎ,3년 전
 별표 5개 ,엔틱 분위기가 나는 비교적 차분한 감성의 카페,3년 전
 별표 4개 ,,3년 전
 별표 5개 ,,3년 전
 별표 5개 ,,3년 전
 별표 5개 ,,3년 전
 별표 3개 ,,4년 전
 별표 5개 ,,4년 전
 별표 5개 ,굉장히 유명한 카페다. 예전에 무한도전이 촬영했던 장소이기도 하다. 분위기는 참 좋은데 담배냄새가 미친듯이 난다. 지금은 좀 달라졌을지...,4년 전
 별표 5개 ,조용한 새벽에 찾을만한 카페,4년 전
 별표 5개 ,"(Google 번역 제공) 매우 아늑합니다. 좋은 가격에 좋은 음료 선택. 친구들과 만나고 채팅하기 좋은 곳.

(원문)
Very cozy.  Good selection of drinks at good prices.  Great place to meet with friends and chat.",4년 전
 별표 5개 ,,4년 전
 별표 3개 ,,4년 전
 별표 3개 ,너무 일찍 가서인지 정체성 확인 불명..,4년 전
 별표 4개 ,"유명한 카페니까. 커피 맛있고, 서비스 좋고, 와이파이 잘 되고. 분위기도 단정하고, 화장실도 내부에 있어서 좋았습니다",4년 전
 별표 4개 ,,4년 전
 별표 5개 ,,4년 전
 별표 5개 ,,4년 전
 별표 3개 ,,4년 전
 별표 3개 ,"비오는 휴일 들러서 차도 마시고 일도 좀 하고...
젊은 연인들 많이와서 얘기 나누고 있었음
커피 맛 아주 좋음
공기, 별로 않 좋음
오래된 듯한 분위기",4년 전
 별표 5개 ,,4년 전
 별표 5개 ,,4년 전
 별표 5개 ,,4년 전
 별표 5개 ,조용한 찻집같은 분위기 여서 좋아요,4년 전
 별표 3개 ,인디인디~,4년 전
 별표 3개 ,,4년 전
 별표 4개 ,개화기같은 분위기에 옛스럽고 정겨움,4년 전
 별표 4개 ,"(Google 번역 제공) 좋은 곳에서 정말 좋은 커피

(원문)
Really good coffee in a nice place",4년 전
 별표 3개 ,보통,4년 전
 별표 5개 ,명소 중의 명소,4년 전
 별표 4개 ,"(Google 번역 제공) 기분 좋은! 훌륭한 커피.

(원문)
Cozy! Great coffee.",4년 전
 별표 5개 ,분위기가 좋아요,4년 전
 별표 4개 ,빈티지한 스타일의 카페. 늦은시간까지 영업하고 조용히 책보는 사람들도 많아요,4년 전
 별표 5개 ,,4년 전
 별표 5개 ,"(Google 번역 제공) 지역 예술 행사를위한 많은 미술 서적, 잡지, 포스터 및 전단지와 함께 공부하고 독서하기에 좋은 장소. 그들은 조용한 카페 분위기 (커피와 차 음료)뿐만 아니라 조용한 느긋한 분위기에도 불구하고 와인, 맥주 및 혼합 음료를 제공합니다. 또한 클래식과 재즈에서 인디 락, 클래식 R & B, 일부 부드러운 전자 제품에 이르기까지 대부분의 서울 카페에서 발견되는 일반적인 Kpop을 피하면서 광범위한 음악을…",4년 전
 별표 5개 ,커피란,4년 전
 별표 5개 ,,4년 전
 별표 4개 ,술을 마실 수 있는 카페. 조용한 분위기에서 상수를 즐길 수 있음,4년 전
 별표 5개 ,,5년 전
 별표 5개 ,,5년 전
 별표 4개 ,오래된 책방. 커피향. 동네마실.,5년 전
 별표 5개 ,조용하고 커피도 맛있고 ♥,5년 전
