rating,review,duration
 별표 5개 ,,2일 전
 별표 4개 ,방에서 앉아서 먹는 커피맛,3주 전
 별표 5개 ,아주 만족스러운 카페입니다,1달 전
 별표 3개 ,보통,1달 전
 별표 5개 ,옛날 기와집을  살려  카페로  변신하여  운치가  좋았지만  음료 가격이  너무  비싸요,1달 전
 별표 5개 ,엄 진짜 으른입맛인 팥 러버들만 시키세용 ㅋㅋㅋㅋ 설빙생각하고 시켰는데 팥이 너무많아서 약간 너무 으른st이어서 못머것어요 ㅠㅠ;; 덜단 통팥섞인 팥이라서.. 수제같은데.. 제가ㅜ애입맛인듯 ㅜㅠ ㅋㅋㅋㅋ,2달 전
 별표 5개 ,오래된 한옥에서 운치있는 시간을 보내실 수 있었습니다~ 음료가 전반적으로 맛있어요!,2달 전
 별표 4개 ,,2달 전
 별표 5개 ,,2달 전
 별표 4개 ,,3달 전
 별표 5개 ,커피도 맛있고  한옥이 정말 운치있고  좋았어요,3달 전
 별표 5개 ,"주차장 있음, 가래떡구이 먹자 와플기계에 구운 바삭바삭 쫀득한 가래떡구이는 커피시럽과 꿀을 찍어먹는다",4달 전
 별표 2개 ,밖에서 보는것이 정감있고그러는데 막상안에서 보는것은 너무 볶잡하고 별루였어요,5달 전
 별표 5개 ,"좋아요~~
주차는 조금 불편했어요",5달 전
 별표 4개 ,,5달 전
 별표 4개 ,도심속 아담하고 예쁜 기와 커피숍.,6달 전
 별표 5개 ,,6달 전
 별표 5개 ,,6달 전
 별표 3개 ,ㅋ,6달 전
 별표 4개 ,,7달 전
 별표 5개 ,"분위기 쵝오
한옥컨셉 ㅋㅋㅋ
조용하고 빵이 맛나요",7달 전
 별표 5개 ,연인과 함께라면 좋은 카페~~^^,7달 전
 별표 5개 ,분위기가 좋아요,7달 전
 별표 5개 ,"녹차크림라떼가 리얼 존맛탱
여기 크림 너무 맛있어요",8달 전
 별표 4개 ,분위기 좋고 이뻐요,8달 전
 별표 3개 ,인천에서 보기힘든 커피숍. 추천합니다.,8달 전
 별표 5개 ,"울 딸과아들이랑 저녁먹고 두번째방문!
커피는 나의취향저격
스콘 티라미수  등등
진짜맛있었음!",8달 전
 별표 4개 ,"레트로 카페가 그렇듯이 과거와 현재과 공존하는 느낌있는 곳.
카푸치노가 안되서 0.5별 감점, 11시 부터 오픈이라 0.5별 감점.",8달 전
 별표 4개 ,분위기 좋은 한옥카페입니다. 주차가 4~5대정도 가능한것 같습니다,9달 전
 별표 5개 ,돌체라떼가 맛있어요!,9달 전
 별표 5개 ,소담스러운 곳입니다..꽤 괜찮은 곳..,9달 전
 별표 5개 ,,9달 전
 별표 4개 ,멋자인테리어에서 따뜻한 햇빛받으며담소 굿,10달 전
 별표 5개 ,,10달 전
 별표 5개 ,,10달 전
 별표 3개 ,,10달 전
 별표 5개 ,,10달 전
 별표 3개 ,고즈넉한 분위기,10달 전
 별표 5개 ,,10달 전
 별표 5개 ,평일날가서 사진도찍고힐링했네요,11달 전
 별표 5개 ,"다체로운 공간 재미있는곳
커피가 맛있습니다",11달 전
 별표 1개 ,,11달 전
 별표 5개 ,,1년 전
 별표 5개 ,사랑방 같은 옛날집 처럼 꾸민 까페~ 깨끗하고 분위기 좋아요. 연인과 한번쯤 오면 좋은 곳,1년 전
 별표 5개 ,한옥카페 예쁘고 디저트 맛있어요,1년 전
 별표 5개 ,"조용하고 뷰도 괜찮고 커피맛도
좋아요 👍",1년 전
 별표 4개 ,빵종류 너무 적어요 커피 맛있어요~~,1년 전
 별표 5개 ,카페가 너무 멋스럽고 사진 찍기 좋아요~빵도 맛있고 커피도 괜찮았어요~가격은 좀 쏘쏘~,1년 전
 별표 5개 ,"한옥 이라는 공간이 주는 여유가 있습니다.
음료에서 디저트까지 자기 스타일을 가진 카페입니다. 한옥의 특성을 고려해 좌식 좌석이 많아 의자가 편하신 분들은 의자 좌석이 상대적으로 많지 않다는 점을 고려해야 합니다. 주차장도 넉넉합니다.
개인적으로 흑임자라떼가 맛있네요.",1년 전
 별표 5개 ,한옥 느낌의 좌식 가능,1년 전
 별표 5개 ,"카페도 분위기있고 너무 이뻐요
바스크치즈케익 너무너무 맛있어요",1년 전
 별표 4개 ,,1년 전
 별표 5개 ,,1년 전
 별표 5개 ,"아담한 한옥까페예요
깔끔하고 조용하니 넘 좋아요",1년 전
 별표 4개 ,,1년 전
 별표 5개 ,,1년 전
 별표 5개 ,평일낮 비오는날의 운치를 느끼기에 안성맞춤!,1년 전
 별표 5개 ,,1년 전
 별표 3개 ,,1년 전
 별표 5개 ,,1년 전
 별표 5개 ,,1년 전
 별표 4개 ,,1년 전
 별표 4개 ,분위기 좋구요 커피도 맛나요 추천합니다,1년 전
 별표 4개 ,,1년 전
 별표 5개 ,한옥 커피숍,1년 전
 별표 2개 ,화장실 개선이 시급,1년 전
 별표 5개 ,,1년 전
 별표 5개 ,,1년 전
 별표 5개 ,,1년 전
 별표 5개 ,사장님 친절하심,1년 전
 별표 4개 ,,1년 전
 별표 5개 ,색다른 까페였습니다,1년 전
 별표 5개 ,,1년 전
 별표 5개 ,꾸덕한 치즈케잌이 맛있는곳,1년 전
 별표 4개 ,"한옥카페,이색적이고 커피맛 좋아요,팥빙수도 추천",1년 전
 별표 3개 ,"자주가긴하는데 커피맛은 쏘쏘
실내가 항상 붐벼서 자리잡기가 힝듬

오미자차는 양적고 밍밍함",1년 전
 별표 5개 ,,1년 전
 별표 4개 ,"차분하고 고전미가 넘친다
초가를 커피샵으로 변신 축음기가 이쁘다",1년 전
 별표 2개 ,"한옥카페 분위기에 끌려 들어간 곳
글쎄 음!  일반카페보다는 분위기 있지만
특이하거나 그러진 않은 자주 가고싶은곳은 아니네요",1년 전
 별표 5개 ,"이런곳에 한옥이??
커피.베이커리.분위기.맛  베리굿ㅋㅋㅋ
포토존엔 삼각대도 있어서ㅋㅋㅋㅋㅋ사진찍기도 굿굿",1년 전
 별표 5개 ,,1년 전
 별표 5개 ,"공간이 예쁘고, 음료도 맛있어요~",1년 전
 별표 4개 ,분위기있는 한옥 카페~,1년 전
 별표 5개 ,흑임자라떼 정말 맛나요,1년 전
 별표 2개 ,"가격사악하며 맛도그닥.
인테리어만이쁨.
현금결제도안됨",1년 전
 별표 5개 ,,1년 전
 별표 3개 ,생각보다 작았지만 맛은 좋아요,1년 전
 별표 4개 ,,1년 전
 별표 5개 ,"디저트는 비싸지만 맛있고, 분위기 좋아요. 한옥이 오래되었는데 보존이 잘 되었어요.",1년 전
 별표 5개 ,,1년 전
 별표 4개 ,,1년 전
 별표 4개 ,한옥카페,1년 전
 별표 5개 ,,1년 전
 별표 5개 ,,1년 전
 별표 5개 ,,1년 전
 별표 5개 ,"공간이편안하고 좋음
분위기. 음악. 인테리어 모두 만족
커피도 나이스. 디저트도 굿.",1년 전
 별표 3개 ,약간 비싸네요 ~~~,1년 전
 별표 3개 ,,1년 전
 별표 3개 ,,1년 전
 별표 5개 ,색다른 이생풍경과 옛멋의 조화,1년 전
 별표 5개 ,,1년 전
 별표 3개 ,"주차공간이 많지않다!!
화장실은 하나더?있던지..
남녀따로있었으면 좋으련만,...
크로플은 달지않고 맛나요",1년 전
 별표 4개 ,"어릴때 살던집에서 소꿉놀이하던기분으로 커피타임힐링
비오는날 명당자리",1년 전
 별표 5개 ,,1년 전
 별표 5개 ,"비오는주말~
한옥을개조한 느낌있는 공간~
커피와 와플도 맛있었음
주차도우미도 있고 주차도 편리한편",1년 전
 별표 4개 ,기존 한옥구조에 모던한 실내로 분위기 잘 조성했네요,1년 전
 별표 2개 ,"작년에 와 보고, 다시 왔는데..
커피값. 양이 너무 하네요.
인스타 감성에 헐 웃고 갑니다.
동네에도 예쁘고 좋은 까페 많아요.
이제 동네 근처 카페로 갈께요.
허울뿐ㅡ.ㅡ;;;;; 빚좋은 개살구",1년 전
 별표 5개 ,"차한잔마시면서 가족모임하기
좋아요",1년 전
 별표 5개 ,좋음,1년 전
 별표 1개 ,"비오는날엔 커피한잔및사진을 찍을수있는분위기가좋은 장소라고 생각합니다, 다시생각 나고 커피한잔 먹고싶은날입니다",1년 전
 별표 5개 ,,1년 전
 별표 5개 ,,1년 전
 별표 4개 ,한옥 분위기. 주말에 젊은 손님 많았음. 가게 내부에 작은 포토존있음(벤치),1년 전
 별표 5개 ,"햇볕이 좋은 한옥카페.
아메리카노는 산미원두와 고소한 원두 선택이 가능하고 연한 커피였어요. 다음에 가면 진하게 요청해야 할거 같아요. 초코롤케익은 달지 않아 좋았어요.
낮에도 사람이 많아 툇마루에 앉아 커피타임 가졌는데요. 더 좋았어요.^^",1년 전
 별표 3개 ,공사중이라 좀 시끄러워요ㅠㅠ,1년 전
 별표 4개 ,이쁘고 좋아요,1년 전
 별표 5개 ,분위기도 커피 맛도 굿굿,1년 전
 별표 5개 ,조아,1년 전
 별표 4개 ,,1년 전
 별표 5개 ,,1년 전
 별표 4개 ,,1년 전
 별표 5개 ,,1년 전
 별표 5개 ,,1년 전
 별표 2개 ,"카페의 분위기는 나무랄데 없이 좋습니다. 다만, 사람이 몰리는 주말, 공휴일에는 좌석이 없어서 쪽마루나 창틀까지 자리는 내어서 앉을 정도로 좁은 공간에 사람이 북적입니다. 전통차류의 맛은 갈피를 잡을 수 없는 맛입니다. 재료 특유의 향이나 맛은 찾을 수 없고, 그저 꿀인지, 설탕인지 단맛으로 모든 맛을 커버하려고 합니다.",1년 전
 별표 4개 ,"카페 인테리어가 예쁘고 한옥사이 공간도 유리로 덮여 온실화되어있으나 어느정도 틈이있어 온도가 실내같지않고 추운편.. 한 공간에 좌식,입식 테이블이 있어 붐빌땐 정신이 없을수있다.
인스타갬성 충만하고 깨알 고무신도 체험겸, 화장실갈때 신기편안함ㅋ
주차공간이 10대이상정도? 카페규모대비 넉넉한편이지만 다른 주변 주차공간이없어 사람이 많을땐 곤란할수도 있다.
원두 2종류로 선택가능, 커피 맛도 신선하고 깔끔하고 맛있다. 일반커피값보다는 다소 비싸고, 특히 디저트류가 저렴하진않지만 전반적으로 맛있다고함.
** 실내는 히터로 훈훈하지만 온돌이 안되어 발이 차디차다는점이 매우 아쉽고 의외였다!",1년 전
 별표 4개 ,차분하고 편안한 분위기,1년 전
 별표 5개 ,"맛있고, 분위기좋고
편안하게 있을수 있었어요~",1년 전
 별표 5개 ,외관도 이쁘고 맛도 좋아요,1년 전
 별표 1개 ,,1년 전
 별표 5개 ,"아담하고 정갈한 한옥느낌을 잘 살린 분위기 좋은 카페예요.
크로플도 맛있어요~",1년 전
 별표 4개 ,,1년 전
 별표 5개 ,,1년 전
 별표 5개 ,굿,1년 전
 별표 4개 ,,1년 전
 별표 5개 ,대추생강차 달고 아릿하게 맵고 맛있어요,1년 전
 별표 4개 ,원래강정을 하는브랜드라고 하던데  커피돚맛나고 분위기도 좋더라구요.,1년 전
 별표 5개 ,"인천시 서구의 주요 명소를 리모델링하여 까페로 재구성한거 같습니다.
깔끔한 분위기와 음료를 즐기기에 좋습니다.",1년 전
 별표 5개 ,운치있는 분위기를 즐길수있는 공간입니다,1년 전
 별표 5개 ,,1년 전
 별표 5개 ,,1년 전
 별표 3개 ,,1년 전
 별표 4개 ,,1년 전
 별표 4개 ,정겨워서좋아요,1년 전
 별표 5개 ,구~~~우~~~웃,1년 전
 별표 3개 ,분위기는 좋으나ᆢ 가격이 너~무 비싸다. 자몽에이드 한잔이 거의 7000원인데ᆢ수제청으로 실하게 나오면 아깝지 않을텐데ᆢ자몽사이다맛? 아쉬운부분이다. 주차는 비교적 쉽고 케익은 맛나다. 물론 가격은 좀 쎄고ᆢ이것저것 셋이 주문하니 밥값이네ㅎ,1년 전
 별표 4개 ,,1년 전
 별표 5개 ,한옥집에 아담한 커피집ㆍ뜰안에 우물이 있는데 오랜 한옥집 향기가 물씬 ㆍ어렸을때 우리집 수동식뻠프가 생각이나 정겨운 곳,1년 전
 별표 5개 ,,1년 전
 별표 5개 ,"친구랑 가끔가는 오담커피.
한옥개조한 곳에서 커피마시는기분 색다르다니깐요.ㅎㅎ
사람이 많아 쬐금 그랬지만 그래도 맛난 흑임자커피랑 와플 짱이예요.와플이 넘 고급지고 맛나요.
가격이 좀 비싸지만 그래도 힐링장소로 굳이예요.",1년 전
 별표 4개 ,고택느낌은 없고 현대식 한옥카페같음,1년 전
 별표 5개 ,커피도 맛있고 예뻐요,1년 전
 별표 5개 ,한옥분위기가 좋아요^^,1년 전
 별표 5개 ,분위기도 좋고 맛도 좋아요,2년 전
 별표 5개 ,크로플 맛있어요!,2년 전
 별표 5개 ,"한옥카페라 느낌있고 음료랑 크로플도 맛있어요:) 좌식 자리만 있는 줄 알았는데 의자-테이블석도 여러 개 있고, 그 자리에는 충전기도 충분히 있어서 노트북작업하기도 좋네요!
평일엔 주차 공간도 넉넉하고 사람도 많지 않아서 여유롭고 좋아요~",2년 전
 별표 5개 ,한옥의 정취와 함께 아름다운이 함께,2년 전
 별표 5개 ,,2년 전
 별표 5개 ,,2년 전
 별표 5개 ,고풍스런 한옥의 멋을 충분히 느낄수 있는 아름다운 곳이에요. 커피도 베이커리도 굿~**,2년 전
 별표 4개 ,,2년 전
 별표 4개 ,"(Google 번역 제공) 좋은!

(원문)
Good!",2년 전
 별표 5개 ,"(Google 번역 제공) 커피와 디저트는 좋지만 내부가 그렇게 넓지는 않습니다.

(원문)
Coffee and desserts are good, but not so spacious inside.",2년 전
 별표 3개 ,귀엽고 커피도 맛있다. 그날의 픽은 아인슈페너!! 적당히 달고 만족스러웃다 . 거기 손님때문에 괜히 기분 안좋으서 사진을 재대로 못찍거 나왔다 ㅠㅠ아슂 가좌동에 생겨서 넘 조탕,2년 전
 별표 4개 ,도시 속의 한옥카페 ~좋네요,2년 전
 별표 3개 ,,2년 전
 별표 4개 ,"분위기도 좋고 음료도 맛있어요 직원분도 친절해요~
아쉬운건 디저트요 기대한 맛은 아니였어요..^^",2년 전
 별표 4개 ,한옥을 개조한덕에 옛분위기가 나서 좋아요 커피맛도 좋았어요 사람이 너무 많아서 시끄러울 수 있어요,2년 전
 별표 3개 ,,2년 전
 별표 4개 ,,2년 전
 별표 5개 ,인테리어 멋짐 맛보단 분위기좋음 가게은 작음,2년 전
 별표 4개 ,조금촙은것빼면 너무편안하네요,2년 전
 별표 4개 ,수플레 맛있어요 옆테이블이랑 간격이 너무 가깝긴 합니다!,2년 전
 별표 4개 ,한옥분위기가 좋습니다. 디저트는 살짝 부실한것같은 느낌,2년 전
 별표 4개 ,,2년 전
 별표 5개 ,,2년 전
 별표 4개 ,좋은 사람들과 편히 담소를 나누기 좋은 곳이더군요. 디저트 가격이 만만찮은것만 빼면 전체적으로 분위기도 좋고 괜찮은 곳이네요,2년 전
 별표 4개 ,"한옥카페의 아늑함이 잘 살아있고, 디저트류 맛있다.",2년 전
 별표 5개 ,커피뿐만 아니라 전통차마실수있어 좋음,2년 전
 별표 5개 ,,2년 전
 별표 4개 ,"동네 데이트코스에 추가
약간부담스러운가격은덤으로",2년 전
 별표 3개 ,사람 실내가 오히려 더 더워서 후다다닥 커피 마시고  나왔습니다.,2년 전
 별표 3개 ,"주차는 앞에 할수있고 한옥분위기인데 의자와 테이블  간격이 그렇게 여유롭지않아요
사람들이 많아서 조용한 분위기는 아녔고 커피맛은 쏘쏘입니다",2년 전
 별표 5개 ,,2년 전
 별표 4개 ,,2년 전
 별표 4개 ,,2년 전
 별표 5개 ,,2년 전
 별표 4개 ,괜찮음~~.책도 읽을수 있구 조용하네요,2년 전
 별표 4개 ,,2년 전
 별표 5개 ,교외로 나와 있는 기분이 들만큼 분위기가 좋아요. 음료 가격이 조금 높지만 충분히 값어치 합니다.,2년 전
