rating,review,duration
 별표 3개 ,한번 만가세요,2일 전
 별표 3개 ,,3일 전
 별표 5개 ,"사진찍기 좋은 카페입니다
강아지도 함께 들어갈 수 있고, 음료도 맛있어요. 앞에 바다도 있습니다.  그런데 카페에 커피가 많아서 아이들이 마실만 한 음료가 별로 없어요",4일 전
 별표 4개 ,서해쪽에가면 가봐야할 카페,4일 전
 별표 5개 ,사진찍기 아주 좋습니다.  다만 사람이 많아 조금 불편해요 ㅎ,4일 전
 별표 4개 ,,5일 전
 별표 5개 ,,1주 전
 별표 4개 ,"포토존 완전 잔뜩! 뻘멍 하기 좋아요
브레이크타임 있고 음료 맛은 무난무난",1주 전
 별표 5개 ,,1주 전
 별표 5개 ,간단하게 커피와 사진찍기 좋아요!,1주 전
 별표 5개 ,"살짝외국느낌도나고 모히또맛있어요
날씨좋은날 가면 후회는안할듯",2주 전
 별표 3개 ,시간대 잘 맞아야 함 사람이 엄청 많아요 아이들이 뻘앞에서 놀기 좋아요 커피는 쏘쏘,2주 전
 별표 5개 ,,2주 전
 별표 3개 ,,2주 전
 별표 4개 ,"(Google 번역 제공) 분위기가 너무 좋은 카페에요~ 여기가 좋아요~ 포토앵글도 많아요 케익도 너무 맛있어요 🍮🍰☕️🧋🍹

(원문)
เป็นคาเฟ่ที่บรรยากาศดีมากๆค่ะ ฉันชอบที่นี้ มุมถ่ายรูปเยอะมาก ขนมเค้กก็อร่อยมาก🍮🍰☕️🧋🍹",2주 전
 별표 4개 ,낙조 감상하기에 좋은 곳,2주 전
 별표 4개 ,,2주 전
 별표 4개 ,주차가 여유로워서 사람이 몰려도 괜찮네요!,3주 전
 별표 5개 ,"명소~  이국적  분위기에요
좋은사람들과 함께 하면 완전짱 좋아 요ᆢ
영흥도  대부도 ᆢ  국사봉ㆍ육섬",3주 전
 별표 5개 ,사진 찍기도 좋고 동남아를 옮겨놓은 느낌!!,3주 전
 별표 4개 ,,3주 전
 별표 4개 ,,3주 전
 별표 5개 ,,3주 전
 별표 5개 ,,3주 전
 별표 5개 ,해변가에 카페가 있어 지중해 시골도시에 온 느낌입니다.   추천합니다.,3주 전
 별표 5개 ,,3주 전
 별표 2개 ,"예전에 바다향기 펜션.
중년여자 좋아하고, 젊ㅁㅁㅁㅁㅁㅁㅁㅁㅁㅁㅁㅁ은이들은???",3주 전
 별표 5개 ,"이색, 이국적인 분위기의 카페입니다.
이곳저곳이 전부 포토존일 정도로 느낌있는 사진을 찍을수 있습니다.
디저트는 매우 특별하지 않으나 먹기는 부담스럽지 않고, 음료는 적당합니다.
먹는것보다 분위기와 뷰에 취하기 위해 방문하는 곳이랍니다.^^
전용 유료주차장을 갖추고있어 방문객이 많아도 주차는 어렵지않았습니다.",3주 전
 별표 4개 ,"커피맛은 대형카페들 대부분 그러하듯 쏘쏘함
원두를 아무거나 쓰는듯한 이도저도 아닌맛
선재도 뻘 꼬는 바다를 뷰로 마시는 커피의 맛은 원두와상관없는 맛이되어버림.  건물방향이 완전히 서쪽이 아니라 완벽한 노을은 보기힘들거 같아보인다",3주 전
 별표 4개 ,아메리카노 6천원! 맛은 쏘쏘. 대신 잘 꾸며놨어요. 이국적으로,3주 전
 별표 5개 ,"이국적 감성이 충만합니다.
쿠바의 해변이 연상되고, 음악도 쿠바스럽습니다.
힐링하고 왔어요!",4주 전
 별표 5개 ,9월 일몰 뷰 맛집,4주 전
 별표 5개 ,"바다뷰 뻘뷰ㅋ
물때에 따라 뷰가 달라요
물이 빠질땐 아이들과 갯벌도 나가서 소라게나 조개도 볼수 있어요",4주 전
 별표 4개 ,딱 동남아 네요,1달 전
 별표 5개 ,"잘 만들었네요.
재 방문하고싶네요.",1달 전
 별표 4개 ,,1달 전
 별표 4개 ,뷰가 모든걸 다해주는곳,1달 전
 별표 3개 ,,1달 전
 별표 5개 ,,1달 전
 별표 4개 ,"외부 음식 싸들고 가서 먹고 와도 모를 만큼
사람이 많아요.
다방 앞에 뻘에선 꽃게 잡기 체험도 가능 하고...
다만 점심 브레이크 타임이 있고, 주차비가 2시간 무료라 오래있을때 생각해보셔야할듯",1달 전
 별표 5개 ,"뷰는 정말 좋아요
포토존도 잘 되어 있고 노키즈존도 있어요
사람이 엄청 많아요",1달 전
 별표 5개 ,사람 많은가 빼고 좋음 이국적. 커피보단 레모에이드.망고슬러시추천. 일주일사이 2번방문 했는데도 좋았음.,1달 전
 별표 5개 ,좋은 추억남겼어요,1달 전
 별표 5개 ,,1달 전
 별표 4개 ,View 가 좋아요.,1달 전
 별표 5개 ,"바닷가도 좋고 분위기도 좋고....음료수 구입시 2시간 주차무료...
모히또. 망고. 자몽...",1달 전
 별표 5개 ,"커피마시다 해변에 나가 놀수도 있음
해변에 앉아 바다멍하기 딱좋은 까페",1달 전
 별표 4개 ,,1달 전
 별표 5개 ,사람이 너무많아 그냥 가려다 방문해봤는데 좋습니다 사람 많은거 빼면 다 좋네요,1달 전
 별표 5개 ,다시 가보고 싶을 만큼 멋진 풍경과 인테리어가 돋보이는 카페입니다.,1달 전
 별표 5개 ,"뻘 바닷가가 있고 사진 스팟을 잘꾸며놔서 마치 열대지방 놀러온 느낌을 낼 수 있어요. 하와이안 셔츠입고 가서 사진 많이 찍으세요. 커피랑 빵도 팔아요.
근처 주차장도 있으니 결제하고 주차권 받아가세요.
2시간 무료",1달 전
 별표 4개 ,사진 명소로 추천. 하지만 커피등 음료가 너무 비싸요 ㅠㅠ.,1달 전
 별표 5개 ,"분위기사세요
비싸요 좋긴해요",1달 전
 별표 5개 ,"커피 맛있어요~^^
망고주스는 리얼 망고맛이네요",1달 전
 별표 5개 ,,1달 전
 별표 4개 ,"쿠바 컨셉의 카페라고 해서 들렀는데 확실히 바다와 잘 어울리는 카페라고 생각해요.
솔직히 요즘 카페는 사진찍으러 가는 곳 이라고 생각해서 갔는데 사진은 한 30장? 정도 찍은거 같아요.",1달 전
 별표 4개 ,,1달 전
 별표 5개 ,"오~~ 여긴 대박입니다. 가족과 여인과 가기 좋은곳이고 주차장도 널널하고, 친절과 메뉴도 고급수준입니다
정말 넓고 테마도 많아요",1달 전
 별표 5개 ,분위기가 좋아보여서 방문했는데 동남아 해변에 온 기분이 드네요. 와이프와 딸이 너무 좋아했습니다~,1달 전
 별표 4개 ,"분위기가 좋은데 사람이 많아요
현재는 비싸고 사람 많아서 안가요.",1달 전
 별표 4개 ,음료는 그냥 그랬지만 드라이브로 잠깐 분위기내기 정말 좋았다,1달 전
 별표 4개 ,아이랑 함께 가기 좋은 곳,1달 전
 별표 5개 ,"왜 많이 찾는지 알겠음.
바다뷰가 너무 멋있음!
주차장도 꽤 넓었음( 계산시 주차권 받아야함!)",1달 전
 별표 4개 ,,1달 전
 별표 3개 ,,1달 전
 별표 5개 ,가격은 비싼데 볼거리가 많아서 좋습니다.,1달 전
 별표 5개 ,,1달 전
 별표 5개 ,"우리나라 안에 있는 작은 쿠바
꼭 한번 가볼만한 너~~~무
너어~~~무 예쁜 커피숍이예요
해변과 맞닿은 이국적인 커피숍이구
데이트장소로 딱이예요
물때되면 해변이되고 물빠지면 뻘이라
두번 분위기가 바뀌고 낮과밤 둘다 매력 쩔어요",1달 전
 별표 3개 ,커피 노맛...,1달 전
 별표 3개 ,,1달 전
 별표 3개 ,생각보다 쏘쏘,1달 전
 별표 5개 ,,1달 전
 별표 5개 ,선재도 뻘다방 갔다왔어요,1달 전
 별표 3개 ,"명성에비해
커피맛.빵맛 그저그럼
사람무지많고
크기와인원대비  직원수가적음
테이블맡기도어려움",1달 전
 별표 4개 ,유며아다고 해서 가보니 ...,1달 전
 별표 5개 ,,1달 전
 별표 4개 ,,1달 전
 별표 5개 ,,1달 전
 별표 5개 ,가격도좋고 친절하고 깨끗하구  굿,1달 전
 별표 5개 ,"생가보다 넘 뷰가좋코
인테리어또한 편안하고 분위기최고
가족들과 지인 연애 최고로 즐길수있는 맛집커피집~~또 다시갈예정
근데 아쉬운점
12시30~1시30분 브레이크타임은
현실적이지 않은게 곤흠 ㅜㅜ",1달 전
 별표 5개 ,Sunset 맛집,1달 전
 별표 5개 ,"핫플인만큼 이국적인 분위기가 압도적이더군요
커피맛이야 다 거기서 거기죠
그냥 분위기?",1달 전
 별표 5개 ,"영흥도, 해변가에 위치해서 뻘다방, 가족/데이트 좋은장소",1달 전
 별표 5개 ,,1달 전
 별표 5개 ,바닷가에 자리 잡아 여름 피서 온듯  ~  모임 친구들 데리고 갔더니 엄청 좋아한다~~가족들과 와도 좋을듯,1달 전
 별표 4개 ,여러번 방문했지만 이국적인 분위기가 너무좋아요. 빵은 종류가 많지않아 아쉽긴한데 음료들은 대체로 맛있고 좋아요.,1달 전
 별표 3개 ,사장님의 뻘다방에 대한 애착을 느낄수 있는 곳 입니다. 사람 항상 붐비고 사진 잘 나오고 그런 곳이에요.,1달 전
 별표 5개 ,"(Google 번역 제공) 우와 난 왜 이곳을 몰랐을까
우리 가야 되
그곳은 천국 같아

(원문)
Wooow  why I didn't know this place
We have to go
That place look like paradise",1달 전
 별표 5개 ,,2달 전
 별표 5개 ,"이국적인 분위기가 좋고, 바람이 많이 불어 시원했던 곳. 매우 좋은 경험",2달 전
 별표 5개 ,주변 분위기가 매우 좋음,2달 전
 별표 5개 ,바닷가 배경으로 아기자기 꾸며놓아서 누요기 하기 좋내요. 목섬.바닷가도 볼수있어서 좋습니다,2달 전
 별표 5개 ,,2달 전
 별표 5개 ,지나가면서  별볼일없을것 같았는데 가보길  정말잘 했어요  한번가 보시면 추천하는이유를 알수있을듯요,2달 전
 별표 5개 ,윤식당 발리편을 실제로 느끼더 싶다면 추천드려요,2달 전
 별표 4개 ,"아주 유명한 카페..주차장은 매우 넓음..주차는 음료이용시  2시간만 무료...좋은 야외 자리는 경쟁이 치열하다. 실내도 넓어서 실내에 있는것도 좋음..베이커리는 그닥 특별하진 않음..이국적이고 여유로운 인테리어  때문에 한번 가볼만함., 망고쥬스는 그냥 냉동 망고 갈은 맛. 음식료는 기대 하지 마시고 분위기를 느끼러 가세요..",2달 전
 별표 5개 ,"분위기좋아요
주차시간만 길었음 좋겠어요",2달 전
 별표 5개 ,"바다가 가고싶어서
깄던곳입니다",2달 전
 별표 1개 ,별ㄹ로,2달 전
 별표 5개 ,해변가에서 자유롭게 놀수 있고 바다에서 불어오는 시원한 바람에 마치 외국에 와있는듯한 이국적 분위기의 카페.,2달 전
 별표 5개 ,"이국적인 분위기에 넓은 야외 공간.
많은 그늘 덕분에 시원한 바람 맞으며
바닷풍경도 볼수 있어서 좋았던 곳.",2달 전
 별표 4개 ,"뷰도예쁘고 포토죤도많치만베이커리종류가
넘없네요.",2달 전
 별표 5개 ,비교적 가까운곳에서 느낄 수 있는 이국적 분위기,2달 전
 별표 5개 ,,2달 전
 별표 5개 ,이국적인 인테리어와 시그니처메뉴로 맛도 멋도있던 카페예요♡  망고쥬스도 모히또도 최고! 바로 바다가 있어 아이도 좋아하고 곳곳에 포토존이 있어 사진찍는 재미까지 있는곳입니다. 평일임에도  많은분들이 계시던 핫플이예요^^,2달 전
 별표 5개 ,좋아요,2달 전
 별표 4개 ,,2달 전
 별표 5개 ,,2달 전
 별표 3개 ,포토존은 많은데..굳이 찾아서까지는...,2달 전
 별표 4개 ,카페가 뷰도 인테리어도 너무 이뻐요~,2달 전
 별표 5개 ,,2달 전
 별표 5개 ,해외여행온 기분 너무 좋네요. 원색으로 꾸며진 카페라 아무데나 사진찍어도 다예뻤어요. 노을을 보기엔 더없이 아름다울것같네요. 다음엔 노을보러 올께요~,2달 전
 별표 5개 ,,2달 전
 별표 2개 ,,2달 전
 별표 4개 ,아기자기 소품들이용 포토죤이 많아 해외온듯한느낌!,2달 전
 별표 5개 ,,2달 전
 별표 5개 ,"외국 해변가인듯한 느낌.
사진찍기 좋음.",2달 전
 별표 4개 ,,2달 전
 별표 4개 ,,2달 전
 별표 5개 ,장소가 해변 앞에 있고 분위기도 정말 좋습니다. 그런데 저녁 8시 30분이면 문을 닫으니 참고하시기 바랍니다.,2달 전
 별표 4개 ,,3달 전
 별표 3개 ,,3달 전
 별표 4개 ,"뻘밖에 안보였지만
재방문 하고싶어요",3달 전
 별표 5개 ,쉼터,3달 전
 별표 3개 ,음료나 케익이 맛있고 사진을 남길 수 있는 곳이 많아 좋았지만 기다리는 사람이 있는데도 불구하고 독점하듯 비키지 않고 주요 스팟에서 찍은 사람이 또 앉아 찍고 하는 무리가 있어서 기분 상해서 돌아왔습니다.  어른은 그네 타지말라는 문구가 있는데도 여러명이 보란듯이 타던데... 관리하시는 분이 있으면 좋겠네요.,3달 전
 별표 5개 ,"뻘다방 처음가봤는데 너무 좋았어요
영화에서 보던 해외 해변 카페 같은 느낌이 너무 좋았어요
단, 선재도 들어올때 차가 너무 많이 막히더라구용
저는 4시쯤에 차가막히는거 봤었는데
7시쯤 나올때는 차가 하나도 안막히더라구요
참고하세요~~~~",3달 전
 별표 5개 ,,3달 전
 별표 5개 ,,3달 전
 별표 5개 ,이런곳이 있었다니 시원한 바닷바람에 커피도 맛나고 풍경도 좋았네요,3달 전
 별표 4개 ,"음료도 디저트도 맛있고 주차장도 넓고
사람이 너무 많은 핫플이라는게 단점이랄까.
바다 냄새가 좀 이상하달까
모히또랑  와플먹으러 또 가고싶어요.",3달 전
 별표 3개 ,"바닐라라떼는 아는 언니꺼고요 저는 레알망고를 먹었습니다
맛은 그저그랬어요 스무디를 생각했지만 완전 생망고를 믹서기로 갈아버린 느낌이였거든요 쌉쌀 했어요 그리고 시원하지 않아서 좀 아쉬웠네요 가격은 6천5백원 입니다
하지만 경치를 보며 먹는게 정말 좋은거 같아요 개인적으로 테이크 아웃해서 원하는자리 골라 먹는거 추천 드려요
앞에 있는 갯벌에서 놀다가 발을 씻으려 갔더니 3분에 1000원을 내고 씻어야해서 당황 했습니다 갯벌 가시려면 현금 챙겨 가세요",3달 전
 별표 4개 ,주차 안내가 잘되어있고 이국적인 분위기를 느낄수있음 잘꾸며놨습니다.  갯벌체험에서 뭘 잡기를 기대하지말고 개벌 구경한다는 것정도만 느낄수있음 뻘비린내(똥냄새 비스무리)가 조금 나긴하는데 역겨울정도는 아님,3달 전
 별표 5개 ,,3달 전
 별표 5개 ,뷰가 멋지고 포토존이 많다.주차장이 가깝지 않은건 아쉽다.,3달 전
 별표 3개 ,커피는 맛없구요 자리랑 뷰좋습니다. 케잌은 그냥 그런데 그돈주고 굳이찾어와서 사먹진않을듯합니다. 그냥 자리값입니다.,3달 전
 별표 4개 ,갯뻘  굿,3달 전
 별표 3개 ,뷰 맛집. 근데 커피 아이스아메리카노 정말 담배꽁초 물에 탄맛임 다른메뉴는 모르겠고 커피원두에 투자좀하세여,3달 전
 별표 5개 ,,3달 전
 별표 4개 ,한번가보시면 알겁니다,3달 전
 별표 5개 ,,3달 전
 별표 4개 ,,3달 전
 별표 5개 ,,3달 전
 별표 5개 ,3년만에 왔는데 좋네요,3달 전
 별표 5개 ,"대부도에서 영흥도로 연결되는 중간 섬인 선재도 남단에 바다와 접하고 있는 이국적인 분위기의 카페입니다. 외부에서는 노란 작은 건물이 보이는 데 실제로는 보기보다 규모가 큰 카페입니다. 길 반대편 주차장에 주차를 하고 주문 시에 주차권을 받아야 합니다. 카페 운영 시간은 10시 ~ 20시까지인데, 10시에 도착을 했는데도 이미 오픈했고 사람들도 꽤 많이 있었습니다. 외부에는 마치 동남아의 해변에 있는 듯한 느낌의 야외 좌석들도 있고 알록달록 인테리어가 독특한 실내도 좌석들도 나름  괜찮습니다. 아이들이 있으면 모래사장에서 놀 수도 있어서 좋습니다. 시원한 바닷바람과  탁 트인 풍경을 즐기면서, 맛있는 빵과 커피 한잔 즐기면 힐링이 되는 듯 합니다. 언제든 다시 찾고 싶은 곳입니다.",3달 전
 별표 5개 ,"선재도 들어갈때나 나올때 편도 1차선이고 우회도로가 없어서 30분 이상 밀릴 생각을 해야 합니다. 뻘다방 전용 주차장이 있어서 2시간 무료주차 가능합니다.
앞에 작은 해변을 포함해서 쿠바 하바나 해변을 모티브로 잘 꾸며 놨고 군데군데 포토 스팟도 있습니다.
새우깡 준비하면 갈매기란 친하게 놀고 올수 있고, 아이들이 무척 좋아합니다.",3달 전
 별표 4개 ,,3달 전
 별표 5개 ,,3달 전
 별표 5개 ,"(Google 번역 제공) 가족을 위한 좋은 장소. 커플도. 사진을 찍기 좋은 곳.

(원문)
Nice place for family. Couple too. Good place to take photos.",3달 전
 별표 5개 ,,3달 전
 별표 3개 ,"좋았었는데 요즘 바빠서 그런지

친절도가좀..",3달 전
 별표 5개 ,해외느낌나융~,3달 전
 별표 4개 ,"강아지랑 같이 갔는데 야외석 말고는 강아지랑 같이
있을 곳이 없기에 자리 잡기가 넘 힘들었네요 그거
말고는 좋았어요",3달 전
 별표 5개 ,야외에서 놀기 좋은 카페. 분위기 좋고. 근데 개 데리고 오는 사람. 애 데리고 오는 사람 많음.,3달 전
 별표 4개 ,"사진찍기 좋은곳이네요
이국적인 갬성 물신~",3달 전
 별표 5개 ,,3달 전
 별표 5개 ,"2022.06
대부도에 이런곳이? 쿠바컨셉?ㅎ
아기자기(?) 잘만든곳! 위치, 풍경, 건물, 소품 등
이쁘게 꾸며서 좋았습니다~ 재방문의사에 한표",4달 전
 별표 5개 ,"뻘이 좋네요….
가족과 가기 좋아요",4달 전
 별표 4개 ,별스런 경험,4달 전
 별표 4개 ,리조트느낌 좋았어요~리얼망고~ 10시 오픈에 맞춰 가면 좀더 여유로워요.,4달 전
 별표 4개 ,,4달 전
 별표 4개 ,"어느 대양의 바닷가에 여행온 듯 ....
잠시 취해볼 수 있었습니다",4달 전
 별표 5개 ,이국적인 풍경~ 사람 엄청 많음,4달 전
 별표 5개 ,,4달 전
 별표 1개 ,"다른걸 다 떠나서
해변좀 거닐다 커피팔길래...
앉아서 먹을생각 없었고
테이크아웃해서 차에서 먹을려고 했는데 두명이니 두잔시켜야 한다고해서 황당했음
다시 가면서 차에서 먹을꺼니 한잔만 달라해도 막무가내 두명이니 무조건 두잔이라는데 헐...
나도 까페 오래했었지만 테이크아웃을 사람수대로 시키라는데 할말이없더이다",4달 전
 별표 5개 ,경치구경만으로도 대만족,4달 전
 별표 5개 ,발리풍 이국적 분위기 입니다 베이커리 카페를 여러곳 가봤는데 손안에 드는 멋진 곳입니다 적극 추천합니다,4달 전
 별표 4개 ,,4달 전
 별표 1개 ,,4달 전
 별표 5개 ,엄마 아빠 모시고 갔었는데 외국에 오신거 같다고 좋아하셨어요~ 포토존이 많아서 사진 찍기 좋아요~~,4달 전
 별표 5개 ,이색적인 분위기가 좋아요.,4달 전
 별표 5개 ,,4달 전
 별표 4개 ,사람 무지 많아요 동해뷰 생각하심 안되요 이름 그대로 뻘뷰 낙조 시간은 괜찮을듯,4달 전
 별표 5개 ,"이국적인 분위기
노키즈죤이 따로있음",4달 전
 별표 5개 ,,4달 전
 별표 4개 ,경치도 좋고 무엇보다 바다도 체험할 수 있어서 좋은거 같아요 ㅎㅎ,4달 전
 별표 5개 ,,4달 전
 별표 5개 ,이국적인 느낌 휴향지에 온듯한 카페입니다~~,4달 전
 별표 4개 ,,4달 전
 별표 5개 ,,4달 전
 별표 5개 ,,4달 전
 별표 3개 ,"아래쪽에 넓어요
주차장 좋아요
사진찍기 좋아요
한번은 갈만해요",4달 전
 별표 5개 ,사진찍기 좋은 곳,4달 전
 별표 4개 ,영흥도에서 점심먹고 들렸던 뻘다방. 작년 손님 넘 많고 주차하기 힘들어 못갔었는데 코로나 시국이라 그래도 한가하네요.카페는 이쁘고 이국적으로 인테리어 해놨네요.카페안 손님이 그래도 제법있네요.커피값은 비싼편이지만 바다뷰나 포토존생각하면 이해가 됩니다. 한번쯤 가볼만한곳^^,4달 전
 별표 3개 ,아이들과 갯뻘을 가까이서,4달 전
 별표 5개 ,"보이는공간은 노키즈존 동물 금지존 이더라고요. 엄마랑 언니는 저기 앉았는데 참 명당이네요.
곳곳이 특색있어 좋았어요.
동물 입장이 안되는 줄 알고 안데려갔는데 야외에선 이곳빼곤 모두 가능해서 우리 강아지한테 정말 미안했네요.
선제도 측도 영흥도 여행중이면 꼭 들러야할곳!
태국 해변 느낌 물씬^^",4달 전
 별표 5개 ,"너무 유명해서 말이 필요 없는 곳이죠
발리를 연상케하는 인테리어와 풍경이 잘 어울러져서 인싸들의 메카!
아무대나 앉아도 포토존인 곳!
그래서 사람이 항상 많은곳;;ㅜㅜ
한번쯤 가볼만 합니다",4달 전
 별표 5개 ,😻😻😻,4달 전
 별표 5개 ,,4달 전
 별표 5개 ,"주말에 바람쐬기 좋은곳~
인생샷 명소~",4달 전
 별표 4개 ,,4달 전
 별표 5개 ,,5달 전
 별표 5개 ,"이색적이고 바다앞이라 좋았고
레인보우케이크가 맛있어요
사람이 너무 많네요~ ㅜㅜ",5달 전
 별표 5개 ,주차편하고 멋진곳,5달 전
 별표 5개 ,"바닷가 바로 앞에 있고 자메이카 느낌의 까페랄까?
다만 관광지이니 가격은 좀 비쌉니다~
주말에 사람 많음...",5달 전
 별표 3개 ,,5달 전
 별표 5개 ,"날이 좋다면 동남아에 온듯한 느낌을 받을수있고 포토존도 많은 카페.
배가불러 간단히 음료만 시켰는데 리얼망고 맛있습니다.",5달 전
 별표 5개 ,"카페의 분위기도 좋고, 전체적인 색감과 풍경이 사진을 찍기에 너무 좋은 곳이다",5달 전
 별표 4개 ,,5달 전
 별표 4개 ,"경치좋아요.
바닷가 나가기도 좋고
남미에 와있는거 같아요
커피가 맛있는지는 잘 모르겠어요ㅠ",5달 전
 별표 4개 ,바닷바람  약간추운듯 굿 플레이스,5달 전
