rating,review,duration
 별표 1개 ,,2일 전
 별표 4개 ,"(Google 번역 제공) 지하 및 좁은 무료 주차. 1층을 주문하고 올라가서 다른 층에 앉을 수 있습니다. 맛있게 먹고 팡팡.

(원문)
Free parking at underground and narrow. Can order first floor and going up to sit at other floor. Drink and ppang tasty.",1주 전
 별표 3개 ,분위기는 좋았으나 빵종류가 별로 없어 아쉬웠어요,2주 전
 별표 5개 ,,2주 전
 별표 4개 ,베이커리 카펜데 빵종류가 다양하지 않고 부실함.커피는 괜찮음.뷰가 좋고 정말 넓고 자리가 많아서 편하게 쉬긴좋음,3주 전
 별표 4개 ,,1달 전
 별표 4개 ,,1달 전
 별표 5개 ,,1달 전
 별표 5개 ,뷰. 커피 모두 굿,1달 전
 별표 5개 ,식빵 최고,1달 전
 별표 5개 ,너무 볼게 많고 깨끗하고 빵도 맛있었어요~ 다음에 또 올게요,1달 전
 별표 5개 ,,1달 전
 별표 5개 ,,1달 전
 별표 3개 ,"무항생제 우유를 사용한다고 하는 빵을 옆 건물 제빵소에서 만들고, 카페에서 음료와 함께 판매하는 시스템. 이층과 그위에 루프탑도 있다(이날 날씨가 너무 더워 삼층이상은 올라가지 못했다). 가격대비 맛과 양은 음료나 제과 모두 아쉽다. 주차는 지하에 공간이 많아, 용이하다.",1달 전
 별표 4개 ,맛있는 빵과 음료와 커피가  있는 카페 영종도 그읍 뱃터쪽에 있는 이곳빵집. 바닷가 갈매기 날으는모습.과 여객선을 따라 다니는 갈매기.정 말 신기하다. 배를 따라다니는 것은 물을헤집고 다닐때마다 물고기를 잡을수 있기때문이라고 한다. 영종도 구읍 뱃터쪽엔 호텔이 많이 들어서 있다.횟집 커피숍 그리고  이곳에도 빵집을 비롯해 야외 음악당 이 있다. 배와파도소리 사람을실어나르는 여객선 그리고 커피와 회 자가용을 타고 곳곳을 누빌수있는.인천국제공항이 근거리에 위치하고 있고. 왕산리 을왕리해수욕장 무의도  등 ~ 구경오세요 ~~~ ^^ 😄👍,2달 전
 별표 4개 ,분위기를 느낄수 있는곳 입니다.,2달 전
 별표 2개 ,"2,3층 홀은 좋으나,  1층에서 커피와 빵을사고 외부 엘베를 타고 3층을 가야하는불편함. 3층에서 취식후 다시나갈때 1층에 가따줘야하는... 개선이 조금은 되야 할듯.",2달 전
 별표 5개 ,,2달 전
 별표 5개 ,,2달 전
 별표 4개 ,빵맛 좋고 전망 좋아요.,2달 전
 별표 3개 ,"주변에 주차할 곳은 많고 건물주차도 아직은 무료였어요. 지금 막 상가들이 들어서서 곧 유료될 것 같지만..

망고 크림 넣은 크로와상 특별하고 맛있었어요. 근데 커피는 가격에 비해 생각보다 작은 컵에 주시더라구요. 가격은 한잔에  6-7천원대. 평상을 강조한 카페치고 생각보다 평상이 몇개 없었어요. 테라스, 루프탑은 안전의 이유로 노키즈 존.

아주 특이한 음료가.. 아이가 딸기음료를 먹고 싶어해서 딸기들어간게 그것 뿐이라 시켜보긴했는데.. 딸기치즈라떼...라고.... 엄청 특이함. 딸기라떼 반 치즈 음료반 넣어서 섞어보니 딸기맛은 별로 안나고 과자 콘치즈맛 나는 음료가 되었음.. 일반 딸기음료의 선택도 주시면 좋겠네요.. 치즈는 너무 호불호 갈리는...",3달 전
 별표 5개 ,,3달 전
 별표 5개 ,호텔이 근처에 있어서 비지니스미팅 하기에 좋아요. 분위기 좋고 전망도 좋고 커피 신맛 주문했는데 좋았어요.,4달 전
 별표 2개 ,바쁘니 직원들매우 불친절,4달 전
 별표 5개 ,,4달 전
 별표 4개 ,"수요일 편안하게 을왕리 탐방.
영정도 투어.^^
넓고 쾌적하게 잘 먹고 잘 쉬고 왔다.",4달 전
 별표 3개 ,,4달 전
 별표 5개 ,"망고 올라간 크로와상이 맛잇더라구요
상콤달콤해용 ㅋ",4달 전
 별표 5개 ,,4달 전
 별표 4개 ,,4달 전
 별표 4개 ,,4달 전
 별표 5개 ,뷰 가좋아요~빵도 괜찮고 쉬어가기 좋아요~,4달 전
 별표 5개 ,,5달 전
 별표 3개 ,,5달 전
 별표 5개 ,,5달 전
 별표 5개 ,정말정말 좋아요,5달 전
 별표 5개 ,"내가 가본 까페중 최고, 특히 빵 맛있어요! 경치좋코,시설좋코,맛좋코. 자주이용함",5달 전
 별표 5개 ,"넓은 공간, 다양한 뷰, 깔끔한 시설! 쵝오!",5달 전
 별표 4개 ,,6달 전
 별표 3개 ,"비싸서, 몇 시간은 앉아 있다 와야 덜 아까운 곳",6달 전
 별표 5개 ,뷰맛집. 커피맛도 좋치만 바다를 보면서 마시는게 포인트. 빵도 갠춘한편,6달 전
 별표 5개 ,바다뷰 맛집 커피도 빵도 맛있고,6달 전
 별표 5개 ,브런치 즐기기에 좋은곳. 백화점내에 있어서 쇼핑갔다 들르기에 부담없다.,7달 전
 별표 4개 ,,7달 전
 별표 4개 ,"1층이 좁아서 별기대 안했는데 3층이 사방으로 트여있어서 개방감이 좋았고,테이블간격도 넓어서 좋았다.날씨가 따뜻해지면 루프탑도 좋을것 같다.",7달 전
 별표 4개 ,쏘쏘! 빵은 맛남!,7달 전
 별표 5개 ,매장이 넓고 층고가 높아 여유롭게 느껴지고 좋아여,7달 전
 별표 4개 ,,7달 전
 별표 5개 ,,7달 전
 별표 5개 ,,7달 전
 별표 5개 ,,8달 전
 별표 5개 ,"바다와 작약도
공원으로보이는뷰
조용하고도 넓은장소
맛있는베이커리
좋아요",8달 전
 별표 5개 ,,8달 전
 별표 5개 ,,8달 전
 별표 4개 ,바다조망과 작약도 섬조망이 이쁜곳입니다.,8달 전
 별표 5개 ,,8달 전
 별표 4개 ,빵 카페,8달 전
 별표 4개 ,쾌적한곳.,8달 전
 별표 5개 ,구읍뱃터    대형카페,8달 전
 별표 5개 ,"너얼찍~한 탁트인  공간.
커피맛최고~",8달 전
 별표 5개 ,빵도 맛나고 특히 카페가 이뻐요 ~ 우프탑도 있고..,8달 전
 별표 4개 ,,8달 전
 별표 5개 ,,9달 전
 별표 5개 ,굿,9달 전
 별표 5개 ,찐 맛집. 인테리어도 이쁨,9달 전
 별표 4개 ,늦은시간이라 빵맛을 못봐서 아쉬움...분위기는 대체로 좋은데 밖에 뷰는 그닥 ㅋ,9달 전
 별표 5개 ,"빵이 찐으로 맛있는 집,1층부터 4층 루프까지,
테이블 배치도 넓게 되어있어서 정말 좋아요,
시중에카페는 테이블이 다닥다닥 붙어 있는 반면
이곳은 넓어서 너무 좋아요.",9달 전
 별표 5개 ,카페 엄청큼,10달 전
 별표 5개 ,분위기 좋아요. 바다뷰~~♡,10달 전
 별표 2개 ,"인테리어좋고 뷰도 괜찮고 직원친절하고..
계단올라가는게짜증남..엘베있는데..커피들고 복도로나가야됨",10달 전
 별표 5개 ,"드라마 촬영시 송중기씨가 앉았던 테이블~~
사진만 찍고 차마 앉아보지는 못해음~^^
비가 잠깐 멈추고 스산한 바람이 부는 날씨에도 카페 평상인은 나름 운치있었다는~~♡",10달 전
 별표 3개 ,,10달 전
 별표 4개 ,,10달 전
 별표 4개 ,,10달 전
 별표 5개 ,"바다 풍경이 멋지게 보이는 카페, 2,3,옥상테라스에서 즐거운 시간을 보낼 수 있는 곳
주말에는 많은 인원들이 방문하고 있어 자리앉기 쉽지않음",10달 전
 별표 4개 ,,10달 전
 별표 4개 ,"1층에서 커피와 베이커리 주문 후 2층에서 마셔도 되지만 조금 수고스럽더라도 매장을 나와 복도 엘베타고 3층에가면 넓고 예쁜 공간에다 전면은 작약도가 보이는 바다고 반대편은 공원과 아파트가 잘 어우러진 풍광이 좋음,
자유롭게 테이블에 않아 차 마시기 정밀 좋음....
4층 옥상테라피도 좋음 한번 가볼만하나 커피값과 배이커리는 조금 비쌈
주차장은 무료이나 주차공간이 적음",10달 전
 별표 4개 ,"(Google 번역 제공) 카페 전체를 돌아 다니기에 너무 큽니다. 다양한 종류의 좌석이 준비되어 있습니다. 바닷바람과 함께 머물기에 너무 좋은

(원문)
So big big to wander the whole around cafe. various type of seats are available. so good to stay with sea wind",11달 전
 별표 4개 ,"넓어서 쾌적하네요
커피맛 기대했는데 그냥 보통.",11달 전
 별표 4개 ,"빵과 커피 조합
추천입니다",11달 전
 별표 4개 ,넓고 뷰도 예쁘고 테이블간 간격도 넓어서 요즘같은 시국에 너무 좋은 카페네요,11달 전
 별표 5개 ,,11달 전
 별표 4개 ,,11달 전
 별표 5개 ,힐링 잘하고 갑니다.,11달 전
 별표 5개 ,3층 뷰가 멋있고 빵이 맛있다.,11달 전
 별표 5개 ,,11달 전
 별표 5개 ,,1년 전
 별표 5개 ,커피도맛나고 분위기좋고 다좋음,1년 전
 별표 4개 ,,1년 전
 별표 4개 ,좋아요~~넓고 자유러워요,1년 전
 별표 5개 ,,1년 전
 별표 5개 ,언제가도 좋아요,1년 전
 별표 3개 ,넓은공간,1년 전
 별표 2개 ,"(Google 번역 제공) 바리스타는 고객의 모든 주문에 따라 커피를 만드는 방법을 가르쳐줍니다. 이로 인해 음료와 베이커리 품목을 오래 기다리게 만들었습니다.

(원문)
บาริสต้า สอนชงกาแฟ ในทุกๆออเดอร์ของลูกค้า ทำให้ต้องรอเครื่องดื่มและเบเกอรี่เป็นเวลานาน",1년 전
 별표 5개 ,"넓은공간 탁트인배경 커피맛도
빵맛도 굿!",1년 전
 별표 5개 ,넓고 깔끔한 인테리어 루프탑 뷰도 굿이네요~  커피랑 빵도 맛있음요,1년 전
 별표 4개 ,,1년 전
 별표 5개 ,,1년 전
 별표 4개 ,바다앞카페 갔다 시장판 같아서 여기 왔더니 넓고 평화롭고 좋음,1년 전
 별표 5개 ,넓고  좋아요..다만 빵종류  다양하게 더 있길바래요..유명한 빵종류 없어서 그게아쉽네요,1년 전
 별표 5개 ,빵도먹을만하고 까페가넓고 깨끗합니다 .,1년 전
 별표 3개 ,,1년 전
 별표 5개 ,평일이라 조용하고 사람이 많지않아 좋았어요.,1년 전
 별표 5개 ,"영종도 구읍뱃터
오션솔레뷰호텔 바로 옆에 있다.
놀랍도록 크고 잘 꾸며 놓은 카페다.
영종도에 가면 꼭 가봐야 하는 카페로 추천한다.",1년 전
 별표 5개 ,,1년 전
 별표 5개 ,커피맛이 영종도에서 제일 좋은곳.. 메리제인 왕 킹 짱!!,1년 전
 별표 5개 ,,1년 전
 별표 4개 ,영종도 분위기 좋은 카페,1년 전
 별표 4개 ,두번째 방문~ 시원하고 루프탑 좋고 커피맛 좋아요,1년 전
 별표 4개 ,,1년 전
 별표 5개 ,적극적으로 추천함,1년 전
 별표 4개 ,,1년 전
 별표 5개 ,넓은 공간과 실내에 놓여진 초록색 화분으로 맛있는 커피와 함께 절로 힐링이 되었어요,1년 전
 별표 3개 ,,1년 전
 별표 4개 ,"제과제빵류 퀄리티가 나쁘지 않음.
자리 널찍하고, 3층과 루프탑도 개성있는 편.",1년 전
 별표 5개 ,바다와 공원이 함께 볼 수 있는 아름다운 카페,1년 전
 별표 4개 ,,1년 전
 별표 5개 ,빵 맛있음,1년 전
 별표 4개 ,,1년 전
 별표 4개 ,,1년 전
 별표 3개 ,"커피 맛은 딱히 모르겠습니다
내부는 깔끔하고 넓습니다
서해바다 바로 앞에 위치해 있지는 않으나
바다가 보이긴합니다.
오션뷰 노리시면 비추입니다.",1년 전
 별표 5개 ,,1년 전
 별표 3개 ,,1년 전
 별표 5개 ,좋았어요,1년 전
 별표 5개 ,,1년 전
 별표 5개 ,굳굳,1년 전
 별표 5개 ,,1년 전
 별표 5개 ,,1년 전
 별표 5개 ,,1년 전
 별표 5개 ,"탁트인 넓은 실내 공간에다가 평상도 있고, 주차장도 큼직하네요 ~~ 판매하는 빵도 먹어봤는데 아주 맛있었어요 ^",1년 전
 별표 5개 ,,1년 전
 별표 4개 ,,1년 전
 별표 3개 ,,1년 전
 별표 4개 ,,1년 전
 별표 3개 ,"결론 : 널찍해서 좋은 바다 전망 카페
-베이커리는 수준높아 보이지만, 겉치레만큼 알찬 맛이 아니라 아쉬움
-커피는 산미있는 원두를 시켰을 때, 극상의 산미 커피를 맛볼 수 있음
-옆 식당을 이용하면 10%할인이 가능한데, 안내가 잘 안돼있어 카드를 취소하고 재결제하는 사람들이 많음
-카페의 규모와 분위기가 만드는 기대감에 비하면 맛은 조금 아쉬운 곳",1년 전
 별표 5개 ,"넓은 실내, 맛있는 빵과 커피",1년 전
 별표 3개 ,넓어요.. 빵도 먹을만 하고요~,1년 전
 별표 5개 ,뷰가너무좋았습니다.,1년 전
 별표 4개 ,,1년 전
 별표 5개 ,"빵을 직접굽는 베이킹장소가 따로있습니다.
가격도 그렇게 비싼편이 아니구요.
커피는 원두를 좋은걸 써서 향이 좋은 편입니다.
산미가 강한 원두 와 그렇지 않은 원두 두가지로 아메리카노를 판매중입니다.
2층으로 올라가면 굉장히 넒은 공간이 있습니다.
가게이름 답게 평상 도 몇개 있습니다.

주차장은 흙받이라 비온다음에는 차량이 더러워질수 있음.",1년 전
 별표 4개 ,아이스아메리카노  두종류의  맛  식사후  평상도 있고 넓찍해서  좋네요  발코니도 있어서  더 좋았습니다,1년 전
 별표 5개 ,,1년 전
 별표 4개 ,커피맛 좋았어요.,1년 전
 별표 5개 ,넓고 빠르고 맛있다,1년 전
 별표 4개 ,우선  넓은공간이  거리두기딱이고  평상에  누워있을수있어서  좋고  빵이맛나긴한데  가격이높다는게  단점하나네요  그래도  멍ㅌ대니기  좋은장소예요^^,1년 전
 별표 4개 ,,1년 전
 별표 4개 ,"커피 빵맛 준수
주차는 지하있는줄 모르고 지상에 댔는데 진흙임
이층 넓고 평상 많고 쾌적
애들 데리고 한번 가볼만한곳",1년 전
 별표 4개 ,넓고 좋아요  ㅋ,1년 전
 별표 4개 ,넓은 카페,1년 전
 별표 4개 ,,1년 전
 별표 4개 ,분위기좋네요,1년 전
 별표 5개 ,,1년 전
 별표 5개 ,"주변에 인스타용카페가 많아졌지만
이곳커피와 빵이 가장 맛있네요
자리도편해요^^",1년 전
 별표 4개 ,공간에 비해 커피가 맛었음...그거 빼면 쉬기좋은 쾌적한 공간~!,1년 전
 별표 3개 ,,1년 전
 별표 5개 ,,1년 전
 별표 4개 ,,1년 전
 별표 4개 ,영종도 구읍뱃터옆에 있는 카페로서 전망좋고 쉬기편한 개방형 카페입니다,1년 전
 별표 5개 ,,1년 전
 별표 4개 ,풍경은 좋네,1년 전
 별표 3개 ,,1년 전
 별표 1개 ,"머신기기비싸면 뭐하나?
커피가 별로인데...쥔장 커피공부  더하셔야할듯허요...글구 관광지라 그런지 커피 넘비싸요!",1년 전
 별표 4개 ,넓고 바다뷰 좋아요..한블럭 안쪽이라 아쉽긴 하지만 실내 넓고 편하게 아이들과도 잘 있다올 수 있어 좋아요!,1년 전
 별표 5개 ,,1년 전
 별표 5개 ,구읍뱃터 최고의 카페.,1년 전
 별표 3개 ,그냥 넓고 한적합니다,1년 전
 별표 1개 ,,1년 전
 별표 5개 ,,1년 전
 별표 5개 ,,1년 전
 별표 3개 ,,1년 전
 별표 3개 ,,1년 전
 별표 3개 ,그냥 평범한 커피집 같았음. 빵이 특별히 맛있거나 그런것 같지도 않고...,1년 전
 별표 5개 ,,1년 전
 별표 3개 ,,1년 전
 별표 5개 ,,1년 전
 별표 3개 ,"커피랑 빵 맛있지만
넘 비쌈..",2년 전
 별표 3개 ,,2년 전
 별표 4개 ,,2년 전
 별표 5개 ,공간이 넓고 시원시원함,2년 전
 별표 4개 ,,2년 전
 별표 2개 ,,2년 전
 별표 5개 ,"애정하는 곳.
커피도 맛있고 빵도 맛있어요~♡

맘편히 커피한잔하며 힐링하기 좋은 영종도 카페 중 유명한 곳 ♡",2년 전
 별표 4개 ,보통인 카페이다. 제목처럼,2년 전
 별표 5개 ,,2년 전
 별표 5개 ,넓고 좋네요 조용하고,2년 전
 별표 4개 ,,2년 전
 별표 4개 ,,2년 전
 별표 5개 ,,2년 전
 별표 5개 ,,2년 전
 별표 4개 ,,2년 전
