rating,review,duration
 별표 5개 ,커피맛은 최고,3일 전
 별표 4개 ,,1달 전
 별표 5개 ,"원하는맛에원두를고를수있어요
에소,브루밍으로내려주시고~정말맛있어요
다른음료는카페맛과는이름은같아도맛이다르나맛있는!맛,티라미스는다맛있어요
~주차가불편해요(차4대넓이)단제석도있어요
골목골목지나가야있어요 다른원두도맛보고싶네요
마니아들에게는딱잫은카페입니다",1달 전
 별표 5개 ,커피는 훌륭한데 사장님이 도도한 집.,2달 전
 별표 5개 ,커피맛이 특별하고요  쪽지 에다 원두 생산국까지자세히 설명하고 분위기도   가정집 같았어요  아늑해요,4달 전
 별표 4개 ,,4달 전
 별표 5개 ,,5달 전
 별표 5개 ,게이샤 커피가 독특해요~,5달 전
 별표 5개 ,커피가 맛나요,5달 전
 별표 3개 ,"커피향은  좋지만 폭신한 의자를 원하시면 불편합니다(나무 의자입니다)
오래  앉아서 수다 떨기에는 적합하지 않아요",5달 전
 별표 5개 ,"(Google 번역 제공) 부산에 본사를 둔 ""커피스토리""(2002년 설립)의 뒤를 이은 크로마이트 커피 팀은 2016년 북쪽으로 인천으로 이전했습니다. 모든 것이 있는 메뉴가 있는 아늑한 환경! 싱글 오리진 라떼, 칼리타 핸드 드립, 사이펀, 콜드 브루, 카페인이 없는 아메리카노... 모두 경험이 풍부한 바리스타가 제공합니다.

(원문)
The successor to Busan-based “Coffee Story” (established 2002), the Chromite Coffee team moved north to Incheon in 2016. Cosy environment with a menu that has a bit of everything!  Single Origin Lattes, Kalita Hand Drip, Siphon, Cold Brew, De-Caffeine Americanos ... all served by very experienced baristas.",6달 전
 별표 5개 ,,6달 전
 별표 5개 ,"여기커피가 근래 마셔본 중엔 최고인듯...
콩 쟁여두어야 맘이 편안한 커피집",6달 전
 별표 5개 ,,7달 전
 별표 4개 ,일반 주택 개조한 곳이라 공간이 재밌어요~,7달 전
 별표 5개 ,,7달 전
 별표 5개 ,,7달 전
 별표 4개 ,커피 맛나고 분위기 좋고 트라미슈가 대박입니다 ㅋ,7달 전
 별표 3개 ,,8달 전
 별표 5개 ,,8달 전
 별표 5개 ,,8달 전
 별표 4개 ,,8달 전
 별표 3개 ,"커피맛도 그닥이고, 탁자와 의자가 너무 불편함. 옛날 초등학교 의자정도...ㅠ",8달 전
 별표 5개 ,커피맛 짱입니다,8달 전
 별표 5개 ,색다르고 빈티지하게 꾸며진 카페는 사진이 실물보다 이쁘지만 이색적인 모습은 충분히 매력적입니다. 특히 커피의 퀄리티가 아주 좋아 커피를 좋아하시는 분들은 충분히 방문해 다양한 원두를 즐길 수 있을겁니다.,8달 전
 별표 4개 ,,9달 전
 별표 3개 ,커피는 맛집.의자불편,10달 전
 별표 5개 ,,10달 전
 별표 5개 ,맛있네요 분위기도 좋고 직원들도 예쁘고 잘생기고 친절하고,11달 전
 별표 5개 ,,1년 전
 별표 1개 ,커피 맛있어요^^,1년 전
 별표 4개 ,"커피 맛은 완전 맛있습니다
내부 인테리어는 가정집을 개조 한거라서 특별함은 없지만 Tamponi의 그림들이 걸려있어요
작은 소품들이 아기자기 이쁩니다",1년 전
 별표 4개 ,커피종류도 다양하네여  집을개조해서 독특하네여 재방문의사있는 카페입니다,1년 전
 별표 5개 ,좋아요. 집을 개조하여 리모델링 화려하지ㅜㅡ 않고ㅈ잏는그대로가 멋지네요.,1년 전
 별표 5개 ,분위기 좋은 동네 카페입니다. 향이 아주좋은 커피 마시러 또 가고 싶네요,1년 전
 별표 4개 ,"주차장이 협소해 불편하지만
커피맛은 좋은곳
주택을 개조해서 아담하고 방으로 만들어져 분위기도 괜찮아요",1년 전
 별표 5개 ,,1년 전
 별표 4개 ,"음료도 맛있고 크루와상도 맛있는데, 좌석과 공간이 불편한게 아쉽네요. 들어오자마자 커피향 너무 좋아요.",1년 전
 별표 5개 ,분위기조아영,1년 전
 별표 5개 ,신맛 아메리카노는 여기가 원탑. 디저트는 쏘쏘 . 여기보다 신맛 아메리카노 맛있는곳 아직 못봄. 오르막길이라 좀 불편허지만 주차장 있음. 송도 놀로와서 커피맛에 유별난 사람이면 가야함.,1년 전
 별표 5개 ,언제가도 너무 맛있는 커피!!주차 불편 감수하고 충분히 갈 만해요,1년 전
 별표 4개 ,,1년 전
 별표 5개 ,,1년 전
 별표 3개 ,"언덕배기에 이런곳이~^^
커피가 맛나요",1년 전
 별표 3개 ,"생각보다 쏘쏘합니다
좌석이 불편해요",1년 전
 별표 5개 ,"(Google 번역 제공) 맛있는 밀크티!

(원문)
Delicious milk tea!",1년 전
 별표 5개 ,"송도에 조용한 곳에 위치하고 있어서 좋다.
물론 커피맛도 좋고. 인테리어도 깔끔함.
개인적으로 여기 샤케라또 추천.",1년 전
 별표 4개 ,커피맛도 좋고 분위기도 좋아요 다만 주차공간이 조금 협소한 단점이 있네요,1년 전
 별표 4개 ,놀라운 커피의 맛을 느낄수 있는..,1년 전
 별표 5개 ,커피맛이 좋고 넓진않지만 주차장이 있어서 좋아요,1년 전
 별표 5개 ,예쁘고 인스타느낌카페인데 커피맛이 넘 좋아요,1년 전
 별표 5개 ,,1년 전
 별표 3개 ,"커피가 산미가 강해서 라떼보다 아메리카노가 제 입맛에는 맞앗어용 커피 맛집 분위기 맛집
티라미수는.. 기대보다는 그저그래용
시럽에 적신 시트에 크림 심플하게 올린 맛
요즘 디저트 맛집도 많아서",1년 전
 별표 4개 ,유명세가 사라지고 차분한 카페가 되었다,1년 전
 별표 5개 ,,1년 전
 별표 4개 ,공간이 쾌적하고 넓습니다.,1년 전
 별표 5개 ,,1년 전
 별표 3개 ,아늑합니다,1년 전
 별표 5개 ,친절해요.,1년 전
 별표 5개 ,사악한 가격의 게이샤커피가 너무 맛있었습니다,1년 전
 별표 5개 ,맛있어요 ~~,1년 전
 별표 5개 ,,1년 전
 별표 5개 ,콜드브루 메뉴가 특색있어서 좋아요. 두가지 맛을 즐길 수 있는것도 좋네요.,1년 전
 별표 2개 ,,1년 전
 별표 5개 ,굿...커피,1년 전
 별표 5개 ,원두종류를 고를수있어서좋고 깨끗하고 실내인테리어가 독특하며 깔끔해서 이쁘네요,1년 전
 별표 4개 ,"주택집을 개조한 커피집.
빵은 그럭저럭, 커피는 수준급..
하지만 주차공간이 없어서 접근성은 떨어짐..",2년 전
 별표 4개 ,카페 분위기도 좋고 독립된 공간이 여러곳이라 소모임하기에도 좋고 뭐니해도 커피와 티라미수가 예술입니다,2년 전
 별표 3개 ,좀 비싼 편입니다,2년 전
 별표 4개 ,,2년 전
 별표 5개 ,,2년 전
 별표 5개 ,,2년 전
 별표 3개 ,,2년 전
 별표 4개 ,커피맛이 좋다. 찾기 힘든곳이며 까페같지 않은 출입문이지만 안쪽은 각각의 룸이 있어 독특~여자화장실의 재미난구성~~,2년 전
 별표 3개 ,색다른 분위기,2년 전
 별표 5개 ,,2년 전
 별표 5개 ,,2년 전
 별표 5개 ,"(Google 번역 제공) 아주 좋은 커피 :)

(원문)
Very nice coffee ka :)",2년 전
 별표 3개 ,,2년 전
 별표 4개 ,"송도에 있는 캬페.
분위기도 꽤 ㄱ좋고
원두가 특히 신선함!
커피맛있어서 원두 사옴!
멀어서 그르치 또 가고싶음",2년 전
 별표 3개 ,,2년 전
 별표 3개 ,,2년 전
 별표 4개 ,사진찍기 예쁘고 커피맛나요,2년 전
 별표 5개 ,"(Google 번역 제공) 커피

(원문)
Coffee",2년 전
 별표 3개 ,샌드위치 맛있어요~~,2년 전
 별표 5개 ,,2년 전
 별표 4개 ,,2년 전
 별표 5개 ,,2년 전
 별표 4개 ,"편한자리 앉아서 맛있게 먹었습니다.
나머지 자리는 다소 불편해 보입니다.
티라미슈는 개인적으로 맛있으나 다소 에스프레소가 밑에 많이 젹셔저 쓴 맛이 조금 강했습니다.",2년 전
 별표 5개 ,커피짱 맛잇어요,2년 전
 별표 5개 ,분위기도 좋고 앙버터 짱맛있어요♡,2년 전
 별표 3개 ,커피콩이 바뀐것같은데 별로 였던 것 같아요.,2년 전
 별표 2개 ,오랜만에 가봤는데 이제 시설이 많이 낙후된 거 같아요.. 건물은 멋진데! 내부 의자 가죽이 다 뜯어지고 그래서 위생적으로나 미적으로 쫌.. 빈티지 레트로 느낌이라도 이건 뭐랄까 좀 그러네요! 하지만 뱅쇼는 넘넘 맛있었어요,2년 전
 별표 5개 ,,2년 전
 별표 3개 ,,2년 전
 별표 4개 ,커피맛집,2년 전
 별표 3개 ,,2년 전
 별표 5개 ,,2년 전
 별표 5개 ,오지고 지리고 렛잇고,2년 전
 별표 5개 ,커피맛집,2년 전
 별표 5개 ,"원두만구입. 커피맛은 모름. 원두향이 환상.
선물용이었으나 내것두 구입하러갈 의사 200%
주차 좋고 조용한 카페.",2년 전
 별표 4개 ,,2년 전
 별표 4개 ,,2년 전
 별표 5개 ,,2년 전
 별표 5개 ,"사람도 많지 않고 커피맛이 좋아요. 커피타입도 고를수 있고 좋았습니다! 파우더룸도 잘 되어있고 사진찍기 좋네요
다만, 의자높이가 너무 높고 낮아서 극단적이고 딱딱합니다.
단체룸은 한군데인가 소파로 되어있었습니다.",2년 전
 별표 5개 ,,2년 전
 별표 5개 ,커피의 본연의 맛을 즐길 수 있는 곳.,2년 전
 별표 3개 ,주차가불편,2년 전
 별표 4개 ,독특해요.  의자들이 다 불편한게 흠이예요,2년 전
 별표 5개 ,감성 돋는 분위기  굿입니다요,2년 전
 별표 5개 ,분위기도 커피원두도 좋아요,2년 전
 별표 5개 ,,2년 전
 별표 5개 ,따뜻한햇살이 넘 좋아요,2년 전
 별표 3개 ,,2년 전
 별표 5개 ,커피맛이 좋아요 분위기도~~,2년 전
 별표 5개 ,,2년 전
 별표 5개 ,,2년 전
 별표 5개 ,사장님이  너무 친절하시고  이뻐요~~~,2년 전
 별표 5개 ,빈티지 커피 맛집,2년 전
 별표 5개 ,커피도 엄청 전문적이고 맛있어요! 방도 따로따로 있어서 다른데 보다 편안하게 얘기할수있어요!,2년 전
 별표 3개 ,,2년 전
 별표 4개 ,한가한분위기의 카페 위치가좋진않지만 차를 가지고간다면 한번쯤가볼만하다,3년 전
 별표 5개 ,"커피가 잔짜 맜있는 편안하고 멋스런 곳이였어요~
송도에 갈때마다 꼭 다시 가고싶은 곳 입니다♡",3년 전
 별표 5개 ,커피명가임!!,3년 전
 별표 5개 ,,3년 전
 별표 3개 ,커피가흐리네요,3년 전
 별표 4개 ,"가정집을 개조한 커피가 맛난 곳입니다
근디~편안한 의자가 없다는~~
살짝아쉬운곳~~!!",3년 전
 별표 5개 ,,3년 전
 별표 5개 ,분위기 좋아요,3년 전
 별표 5개 ,,3년 전
 별표 4개 ,,3년 전
 별표 5개 ,"음료, 디저트 둘다 너무 맛있습니다. 주차도 3대정도 가능하고요. 간만에 아주 마음에 드는 커피숍을 찾았네요. 좌석이 살짝 불편하지만 그래도 별 다섯개 주렵니다.",3년 전
 별표 3개 ,,3년 전
 별표 3개 ,"인테리어가 살림집 분위기를 일부러 살린듯
공사현장을 컨셉으로 한듯
성의가 있는듯 없는듯
각 코너 마다 개인의 취향대로 사용하면 좋을듯",3년 전
 별표 5개 ,숨은 핫플,3년 전
 별표 3개 ,,3년 전
 별표 5개 ,커피질이 좋음 친절하고 포토 스팟도 많음,3년 전
 별표 4개 ,원래 다른 카페 가려다가 밖의 개에 홀려왔는데 분위기도 나름 힙하고 좋음. 커피는 못 마셔봤지만 주문한 밀크티는 별로 안 달다했는데 달아서 별점 뺌,3년 전
 별표 4개 ,아... 예전 그 맛이.... ㅠㅠ,3년 전
 별표 4개 ,,3년 전
 별표 5개 ,,3년 전
 별표 4개 ,커피맛이 정말 촥 감사요,3년 전
 별표 3개 ,주택을 개조한 독특한 카페입니다,3년 전
 별표 3개 ,,3년 전
 별표 4개 ,"좌석이 많지 않고 좀 불편한 감이 있었지만 음식과 음료는 최고bb
진짜 맛있어요ㅠㅠ♡",3년 전
 별표 5개 ,,3년 전
 별표 5개 ,,3년 전
 별표 5개 ,,3년 전
 별표 5개 ,분위기 인테리어 미쳤어요,3년 전
 별표 4개 ,"(Google 번역 제공) 그냥 머그컵에 함께 오는 모든 단일 요소가 누가 커피를 양조하는지에 달려 있다는 것을 깨달았습니다. 미성숙 한 파트 타이머는 그 지점에 도달 할 수 없습니다. 멋진 머그잔과 컵.

(원문)
just realized every single factor coming together in a mug depends upon who brews that coffee. immatured part-timers cannot reach to the point. fancy mugs and cups though.",3년 전
 별표 4개 ,찾아가기 힘들지만 분위기는 최고,3년 전
 별표 4개 ,인테리어및분위기좋음 커피도좋음 의자가 조금 불편함,3년 전
 별표 4개 ,티라미슈 JMT!! 커피도 부드럽고 분위기 좋네요!! 강추 입니다,3년 전
 별표 5개 ,"(Google 번역 제공) 멋진 커피와 차가 있지만 찾기가 어렵습니다.

(원문)
Nice coffee and teas but hard to find.",3년 전
 별표 5개 ,커피도 맛있고 분위기도 좋고!,3년 전
 별표 4개 ,,3년 전
 별표 5개 ,,3년 전
 별표 4개 ,커피맛 좋고 인테리어 멋짐,3년 전
 별표 5개 ,"(Google 번역 제공) 특별한 전문 카페. 여기에 도착하는 데 한 시간을 운전했습니다. 추천합니다.

(원문)
An exceptional specialty cafe. Drove an hour to get here, worth every minute of it!! I recommend.",3년 전
 별표 5개 ,"맛과 향이 너~~무 좋고 덤으로는 분위기까지
세심한 크로마이트커피
사장님의 배려의 완성인 커피 설명서까지 ..
주택을 개조해서 완성된 크로마이트커피
찾아가는 재미가 있는곳 커피매니아들은 알만한곳 강추!!!",3년 전
 별표 2개 ,다시 방문하고싶지 않아요,3년 전
 별표 5개 ,또 와버림.. 핸드드립 추천합니다~,3년 전
 별표 5개 ,"감성적인 공간
프로밧으로 직접 볶아내는 원두
원두 라인업도 꽤나 개성있고 화려한 편",3년 전
 별표 3개 ,인테리어와 분이기 앉자서 마실수 있는 의자가 너무 불편하고  별루였지만  커피맛은 정말  맛이 좋았습니다  핸드드립 강추~ 산미.풍미.바디감 강한걸  좋아하시는 분들은 강추,3년 전
 별표 5개 ,,3년 전
 별표 4개 ,,3년 전
 별표 5개 ,분위기가 좋았습니다.,3년 전
 별표 5개 ,인천에서 스페셜티 커피를 제대로 마실 수 있는 몇 안되는 곳 !!,3년 전
 별표 5개 ,,3년 전
 별표 4개 ,ㅖ아오근데난ㆍㆍ,3년 전
 별표 5개 ,,3년 전
 별표 5개 ,"나만의 아지트 같은. 그런 느낌.

#1. 주차
주차장이 있지만 주택을 그대로 카페로 사용하는 탓에 주차장이 매우 협소. 2×2=4대 정도 할 수 있을 듯한데, 앞에 2대가 비켜야 뒤에 있는 차가 나갈 수 있는 구조. 나는 운 좋게 차가 한 대도 없을 때 갔다.

#2. 공간
혼자 가든 둘이 가든 단체로 가든 수용 가능한 곳곳의 방들. 물론 문은 없는 방. 방의 틀만 있다고 해야할까. 각각의 방의 인테리어도 굿굿. 어느 방에 들어가도 다 좋을.

#3. 아메리카노
달달한 거 좋아해서 아메리카노는 잘 안 마시는데
그날의 커피 원두가 뭐였는지 기억이 안 나지만
산미가 톡 올라오는 진짜 커피 맛 ㅎㅎ",3년 전
 별표 3개 ,,4년 전
 별표 4개 ,,4년 전
 별표 4개 ,,4년 전
 별표 5개 ,아늑하고 사진찍기좋음,4년 전
 별표 3개 ,한번정도 방문할만한 곳 입니다.,4년 전
 별표 4개 ,,4년 전
 별표 4개 ,자리가불편하네요 느낌은 좋은편임,4년 전
 별표 3개 ,,4년 전
 별표 5개 ,인테리어도 커피맛도 넘 좋아요,4년 전
 별표 4개 ,분위기가 좋고 가격이 저렴한편,4년 전
 별표 4개 ,,4년 전
 별표 5개 ,,4년 전
 별표 5개 ,,4년 전
 별표 3개 ,,4년 전
 별표 5개 ,,4년 전
 별표 4개 ,주택이나 특별한점은 없음,4년 전
 별표 5개 ,내가 경험해본 최고의 커피.들어서자마자 넓게 오픈된 커피내리는 공간을 지켜보며 아메리카노 한잔에도 선택의 기회를 받는 특별함이 있어 바리스타의 손맛이랄까 ㅋ.수제쿠키와 마카롱까지 굿.화장실앞 통째로 향수가득인 파우더룸이! 또 가고 싶어진다는,4년 전
 별표 4개 ,동네카페느낌물씬. 사람많지않아좋았어요,4년 전
 별표 5개 ,사장님께서 오디오시스템을 취미로 하시는지 인천에서는 드물게 탄노이 스피커에 맥킨토시 앰프가 있네요 좋아하는 곳입니다,4년 전
 별표 5개 ,,4년 전
 별표 5개 ,,4년 전
 별표 5개 ,티라미수 대박,4년 전
 별표 3개 ,"가정집을 개조한 독특한 느낌의 커피숍.
기존의 방으로 쓰엿던 곳이 큰테이블과 여러개의 의자가놓인 하나의 룸이 되었는데 얘기하는소리가 너무 울려서 대화가 힘들었다.. 커피맛은 가격대비 좋았음.",4년 전
 별표 4개 ,"치친하루에 잠시 쉬어가도
될 ᆢ매력있는곳",4년 전
 별표 1개 ,"분위기 특히 내부 인테리어가 별로임
위치도 그렇고",4년 전
 별표 1개 ,커피안좋아함,4년 전
 별표 5개 ,"(Google 번역 제공) 훌륭한 분위기, 매우 아늑하고 조용합니다. 그들은 대부분이 전문 등급에 프리미엄 인 훌륭한 커피를 제공합니다.

매일 선택되는 단일 원산지 여과 커피가 있으며 항상 에스프레소의 훌륭한 샷을 시도 할 수 있습니다. 여과 된 커피 한 잔은 6000 원 이상입니다.

주인과 직원은 모두 커피와 커피와 관련된 모든 것에 대해 매우 잘 알고 있습니다.

위치를 고려하면 플러스 인 주차 공간이 있습니다.

(원문)
Great atmosphere, very cozy and quite. They serve great coffee which most of them are premium to specialty grade.

There are daily selections of single origin filtered coffees, and you can always try their fine shot of espresso as well. A cup of filtered coffee goes for KRW 6000 and above.

The owner and the staff are all very knowledgeable about coffee and everything else that goes around with coffee.

There is a parking space which is a plus considering the location.",4년 전
 별표 5개 ,,4년 전
