rating,review,duration
 별표 5개 ,,1주 전
 별표 4개 ,,1주 전
 별표 3개 ,그냥그저그럼,1달 전
 별표 5개 ,"제가 카페 가는 것 좋아하는데 한국에 와서 가본 카페 중에 다섯 손가락안에 드는 아주 아름다운 곳이었어요.
재방문 의사 있습니다.
그리고 조명이... 사진 맛집임 ㅎ
셀피 잘 나와요 ㅎ",1달 전
 별표 2개 ,,2달 전
 별표 5개 ,,2달 전
 별표 4개 ,"이뻐요
비싸고 여자화장실이 협소해요",2달 전
 별표 5개 ,"옆 카페 갔다가 주차를 못하여 아트리움으로 갔는데 더 멋지고 인테리어도 굿굿굿이네요.
감탄만 하다가 사진은 못 찍었네요.
훌륭합니다.사진은 다음에~",3달 전
 별표 3개 ,,3달 전
 별표 5개 ,,3달 전
 별표 5개 ,바다와 송도신도시가보이는노을이 좋고 커피와 맛있는제과.좋네요,3달 전
 별표 5개 ,,3달 전
 별표 3개 ,,4달 전
 별표 4개 ,넓고 야외 실내 모두 예쁘고 공부하기도 이야기 나누기도 좋습니다. 사진찍으러 많이 옵니다,4달 전
 별표 4개 ,재첩국이 일품이다,4달 전
 별표 4개 ,2층 갤러리가 좋았음,4달 전
 별표 5개 ,부모님과 오기  너무좋은 대형카페,4달 전
 별표 5개 ,,4달 전
 별표 4개 ,,5달 전
 별표 5개 ,,5달 전
 별표 5개 ,,5달 전
 별표 4개 ,,5달 전
 별표 5개 ,분위기도 좋구 2층에서 사진전고 하고있어서 즐길거리가 많았습니다,6달 전
 별표 5개 ,갤리리에서 작품 감상도 하고 차도 마실 수 있어 좋아요.,6달 전
 별표 3개 ,"와이프와 르노삼성자동차 정비소에 차량정비를 맡기고 커피한잔를 마시고고자 감
강강술래라는 고기식당을 커피숍으로 깔끔하게 개조하여 운영중 커피 등과 조각케익을 판매하고 모든종류 칠천원이상입니다",6달 전
 별표 5개 ,"워낙 아름다운 카페로 포토존으로도 좋고 테이블의 간격도 넓어 쾌적함.
커피 원두도 신선해서 커피향과 맛에 만족",6달 전
 별표 5개 ,맛있어요,7달 전
 별표 4개 ,,7달 전
 별표 5개 ,"분위기 좋고
커피맛도 좋았습니다~",8달 전
 별표 2개 ,,8달 전
 별표 5개 ,맛있어요,9달 전
 별표 3개 ,,9달 전
 별표 5개 ,,9달 전
 별표 5개 ,갤러리 그림 감상과 커피한잔 그리고 산속의 저택같은 분위기,9달 전
 별표 5개 ,"갤러리카페인 만큼 예쁘고, 차분한 느낌의 카페로 각종 모임에 좋은 공간이었어요! 2층은 전시 및 작품 판매도 되고있어서 구경 및 문의할 수 있어서 좋았어요!",10달 전
 별표 4개 ,한가하구 수준있는 작품들있고 티 맛도 좋았어요:),10달 전
 별표 5개 ,"아트리움 너무 좋아요^^)/
조경도 잘해놓으셨구 커피맛도 좋구요.
분위기도 좋아요♡",10달 전
 별표 3개 ,,10달 전
 별표 4개 ,,11달 전
 별표 1개 ,커피값이 너무  비싸요..,11달 전
 별표 4개 ,갤러리카페인걸 감안해도 비싼 음료값이 흠,11달 전
 별표 4개 ,,11달 전
 별표 4개 ,,11달 전
 별표 4개 ,비싸요,1년 전
 별표 5개 ,건물경관이  멋저요,1년 전
 별표 5개 ,,1년 전
 별표 5개 ,나만알고싶은 장소,1년 전
 별표 5개 ,,1년 전
 별표 5개 ,"맛도, 분위기도 전부 좋았습니다😄",1년 전
 별표 5개 ,분위기가 너무 좋네요^^,1년 전
 별표 4개 ,,1년 전
 별표 4개 ,"(Google 번역 제공) 인스타 감성 카페!

(원문)
What a Instagrammable cafe!",1년 전
 별표 4개 ,,1년 전
 별표 4개 ,,1년 전
 별표 3개 ,분위기는 괜찮아요,1년 전
 별표 5개 ,,1년 전
 별표 5개 ,,1년 전
 별표 5개 ,"도심속에 휴식처.
커피도 케익도 굳~~",1년 전
 별표 5개 ,카페가 아주 이쁘네요,1년 전
 별표 5개 ,,1년 전
 별표 4개 ,크로플 진짜 맛있어요. 티라미슈커피는 쪼금 느끼해요. 좀 과하긴한데 인테리어 그럭저럭 괜찮고 정원이 넘 좋아요!!,1년 전
 별표 5개 ,찐분위기굿. 짱임. 맛도있고 좋아요,1년 전
 별표 5개 ,매장 있는곳까지  급경사가 있어요. 메뉴들이  무척 맛이 좋고 예쁘게 만들어져나와요. 사진찍으라고 나오는 음식인듯 합니다. 마실수있는 장소도 실내와 실외가 있는데 넓고 예쁘게  꾸며놓아 힐링하기 무척 좋은 장소에요!,1년 전
 별표 5개 ,고급진 카페.,1년 전
 별표 4개 ,디저트와 음료가 맛있고 사진찍을곳이 많아요~,1년 전
 별표 5개 ,,1년 전
 별표 4개 ,넓고 좋은데 가격대비 맛이 좀ᆢ그래요,1년 전
 별표 5개 ,"음료는 맛이 없지만
분위기있고 좋아요",1년 전
 별표 5개 ,음료 나쁘지 않았다. 뷰도 괜찮았다. 너랑 같이가서 5점.,1년 전
 별표 5개 ,,1년 전
 별표 4개 ,가는 길 언덕이 롤러코스터 타는 기분이 들 정도고요. 제가 간 시간에 사람이 많지 않아 주차 쉽게 했어요. 정원이 푸르르게 잘 가꿔져있어요. 음료 가격은 비싼편이지만 특별하지 않아요. 아메리카노에 샷추가 했는데도 밍밍했어요.,1년 전
 별표 4개 ,넓은 장소와 분위기가 너무 좋았어요.,1년 전
 별표 5개 ,"멋진장소인데요
갤러리인지커솦인지
도심속에아늑한휴식처로선
손색이없네요~~^^",1년 전
 별표 5개 ,예뻐요 크로플 크로와상 와플 맞나요? 꼭 드셔보세요~^^,1년 전
 별표 4개 ,커피값이  다소 비싼감이 들지만  넓어서 괘적합니다  분위기도 좋고  루프탑도있고  갤러리도 있어요,1년 전
 별표 4개 ,,1년 전
 별표 5개 ,전좌석  베리굿~^^,1년 전
 별표 4개 ,커피맛도 좋고 분위기도 좋지만 디저트는...글쎄??,1년 전
 별표 5개 ,,1년 전
 별표 1개 ,앉아 있던 의자가 꺼져있어 다소 불편했습니다.,1년 전
 별표 5개 ,,1년 전
 별표 5개 ,"럭셔리하면서도 모던하다~!
2F:갤러리 3F:루프탑
가격은2배이나~,그이상의 가치~!",1년 전
 별표 4개 ,"분위기 너무 좋은 송도카페
크로플이랑 케이크도 너무 맛있고 인테리어도 너무 잘돼있어요
가격이 좀 비싸서 데이트나 특별한날에 또 다시 가고싶어",1년 전
 별표 5개 ,,1년 전
 별표 4개 ,두번째 방문 주차도 쉬운편이고 사람들도 적당히 있다 기분좋게 커피마실수있는곳,1년 전
 별표 4개 ,"일단외관및인테리어가👍 하지만가격에비해커피가맛있거나하지는않음,
직원분도 추천메뉴물어보니 그냥다잘나간다고
친절한여직원분이 말차롤 추천해주셨는데 soso
갤러리가오픈되지않아있어 아쉬웠음",1년 전
 별표 4개 ,,1년 전
 별표 4개 ,,1년 전
 별표 1개 ,,1년 전
 별표 4개 ,좋아요 커피값이 사악하지만 ㅠ,1년 전
 별표 5개 ,,1년 전
 별표 5개 ,,1년 전
 별표 3개 ,그저 그런...,1년 전
 별표 2개 ,그저그런..,1년 전
 별표 4개 ,한적하고 주차가 편해요,1년 전
 별표 4개 ,,1년 전
 별표 5개 ,,1년 전
 별표 5개 ,"조경도 예쁘고 실내도 깔끔해요~
빵도 있고 케이크 종류도 다양~
가격은 비싸요",1년 전
 별표 5개 ,,1년 전
 별표 5개 ,장치 잘하고 사진 전시회장으로서 좋았어요,1년 전
 별표 5개 ,깔끔하고 맛있어요~~,1년 전
 별표 5개 ,"실내가 완전 예뻐요 사장님이 돈을 막 부으신느낌!
다만 음..부분부분 인테리어가 조잡하긴합니다
정말 금수저이신건지 핳핳 커피케이크 다 맛나요

1층실내는 완전 인스타 감성",1년 전
 별표 5개 ,카페가 넘이뻐요~커피맛도 좋고 내부 인테리어도 구구굿,1년 전
 별표 5개 ,인천에 명소 럭셔리갤러리카페. 루프탑카페,1년 전
 별표 5개 ,,2년 전
 별표 5개 ,"너무좋아요 주변에 맛집도 많고 카페2층에는
갤러리도 있어 그림도 감상하고 차 마시며 조용히 대화할수있는곳입니다",2년 전
 별표 4개 ,분위기 좋고 맛있지만 가격이 비쌈,2년 전
 별표 4개 ,,2년 전
 별표 5개 ,,2년 전
 별표 5개 ,깨끗하고 음료도 맛있고 주차장 넓고 야외 테라스도 있어서 좋아요,2년 전
 별표 4개 ,"한번쯤은 가볼만한 카페~~
야경 멋집니다",2년 전
 별표 3개 ,"커피와 케이크가 맛있어서 맘에 드는데 외관에 비해 안 인테리어 별루였어요 그리고 비쌉니다ㅎ 아메넉 잔,바닐라라떼 1잔 그리고  케이크 2개에 6만 원돈 이더 라고요 하하하~~",2년 전
 별표 3개 ,도심속 작은 정원카페에요. 조형물도 멋지게 설치되있고 루프탑도 있어요. 2층 갤러리에 도자전시가 있더라구요. 구매도 가능한듯... 다만 디저트 가격이 만만치 않은 단점ㅜㅜ,2년 전
 별표 5개 ,"훌륭한데, 커피값이  좀 비쌈",2년 전
 별표 5개 ,"커피가격이 근래 가본곳중 가장비싸서 놀랐네요ㅋ
근데 마당부터 옥상까지 들어서는순간 정성껏 잘해놨네요
커피보단 분위기보러 한번쯤은 가볼만해요
특히 밤에 옥상에서보는 야경 추천드립니다
분위기잡을일 있을때 꼭 가보시길",2년 전
 별표 2개 ,,2년 전
 별표 5개 ,,2년 전
 별표 2개 ,가격 비싸고 분위기  그럭저럭,2년 전
 별표 3개 ,1층이 주까페이고 2층이 전시장입니다. 1층내 테이블이 많은편은 아니었는데도 비오는 날이라 그런지 내부 소리가 많이 시끄럽게 들렸습니다. 음료는 비쌉니다. 날씨 좋은날 사진건지러 방문 했으면 달랐겠지만 커피마시면서 쉬어가기에는 매력적이지 않네요.,2년 전
 별표 4개 ,도심속의 힐링장소..,2년 전
 별표 4개 ,,2년 전
 별표 4개 ,인테리어가 잘 꾸며진 카페,2년 전
 별표 5개 ,커피 맛있고 치즈케잌 최고 맛있고ㅋㅋ분위기도 좋아요,2년 전
 별표 5개 ,예쁜 카페에요 좋아요,2년 전
 별표 4개 ,,2년 전
 별표 5개 ,테이블 간격이 넓어서 편하게 대화할 수 있고 분위기도 좋아요,2년 전
 별표 4개 ,,2년 전
 별표 5개 ,"여기는 그냥 미쳤다.
가격은 깡패인데, 분위기와 맛은 더 깡패다.
비싸다고 생각했다가 맛과 분위기보고 고개를 끄덕이는 곳",2년 전
 별표 4개 ,,2년 전
 별표 3개 ,사진 찍기 좋은곳이에요 장소가 예뻐서 음료나 디져트 가격이 비싼가봐요 음료위에 크림은 먹어봤던 것 중에서 손에 꼽아요 커피 자체는 너무 쓰고 별로였어요 디져트는 온도가 아쉬웠어요,2년 전
 별표 4개 ,,2년 전
 별표 5개 ,,2년 전
 별표 4개 ,메뉴. 루프탑.. 뭐하나 빠지는게 없음,2년 전
 별표 4개 ,,2년 전
 별표 4개 ,,2년 전
 별표 4개 ,,2년 전
 별표 4개 ,"시설쾌적하고 좋아요, 가격대는 비싼편이구 저녁10시 Close 아쉽네요",2년 전
 별표 4개 ,깔끔하고 분위기가 괜찮은 카페였습니다 자체 주차장도 괜찮은 편이고 이벤트룸이나 다양한 볼곳이 있었습니다.,2년 전
 별표 5개 ,"이런 외진곳에 이런 까페가 있다는게 신기해요
루프탑도 괜찮고 자리도 널찍널찍하고 마음에 들어요
가격은 좀 섭섭합니다",2년 전
 별표 4개 ,분위기 좋음,2년 전
 별표 4개 ,조용하고 데이트 하기 좋은곳.,2년 전
 별표 3개 ,"송도유원지에 있는 갤러리와 까페가 있는 곳, 까페 내부가 아주 좋아서 그런지 드라마 촬영 (보좌관 등..) 을 했다고 합니다.  1층에는 까페, 2층은 갤러리로 되어 있어요",2년 전
 별표 4개 ,좋은 뷰에 맛있는 커피와 케잌이 있는데 오지 않을 이유가 없다.,2년 전
 별표 5개 ,,2년 전
 별표 5개 ,,2년 전
 별표 4개 ,가끔 우아하고 조용히 커피마시고싶을때 가는곳~주차도 편리! 비싼커피만 아님 굿!,2년 전
 별표 4개 ,,2년 전
 별표 5개 ,"분위기도 좋고 2층 3층에있는 갤러리,루프탑도 괜찮았어요
비가와서 루프탑을 이용하지못해서 좀 아쉬웠지만 커피도 맛있고 좋았습니다",2년 전
 별표 2개 ,,2년 전
 별표 5개 ,"(Google 번역 제공) 맛있는 음료와 우아한 분위기. 약간 비싸지 만 경험과 커피는 돈이 가치가 있습니다. 옥상은 매우 편안합니다!

(원문)
Delicious drinks and elegant atmosphere. A bit pricey but the experience and coffee is worth the money. The rooftop is very relaxing!",2년 전
 별표 5개 ,,2년 전
 별표 4개 ,,2년 전
 별표 4개 ,,2년 전
 별표 5개 ,,2년 전
 별표 5개 ,,2년 전
 별표 3개 ,"분위기 있고 맛도 괜찮은데,가격은 깡패네요.tv에 많이 나와서 그런가?",2년 전
 별표 4개 ,,2년 전
 별표 5개 ,인테리어가 좋은~~,2년 전
 별표 3개 ,,2년 전
 별표 3개 ,"봄 가을에 가면 좋을것 같아요
카페 정원이 넓어 자연을 느낄 수 있고 마침 2층에서 그림 전시가 있어 여유롭게 구경할 수 있었습니다. 다만 커피 가격이 사악하고(아메 6.5) 평일낮엔  중년여성분들 모임이 많은것 같은데  말소리가 공간에 울려 시끄러울 수 있어요~계절이 계절인 만큼 루프탑은 운영을 안하는듯 했습니다",2년 전
 별표 4개 ,"네비로 가는길이 약간 험난해요. 그 동네가 높은 곳에 있어서 언덕길이 아주 가파릅니다.
카페는 이뻐요, 주차장도 일층, 이층있고 카페는 3층까지 있고 야외도 있네요-
내부도 좀 넓고 좋아요 커피맛도 괜찬네요-",2년 전
 별표 5개 ,,2년 전
 별표 3개 ,,2년 전
 별표 3개 ,송도 유일하게 추천할 카페. 단점은 가격이 비싸다,2년 전
 별표 5개 ,,2년 전
 별표 3개 ,,2년 전
 별표 5개 ,,2년 전
 별표 3개 ,,2년 전
 별표 4개 ,,2년 전
 별표 5개 ,분위기가 깔끔해요,2년 전
 별표 5개 ,,2년 전
 별표 4개 ,,2년 전
 별표 4개 ,,2년 전
 별표 5개 ,갤러리 분위기의 카페가 멋져요~,2년 전
 별표 5개 ,,2년 전
 별표 5개 ,,2년 전
 별표 3개 ,약간 그래여,2년 전
 별표 4개 ,"(Google 번역 제공) 여기 카페와 갤러리가 있습니다. 3 층, 1 층은 카페, 2 층은 갤러리, 3 층은 옥상입니다. 옥상에서의 경치가 좋습니다.

(원문)
Here is cafe and gallery. there are 3 floor, first floor is cafe, second floor is gallery, and third floor is roof top. the view from a roof top is nice.",2년 전
 별표 5개 ,,2년 전
 별표 5개 ,,2년 전
 별표 5개 ,,2년 전
 별표 2개 ,커피가격이 좀...비싼듯,2년 전
 별표 4개 ,,2년 전
 별표 4개 ,루프탑.갤러리.정원시설이 흡사 스몰웨딩이나 파티를 꿈꾸기에도 좋은 곳,2년 전
 별표 5개 ,기분전화겸 갔는데 더블쵸코 진짜 맛있음~,2년 전
 별표 4개 ,"직원분들이 정말 친절하다 . 음료와 푸드가격이 조금 비싼편이긴 하다. 단,맛은 좋아요:)",2년 전
 별표 3개 ,,3년 전
 별표 5개 ,,3년 전
 별표 4개 ,,3년 전
 별표 5개 ,,3년 전
 별표 5개 ,,3년 전
 별표 4개 ,해넘이랑 야경이 넘나예뻐요 조금아쉬운점은 옆에 화톳불에서 고기냄새가 .......ㅠㅠ,3년 전
 별표 2개 ,비싸고 계단이없어서 옥상올라가려면 힘듬,3년 전
 별표 5개 ,,3년 전
 별표 2개 ,,3년 전
 별표 4개 ,,3년 전
 별표 5개 ,인천에 이런곳이 있다닛~!!,3년 전
 별표 5개 ,,3년 전
 별표 5개 ,,3년 전
 별표 5개 ,사진 찍으며 대화 하기 넘 좋은 장소 예요,3년 전
