rating,review,duration
 별표 3개 ,딱 보통이었습니다.,18시간 전
 별표 5개 ,,1일 전
 별표 4개 ,분위기 좋고 갯벌체험도 하고ㅋ,2일 전
 별표 5개 ,,2일 전
 별표 3개 ,"밤에가서 그랬는지 밖에 조명은  멋있었는데 3층에서  밖에 야경은 하나도 안보임..
커피맛은 평범, 꿀밤라테도 특이한맛..^_^
다만 분위기는 좋을듯...연인끼리..",2일 전
 별표 5개 ,,6일 전
 별표 4개 ,"주변 카페 중에서 전망이 가장 높은 언덕에 있어서 내방객이 많은 편입니다. 1층은 실내와 야외 테라스, 2층은 실내, 3층은 옥외 카페로 구성되어 있습니다.
주문은 1층에서만 가능한데, 커피류 음료와 빵의 가격이 높은 편입니다. 빵은 맛있는데 커피류와 스무디는 맛이 soso입니다.
주차도 면적이 넓어 나름 편리하고, 증축을 하고 있어 주변 환경이 어수선하고 덜 안전해 보입니다.
카페에서 나오면 해변가 모래사장 진입로로 갈 수 있는 것도 나름 좋은 장점입니다.",6일 전
 별표 5개 ,,1주 전
 별표 5개 ,탁트인 곳이라 가을에 좋음,1주 전
 별표 1개 ,"오프닝 20분전에 도착해서 아래쪽 해변가를 둘러보고 시간 맞춰  입장.
서버들 무지 불친절하더군요 같은 말이라도 예쁘게 말하면 좋게 들릴텐데 한 마디 건낼 때마다 퉁명스럽다 느끼게 되더군요
게다가 클리프도 아닌데 무슨 클리프라고 그러는지 조그마한 언덕위에 있던데.  클리프 분위기 없어요 오프닝에 준비된 빵 종류가 몇 가지밖에 없어서 대강 그럭 저럭 오더했지요 다시 가고싶지 않네요",1주 전
 별표 5개 ,,1주 전
 별표 3개 ,"유명한 카페! 뷰가 좋다
커피는 비싸고 맛은 기대하지말것
뷰가 좋아 유명한 카페 !",1주 전
 별표 5개 ,"메뚜기,방아깨비들이 쪼금 있고 모래 쪽에서 새우깡을 꺼내니까 갈메기들이 많이 모여드네요 ~^^♥어쨌든 괜찮내요 ㅎㅎ",1주 전
 별표 4개 ,바다 구경하기 좋은 카페.. 빵은 맛있었는데 음료는 비싼데 평범했음..,2주 전
 별표 5개 ,매장이 넓고 전망이 좋다. 엘리베이터가 없어 계단을 오르락내리락하기 힘들다. 옥상은 사진 찍기 좋다.,2주 전
 별표 4개 ,뷰 좋음,2주 전
 별표 5개 ,노을이 오지고 지립니다.... 난생 처음 본 서해 노을 너무 예뻤어요!!,2주 전
 별표 5개 ,가을 노을 보기에 좋은 곳이에요.,2주 전
 별표 5개 ,굿,2주 전
 별표 2개 ,,3주 전
 별표 5개 ,아메리카노 맛있음,3주 전
 별표 5개 ,,3주 전
 별표 4개 ,해질녁에 꼭 가보세요 환상적인 낙조입니다.,3주 전
 별표 5개 ,뷰가 좋은곳을 찾는다면 강추,3주 전
 별표 5개 ,"일몰이 예쁜 카페:)
주차장도 넓고 일몰뷰가 최고입니다.
야외 정원도 예쁘고 사진이 잘 나와요.
빵도 맛있어요.",3주 전
 별표 5개 ,넘좋아요,3주 전
 별표 2개 ,맛도 풍경도 그저 그럼,3주 전
 별표 5개 ,,3주 전
 별표 4개 ,"야경이 멋집니다.
다시 가고 싶은집",3주 전
 별표 5개 ,날씨가 좋아 주변 경치를 마음껏 즐겼습니다. 빵도 아주 맛 있고요.,4주 전
 별표 5개 ,,4주 전
 별표 4개 ,,1달 전
 별표 5개 ,"절벽카페 처음인데 뷰가 정말 좋네요
3층 야외가 제일  좋아요",1달 전
 별표 5개 ,3층 테라스 좋음,1달 전
 별표 5개 ,뷰가 좋아요...,1달 전
 별표 5개 ,사람이 엄청많네요 빵은 보통입니다,1달 전
 별표 4개 ,전망이 좋습니다.,1달 전
 별표 3개 ,분위기좋고 멋진곳이지만 사람이 너무많아서 스트레스 받는곳이예요,1달 전
 별표 2개 ,가보고 실망. 거미줄이 ㅠ,1달 전
 별표 4개 ,"어느날부터 한국에머무는동안은 일주일에 한번정도 여유롭게 즐길수잇는장소로 찜
멍 타임시간도 해피하다",1달 전
 별표 5개 ,노을 맛집,1달 전
 별표 4개 ,,1달 전
 별표 5개 ,,1달 전
 별표 5개 ,"썬셋 맛집입니다
주초도 용이합니다 딸기라떼 너무 맛있어요",1달 전
 별표 5개 ,배경이 절벽이라 좋은데 서해인게 아쉽다. 갯벌배경아니고 푸른바다였으면,1달 전
 별표 5개 ,빵도 맛있고 뷰도 좋고,1달 전
 별표 5개 ,,1달 전
 별표 5개 ,뷰가 좋아요,1달 전
 별표 5개 ,"주말임을 감안하면ᆢ사람도 적당히많고 북적댔지만ᆢ음료도 메뉴도 많고, 베이커리 종류가 특히 맛나네요",1달 전
 별표 5개 ,,1달 전
 별표 4개 ,"소금빵은 다른곳보다는 비추!
뷰가좋아서 힐링되는곳 ~주차공간도
은근있어요 평일월요일에도 사람이많더라고요",1달 전
 별표 4개 ,빵이 맛있어요~  밤라떼는 생각보다 그저 그랬어요~,1달 전
 별표 4개 ,,1달 전
 별표 4개 ,풍경이  굿,1달 전
 별표 4개 ,"사람에 너무많어 다시는 가기싫음
전경은좋음바다뷔",1달 전
 별표 4개 ,경치좋네요.,1달 전
 별표 5개 ,마시안 해변이 가장 잘보이는 절벽위의 뷰맛집 카페,1달 전
 별표 5개 ,,1달 전
 별표 1개 ,,1달 전
 별표 4개 ,,1달 전
 별표 4개 ,뷰도 좋고 음료도 맛있네요,1달 전
 별표 5개 ,,1달 전
 별표 4개 ,,2달 전
 별표 4개 ,,2달 전
 별표 4개 ,영종도 뷰 맛집임 해질녁에 꼭 두번 가라,2달 전
 별표 5개 ,"빵이 엄청 맛있음. 강추
시그니처 음료는 별로.. 수박바 맛남.. 수박바 드시는 거 추천. 아이스아메리카노가 무난함.
내부도 예쁘고 주변에서 사진찍을 곳이 많으며 사진이 굉장히 예쁘게 나오니 데이트코스로 추천함.",2달 전
 별표 4개 ,"가족과함께 푸짐하게 잘 막었습니다.
함께나온 겉절이와 깍두기도 아주 맛있었고 해물칼국수도 맛있게 잘 먹었습니다.^^
주인분들도 매우 친절하셨습니다^^",2달 전
 별표 5개 ,"무의대교건너서 둘레길 걷고(1시간소요. 풍광좋은편) 돌아오는길 좌측 언덕에 있음. 무의도여행에서 3번이나 갔는데
바람이 잘 불어서 야외도 좋은 편
나무다리 건너면 보태가 까페 botaga도 있는걸 뒤늦게 알게됨
석양은 엠클리프와 보타가쪽  절벽까지 가서 보시기를 추천. 사진 맛 집",2달 전
 별표 5개 ,,2달 전
 별표 3개 ,"뷰는 좋지만 음료수가격에 비해 양이 너무적다는 생각이...
빵맛도 다른곳에 비해 그저그랬어요",2달 전
 별표 4개 ,뷰와 분위기가 좋고 노을지는 서해안 바닷가가 있어 괜찮습니다.,2달 전
 별표 5개 ,"낙조보러 갔는데 카페 자리가 넘 좋아보였다. 그러나 커피맛이 없다면 매력이 없는데, 커피도 맛있고 포카치아랑 블루베리꾸덕이는 맛이 괜찮았다. 디카페인 커피도 있어서 좋았다.
5시 안돼서 갔는데 2층 창가엔 이미 테이블 만석이고 1층은 창가에 자리가 많았다. 그러나 낙조 보기엔 조금 아쉬워서 3층으로 갔더니 오픈돼 있어 에어컨대신 선풍기가 있었지만 나름 괜찮아서 낙조를 기다렸다. 3층 옆엔 초록 잔디의 포토존이 있었는데 여기가 나름 재미있었다. 조명 들어오고 나서는 또 다른 느낌이라 더 좋았고.
블로그 같은거 보고 기대하지 않아서 더 좋았던 것 같다.",2달 전
 별표 5개 ,"영종도 최고의 데이트 카페를 선정한다면 이곳이 1순위입니다.
베이커리 맛이 만족스러우며 음료 또한 지는 석양과 함께 분위기를 만드는데 한몫을 해냅니다.
한번 방문 추천!",2달 전
 별표 5개 ,,2달 전
 별표 5개 ,디카페인 라떼도 생각보다 괜찮았어요~ 멋진 절벽뷰에요 날씨가 좋았더라면 ㅠ,2달 전
 별표 4개 ,,2달 전
 별표 5개 ,"풍경두 좋구 빵두 맛나구 커피는 좀 써요
스벅커피 좋아하시는 분들은 좋을 듯",2달 전
 별표 1개 ,,2달 전
 별표 5개 ,,2달 전
 별표 4개 ,,2달 전
 별표 4개 ,,2달 전
 별표 4개 ,,2달 전
 별표 4개 ,뷰가 다했다…,2달 전
 별표 4개 ,,2달 전
 별표 4개 ,,2달 전
 별표 3개 ,바닷가 근처라 그런가 사람이 너무 많아 자리가  없음.  타 카페  맛과 별차이 없음.,2달 전
 별표 5개 ,😮,2달 전
 별표 4개 ,클리프라는 이름답게 높은 곳에서 을왕리 해수욕장 뷰를 볼 수 있고 카페가 커서 자리도 많습니다. 함께 파는 빵들도 맛있어요!,2달 전
 별표 5개 ,뷰가 너무 좋아요,2달 전
 별표 4개 ,"3층 야외가 끝내주네요~
뷰 맛집!",2달 전
 별표 3개 ,"풍경은 참 좋은데 ... 너무 시끄럽고, 공간도 협소하고 커피가 6000~7000원의 가격인데 맛 없어도 정말 심하게 맛 없었습니다.
제주도에서 더 좋은 풍경을 가진 카페에서 좋은 시간 보낸 거랑 많이 비교되더라고요.",2달 전
 별표 5개 ,"카페보다 카페와 연결된 외부 정원에서 바라본 바다 뷰가 기가 확! 막힙니다
커피가격 비싸고 빵도 비싸고 오후시간 서쪽으로 넘어가는 햇빛이 귀찮긴 하지만 꼭 한번은 와봐야 할만하다고 생각됩니다
자리 쟁탈전이 심하니 한사람은 주문전 미리 올라가 자리를 잡는게 최우선일듯합니다
주차안내원이 있어서 주차편리합니다
주말에는 전쟁납니다",2달 전
 별표 5개 ,뷰가 멋있어요,2달 전
 별표 5개 ,에레베타없어   노약자 는    힘 들어요,2달 전
 별표 5개 ,뷰가 좋아요 그 이상도 이하도 뭐 없습니다 ㅎㅎ,3달 전
 별표 5개 ,,3달 전
 별표 4개 ,노을 보기 딱 좋은 카페에요. 해질녘에 석양 바라보며 커피한잔 하기 좋았답니다. 주차장도 자리가 넉넉한 편이고요. 을왕리 선셋 카페로 최고같아요. 커피 맛은 잘 모르겠어요.,3달 전
 별표 4개 ,좋아요.,3달 전
 별표 4개 ,,3달 전
 별표 5개 ,뷰가좋아요,3달 전
 별표 4개 ,"뻥뚫린 바다~
뷰는 최고네요, 빵도 맛있어용",3달 전
 별표 5개 ,전망좋은 카페 꼭 가보세요,3달 전
 별표 4개 ,"주차비좁음
화장실깨끗
주변 볼거리 많음
바다가보이고 좋음",3달 전
 별표 5개 ,,3달 전
 별표 5개 ,,3달 전
 별표 4개 ,영종도에 위치한 view가 훌륭한 카페입니다. 저녁 노을이 예쁩니다.,3달 전
 별표 4개 ,"전망이 너무 훌륭하고 주변을 예쁘게 꾸며 놓았습니다.
다양한 빵과 조각케이크, 음료가 있어서 좋아요.
언덕으로 올라가야해서 몸이 불편하신 분은 차로 이동이 편리합니다.",3달 전
 별표 5개 ,경치죽임,3달 전
 별표 5개 ,,3달 전
 별표 5개 ,,3달 전
 별표 5개 ,"바다 풍경도 좋고, 빵도 맛있고 ....",3달 전
 별표 5개 ,,3달 전
 별표 5개 ,루프 야외 테이블에 앉아 정면의 전경을 바라보며 커피를 마시면 기분이 참 좋아집니다.,3달 전
 별표 4개 ,,3달 전
 별표 5개 ,외국같아요,3달 전
 별표 5개 ,"뷰가 좋고 빵 종류가 적당하게 있어
맛있게 먹었습니다",3달 전
 별표 5개 ,분위기 좋은 곳이네요,3달 전
 별표 4개 ,노을이 이뻐요,3달 전
 별표 5개 ,,3달 전
 별표 5개 ,"3개층으로 되어있고 젤위층은 야외랑
작은 다리 연결되있어서 사진찍기도 좋고 흔들의자랑 야외테라스도
따로 있어서 좋긴하더라구요…",3달 전
