rating,review,duration
 별표 5개 ,카페내부가 이쁘고 좌식 자리도 감성 있습니다 솔티 바닐라 커피 특이하고 맛있었어요 티 종류도 괜찮았어요 차이나타운에서 가기에 좋은 카페라고 생각합니다,1주 전
 별표 5개 ,카페에 이런말해도되는지모르겟지만.. 커피보단 음료가 더 맛있는거같아요. 음료 쟝쟝 맛있음... 분위기도 괜찮습니다만 생각보단 죠금 좁음...ㅎㅎ,2달 전
 별표 5개 ,"(Google 번역 제공) 가게가 아주 귀엽습니다. 커피 향이 좋습니다. 멋진 사진 코너가 많이 있습니다.

(원문)
ร้านน่ารักมากเลยค่ะ กาแฟก็หอมอร่อยดีค่ะ มีมุมถ่ายรูปเก๋ๆ เยอะเลย",2달 전
 별표 5개 ,커피도 맛있고 한가로운 한때 보내기좋아요,3달 전
 별표 4개 ,"평일 한적하고 좋았어요
공영주차장 옆이라 주차 편리
커피 맛은 평범해요",5달 전
 별표 5개 ,옥탑과 별실이 있는 곳. 산미가 좋은 커피. 인근 공용주차장이 편리. 강아지가 꼭 귀여운 곰같음.ㅋㅋ,5달 전
 별표 4개 ,"차이나타운 중심에서 유일하게
쉬어가는 템포가 있는집
맛은 쏘쏘",5달 전
 별표 3개 ,"그냥 괜찮아요.
특별히 맛있다는 느낌은 별로 약간 풀냄새가 나는 아메리카노 맛입니다.",6달 전
 별표 2개 ,딱히???.....,6달 전
 별표 5개 ,,7달 전
 별표 5개 ,분위기가 좋아요. ^^,7달 전
 별표 4개 ,"공간 예쁘고 아메리카노 맛있어요
그런데 좌식 방이 너무 추웠어요
바로 앞에 공영주차장이 있어요",7달 전
 별표 5개 ,,8달 전
 별표 4개 ,인근 공영주차장에 차를 세우고서 방문하기 좋음. 분위기 괜찮은 카페,8달 전
 별표 4개 ,"공간 별로 분위기가 달라서 좋아요
티도 특색있고 맛있어요",8달 전
 별표 4개 ,,8달 전
 별표 5개 ,이 근처 카페중 이곳이 제일 좋아 여기만 옴,8달 전
 별표 5개 ,,9달 전
 별표 4개 ,,9달 전
 별표 5개 ,파인애플카모마일 생각외로 너무 맛있어?분위기도좋고 가시는김에 중국제과담 들려서 꼭 공갈빵 사먹기,10달 전
 별표 4개 ,,10달 전
 별표 4개 ,"다다미방을 선점하면 편함.
인천에 많은 일본풍 인테리어의 카페",10달 전
 별표 4개 ,,11달 전
 별표 3개 ,,11달 전
 별표 5개 ,"(Google 번역 제공) 공영주차장에서 바로 갈 수 있습니다. 늦은 시간에 도착했는데 너무 조용하고 평화로웠어요. 직원분들도 친절하시고 카페분위기도 따뜻해요!!! 그러나 전망을 기대하지 마십시오.

(원문)
You can go there directly from public car park. I got there at late time, there was so calm and peaceful. Staff is also kindly and atmosphere of the cafe is warm!!! But don’t expect view.",1년 전
 별표 4개 ,,1년 전
 별표 5개 ,,1년 전
 별표 5개 ,,1년 전
 별표 2개 ,이국적? 일본 분위기 말고는...커피맛은 쏘쏘,1년 전
 별표 5개 ,,1년 전
 별표 5개 ,동네구석에있는 나만알고싶은 아지트같은 카페,1년 전
 별표 4개 ,분위기 좋고 감성 돋네요.,1년 전
 별표 3개 ,,1년 전
 별표 5개 ,일본풍 특유의 분위기 카페. 정원도 잘 꾸며져 있습니다,1년 전
 별표 5개 ,예쁘고 커피 맛있어요~제가 간 날 한가해서 좋았어요,1년 전
 별표 3개 ,"쏘쏘한 육즙만두
울면이라해도 될만한
화이트자장면",1년 전
 별표 5개 ,,1년 전
 별표 4개 ,"인테리어, 커피맛은 굿굿
직원은 쏘쏘",1년 전
 별표 4개 ,산미커피 좋아하시는 분들께 좋아요,1년 전
 별표 4개 ,분위기 좋아요^^,1년 전
 별표 5개 ,,1년 전
 별표 5개 ,"아니 동인천에 이런곳이!?
싶을정도로 인테리어가 귀엽다
비와서 밖은 못앉았지만 날좋은날 가면 꼭 밖에 앉아서 커피먹고싶은곳. ㅎㅎ 담엔 디저트류 품절되기전에 가서 먹어볼거에용",1년 전
 별표 4개 ,,1년 전
 별표 5개 ,공간이 분산되어있는데 나름 내가원하는대로 앉을수있어 재밌고 이뻐요,1년 전
 별표 3개 ,,1년 전
 별표 5개 ,,1년 전
 별표 5개 ,,1년 전
 별표 5개 ,,1년 전
 별표 5개 ,분위기 너무 좋아용,1년 전
 별표 3개 ,,1년 전
 별표 4개 ,"이런장소에 이런곳이?

제 지도검색 능력이 미천하여 찾아가는데 무척 애를 먹었던곳입니다.

공영주차장 바로 옆골목인데 말이죠.

구옥을 예쁘게 손본 곳이고 옥상위쪽 루프탑 테이블도 넓고 구옥 구석구석에 작은 단독 룸 구조의 테이블과 야외 테이블 모두있고
마당도 잘 활용된 멋진 장소같아요~

가끔 이동네 간다면 또 들러보고싶을것 같아요.

멋진 장소같네요.

음료는 쏘쏘예요.

뷰맛집.",1년 전
 별표 4개 ,,1년 전
 별표 5개 ,,1년 전
 별표 5개 ,"카페가 없을곳 같은 곳에 있지만 어느 카페보다 예쁘고 아기자기한 맛, 일본 중정과 정원을 구현해놔서 예쁘고 커피맛도 괜찮음",1년 전
 별표 4개 ,인테리어 진짜 예뻐요,1년 전
 별표 5개 ,"(Google 번역 제공) 차이나 타운의 예쁜 일본식 정원 / 옥상 카페!

(원문)
Pretty Japanese style garden/rooftop cafe in Chinatown!",1년 전
 별표 5개 ,겜성뿜뿜  커피값은 좀 비싼편 그렇지만 맛있다^^,1년 전
 별표 5개 ,사진찍기 좋음. 일본풍 카페. 커피도 맛있음.,1년 전
 별표 5개 ,평일 저녁애 방문했는데 사람이 없어서인지.. 조용하고 좋았아요. 차가 특색있어서 넘 맛있고 공간이 예뻐 재방문하고 싶습니다.,1년 전
 별표 5개 ,"일본 감성이 느껴지는 카페였습니다.
저흰 오픈시간에 맞춰 일찍 갔는데,
집에 갈때보니 사람들이 많아 대기줄도 있었네요.",1년 전
 별표 3개 ,블루보틀이 생각나는 로고 가게이름처럼 일본스러운 인테리어와 분위기 커피는 그럭저럭 베이커리는 오픈된상태로 팔아서 별로,1년 전
 별표 3개 ,커피 맛없음..인스타 사진용카페,1년 전
 별표 4개 ,,1년 전
 별표 4개 ,,1년 전
 별표 5개 ,,1년 전
 별표 4개 ,진짜 이런곳에 카페가 있나 싶을정도로 골목에 위치함. 실내가 이색적임.,1년 전
 별표 3개 ,"아메리카노, 라떼 괜찮아요",1년 전
 별표 4개 ,,1년 전
 별표 5개 ,,1년 전
 별표 3개 ,"젊은커플들이 많이찾는 핫플.
가정집주택을 개조하여 만든곳으로 사진찍기좋은 포인트가 많습니다.",1년 전
 별표 5개 ,"분위기 좋음... 하얀 자갈에 파란 대문, 파란 파라솔 등이 잘 어울려 눈이 즐거운 곳",1년 전
 별표 5개 ,갬성있는 아키라,1년 전
 별표 3개 ,"전형적인 불편한 그래머블(instagrammable) place 였다,아메리카노 샷의 맛은 괜찮았다",1년 전
 별표 4개 ,인테리어 진짜 끝장남 너어어어무 이뻐여 근데 화장실관리가 쪼금 아쉬움 ㅠㅠ,1년 전
 별표 3개 ,,1년 전
 별표 4개 ,감성돋는 카페 굳,1년 전
 별표 5개 ,사진 맛집.. 음료도 맛있어욤,1년 전
 별표 5개 ,인스타에서 핫한 이유가 있었네요 분위기 너무 좋아요.,1년 전
 별표 5개 ,아주 분위기 맛집에다가 치즈케익도 맛나요,1년 전
 별표 5개 ,,1년 전
 별표 4개 ,,1년 전
 별표 2개 ,"매장에 다회용 컵이 있는데도 모든 손님들에게 일회용 컵으로 음료를 제공해주시더라고요. 혹시 머그에 마실 수 있을지 조심스럽게 여쭈었더니, 가능은 하다면서 머그에 담아주셨어요. 쓰레기를 줄이는 방향으로 개선된다면 좋겠습니다-",1년 전
 별표 5개 ,,2년 전
 별표 5개 ,차이나타운속 일본같은 곳이네요. 공간이나 인테리어 모두 만족합니다! 커피도 매우 훌륭한 편이예요. 하지만 양보다는 질로 ...,2년 전
 별표 5개 ,,2년 전
 별표 4개 ,,2년 전
 별표 4개 ,"차이나타운내 카페
공용주차장 후문에 있는 일본풍의 카페
전반적인 분위기가 차분한 느낌",2년 전
 별표 4개 ,,2년 전
 별표 4개 ,"모두 좋을수는 없지만 나름 좋은 곳
화장실
루프탑에 조금 더 신경을 써주세요",2년 전
 별표 4개 ,사람이 너무 많음 분위기는 굿,2년 전
 별표 4개 ,,2년 전
 별표 4개 ,,2년 전
 별표 3개 ,"주문하는곳 좌우에 테이블 있는 공간이랑
주문하는곳 문밖으로 나가면 별채마냥 방처럼 된곳이 네군데 있는데 그중 두곳은 문도없이 뚫린공간이라 여름ㆍ겨울에는 사실상 사용 안하는 공간...

*주문하는곳 좌우에 테이블있는 공간은
자리가 협소해서 한두테이블만 떠들어도 굉장히 시끄럽고 시장바닥됨..
재방문 의사는 없음

위에 옥상에도 테이블 놓고 꾸며놓은 모양인데 내가 갔을때는 비가 오는날이라 올라가보진 않았다
가을쯤에 옥상에 자리잡고 마시기는 좋을듯",2년 전
 별표 4개 ,"인천 차이나타운 좁은 골목 끝에 위치한 아키라 카페.
폭우가 쏟아져 찾아가기 쉽지 않았음.
공영주차장 뒤편 골목에 있어 주차장 주차후 방문하기를 추천.
카페 앞에 아주 좁은 공간이 있으나 경차 아니면 들어갔다 나오기 쉽지 않음.
하늘색 문 입구를 들어서면 마당이 이쁘게 꾸며져 있음.
일식 풍으로 인테리어가 되어있고 가게 내부 또한 그러함.
정갈한 느낌. 본관과 옆에 별관이 있고 별관에도 방이 2개 있음.
건물 옥상에도 자리가 있는것 같지만 비가 와서 못가봄.
음료는 따뜻한 라테와 아키라 화이트 주문.
아키라카페 시그니처 메뉴중 하나로 독특한 커피향과 우유 바닐라 시럽의 조화가 좋았음. 원두는 두가지 중 고를 수 있고 아이스만 있는듯함.
라테도 괜찮았음.
연인들이 데이트 장소로 들릴만한 카페.
평소 날씨 좋을땐 사람이 많을거 같아 붐비지 않는 시간대에 방문하는게 좋다고 봄.",2년 전
 별표 1개 ,음료양도너무적으면서 비싸고 테이블도 넘허술해요...,2년 전
 별표 5개 ,분위기 좋고 커피도 맛있었어요. 다다미방은 노키즈존인데   초등 고학년도 키즈라니 ㅠㅠ 그점이 조금 아쉬웠어요.,2년 전
 별표 5개 ,,2년 전
 별표 5개 ,,2년 전
 별표 5개 ,,2년 전
 별표 1개 ,커피나 인테리어 분위기는 괜찮으나 직원교육이 제대로 안되어있습니다. 8시50분에 화장실 기다리려고 홀에 앉아있었는데 직원들끼리 9시 마감이라고 홀마감도 그 때인줄 아나봐~ 하는 소리를 들었네요. 커피 맛보려고 늦게라도 찾아갔는데 기분나빠서 다신 안갑니다,2년 전
 별표 5개 ,이뻐요,2년 전
 별표 4개 ,,2년 전
 별표 5개 ,주말에ㅠ사람 많어요 아메리카노 말차 맛있음,2년 전
 별표 4개 ,,2년 전
 별표 4개 ,,2년 전
 별표 5개 ,"커피 엎질러서 당황했는데 직원분들이 너무 친절하게 대처해 주셨어요
커피도 맛있고 인테리어도 되게 이뻤습니다. 굿",2년 전
 별표 5개 ,,2년 전
 별표 4개 ,이시국에 이름이 맘에걸리지만. 한적한분위기를 따라올 곳이없음. 날씨가좋아서 야외 좌식테이블에서 친구들과 수다떨기에 좋았음,2년 전
 별표 3개 ,너무너무 시끄러움,2년 전
 별표 1개 ,"탕후루 반입금지까진 OK.
키즈 반입금지라 바로 나왔어요.",2년 전
 별표 4개 ,커피는 무난하고 인테리어 익스테리어가 일본식이라 아기자기하고 사진찍으면서 쉬기 딱좋네요. 옥상도있습니다.,2년 전
 별표 3개 ,"동인천 근처의 소개된 카페로 잡지에서 보고 온 곳. 블루보틀을 연상시키는 인테리어와 로고가 살짝 반감을 가지게 하지만 장소 자체는 교토에 있는 카페처럼 조용하고 정겨운 느낌. 아키라 밀크가 떨어져 아키라 화이트 그리고 싱글오리진을 시켰는데 부드럽고 산미높은 커피를 좋아하는 사람이라면 추천하지만, 개인적으로는 무미건조한 느낌의 커피였음. 차이나타운 한 가운데 있어 근처 분위기와는 대조되어 나름 힐링됩니다.",2년 전
 별표 3개 ,*일반 가정집을 리모델링해서 만든 색다른 커피숍. 옥상에서 인천 바다를 보는 전망이 조금 아쉬움. (전망이 썩 좋지는 않음-바다뷰)방문했을 때 날씨가 따듯하고 좋아서 전체적으로 다 좋아보였음. 주차할 장소는 없으며 골목 끝 쪽에 위치하고 있어 찾기가 쉽지 않음. 차가 다니는 도로에서 골목 끝 쪽을 보았을 때 파란색(새)으로 표시가 되어있는 주택을 확인.,2년 전
 별표 5개 ,아키라화이트 라떼 맛있어요👍 분위기도 좋은 카페~!!,2년 전
 별표 4개 ,"가고싶었는데 근처에 들러 방문한 아키라
사이폰 커피가 있어 좋았고 시그니처 커피도 맛있다 아쉽게도 이날 디저트 종류하 하나 뿐이어서 아쉬웠지만 분위기도 좋고 친절하다",2년 전
 별표 4개 ,,2년 전
 별표 4개 ,특유의 일본 시골 분위기가 좋았고 음료도 그럭저럭! 늦게가면 디저트가 다 팔려있으니 디저트를 먹고싶다면 일찍 가면 좋다,2년 전
 별표 5개 ,,2년 전
 별표 5개 ,,2년 전
 별표 3개 ,,2년 전
 별표 3개 ,"매력있는 카페, 해외여행느낌이랄까.
사람이 넘 많아서 정신없음.",2년 전
 별표 4개 ,,2년 전
 별표 5개 ,,2년 전
 별표 5개 ,,2년 전
 별표 3개 ,장소도 좁고 왜 인기 많은지는 모르겠음 입구에서 사진 찍을라고 가는듯 그거 말고는 커피 맛은 괜찮은편,2년 전
 별표 5개 ,분위기도 좋고 아키라밀크 넘 맛있다,2년 전
 별표 5개 ,아키라 화이트 맛있어요,2년 전
 별표 2개 ,"(Google 번역 제공) 일반 커피는 조금 비싸지 만 분위기는 좋습니다.

장소는 아름답고 세련됩니다.
음료는 괜찮습니다.

사진이 좋아 보인다.

나는 녹차를 물었고 종이컵과 함께 찻잔을 주었다. ???

(원문)
A bit expensive for a regular coffee, but the atmosphere is nice.

The place is beautiful and stylish.
The drinks are just ok.

It looks good on pictures.

I asked green tea and gave me a mug with a paper cup. ???",2년 전
 별표 5개 ,"커피도 맛잇고 분위기도 좋다, 커피 마실 수 있는 공간의 종류가 다양해 각각 다 다른느낌을 준다",2년 전
 별표 4개 ,차가 독특하게 맛 있었고 직원분 매우 친절하셨어요. 그런데방이 너무 추워요,2년 전
 별표 4개 ,,2년 전
 별표 4개 ,커피랑 빵이 있어요 야외테라스 있어요,2년 전
 별표 4개 ,,2년 전
 별표 4개 ,아키라밀크 맛있넹~^^,2년 전
 별표 5개 ,,2년 전
 별표 5개 ,,2년 전
 별표 4개 ,"커피 맛 괜찮음
아키라 화이트 진짜 맛있어요
조용하고 인테리어도 독특하고
요즘 카페들 다니면서 커피 진짜 맛있었는데
오랜만에 괜춘한곳 발견👍🏼",2년 전
 별표 1개 ,다다미방 열라 주워용 ㅡㅡ,2년 전
 별표 5개 ,좋아요,2년 전
 별표 5개 ,커피맛집..,2년 전
 별표 5개 ,분히기좋ㅇㆍ요,2년 전
 별표 4개 ,"앉아서 조용히 커피나 마시고 싶었는데 셀카 명소로 알려 졌는지 오래 앉아 있을 곳은 못 되는 듯 싶다.

카페 안에 다다미방이 있는 건 처음 봐서 신기, 앉아있다 보니 에어컨 빵빵한 방에 다다미는 생각보다 꽤 괜찮은 조합이라는 생각이 든다.

다만 방이 큰 편은 아니라 모르는 사람과 함께 있기엔 조금은 뻘쭘 할지도...
커피는 한 잔, ‘아키라 화이트’로 마셔봤다. 스타벅스의 ‘돌체 콜드 브루’가 떠오르긴 하는데, 우유는 좀 더 고소하고 커피는 좀 더 스모키한 느낌이다.
취향에는 이쪽이 더 나을지도...

카운터에 좋은 차 향이 가득하던데 다음엔 차를 한 번 마셔 야겠다. 품절된 에그타르트도 곁들여서!",2년 전
 별표 4개 ,,2년 전
 별표 4개 ,,2년 전
 별표 4개 ,커피도 맛있고 아기자기 이뻐요,2년 전
 별표 5개 ,아주 좋아요,2년 전
 별표 4개 ,인천의 인스타감성 카페추천,2년 전
 별표 5개 ,"연인 데리고 가면 칭찬 받을거임
분위기 굳
해질녘에 가면 최고",2년 전
 별표 4개 ,평일날 사람이없어 한적하고 분위기에 어울리는 노래가 방안에서 흘러 편안히 있다 갑니다. 커피도 다른데와 다른맛에 고소하고 연합니다.,2년 전
 별표 4개 ,"주차 : 없음 / 북성동차이나타운공영주차장 이용
위치 : 인천 차이나타운 내 (인천역 3번출구)
공간 : 일반 주택가에 위치한 이색적인 카페
일본스타일 카페
가격 : 중
맛 : 중

루프탑과 곳곳에 특색있게 꾸며진 공간이 볼거리",3년 전
 별표 5개 ,,3년 전
 별표 5개 ,괜춘다,3년 전
 별표 5개 ,,3년 전
 별표 4개 ,한옥을 개조한 인테리어가 포근하면서도 안락한 느낌을 줍니다.,3년 전
 별표 4개 ,,3년 전
 별표 4개 ,"가격은 비싼편
분위기는 상급
월요일 쉼
가끔씩 오기 좋은 카페",3년 전
 별표 4개 ,화장실이 남녀공용이라 아쉬운것 빼고는 만족합니다. 주말에 사람이 많으면 자리가 많지않아서 기다리거나 않지못하는 상황이 생길수 있습니다. 별관은 덥다하여 본관에 앉았습니다 씨언해서 잘쉬다갑니다🥰🥰,3년 전
 별표 5개 ,,3년 전
 별표 5개 ,,3년 전
 별표 5개 ,"(Google 번역 제공) 그것은 오래된 집, 매우 세련된 커피 숍에서 개조되었으며 작은 케이크도 맛있습니다.

(원문)
由一間老房子改建成，很有格調的咖啡店，小蛋糕也很好吃。",3년 전
 별표 4개 ,예쁜 가정집 분위기라 사진찍기 좋아요. 커피맛은 보통이에요.,3년 전
 별표 4개 ,"인천역 차이나타운 찾기 어려운 곳에 있는 일본 스타일 인테리어가 인상 깊은 집.
공영주차장 옆으로 주택가 골목길을 지나서 들어가면 정면에 파란새 그림이 그려진 오래전 주택집이 보이고
생긴지 얼마 안됬는데 소문나서 수많은 여성들이 서로에게 간섭되면서 사진을 찍고 있었다.
아기자기한 정원도 매력적이고 사랑방처럼 구분되어 있는 다다미방도 불편하긴 하지만 나쁘지 않았다.
플랫화이트는 개성있는 맛은 아니지만 회전률이 좋은지 신선했고 디저트는 안먹었지만 만드시는건 아닌거 같았다.
가격대도 나쁘지 않고 차이나타운 놀러왔다가 프랜차이즈 카페보단 여기 가보는 것 추천
시간대는 11시쯤 오면 안정권이니 괜히 북적될때 오지 말자.",3년 전
 별표 4개 ,"조금 덥긴했지만 분위기 좋음.
아키라 화이트 가 시그니쳐 메뉴인듯.

많이달지도 쓰지도 않아 부드러움.
배경 분위기는 사진찍기좋음.",3년 전
 별표 5개 ,사진찍기 정말 좋은..그리고 커피도 맛있는 장소.,3년 전
 별표 3개 ,,3년 전
