rating,review,duration
 별표 5개 ,이곳저곳 너무 이쁜 인테리어와 맛있는 빵,4일 전
 별표 5개 ,아이랑 같이 가기 너무 좋아요. 수유실과 편의 시설이 잘되있어서 가족단위로 많이들 오네여,1주 전
 별표 1개 ,"에그마요 샌드위치 맛집!
이었는데 샌드위치 판매 중단해서
이제 탈락!!",2주 전
 별표 4개 ,"규모가 큼
커피맛은 쏘쏘
인테리어 ㅇㅖ쁨
하지만 영종도에 더 좋은 카페들이 많긴함",2주 전
 별표 5개 ,,2주 전
 별표 2개 ,"커피 맛있고, 빵 맛있는데 애기들 데리고 온 부모들이 너무 많네요. 내부가 넓다보니 애기들 소리지르고 울면 도 크게 들려서 정신이 없네요",3주 전
 별표 5개 ,"사람이 너무 많아요 대신 공간은 넓어서 좋네요.

영종도에서 바다를 못보는건 좀 아쉽지만.
음료 베이커리는 맛있어요",3주 전
 별표 3개 ,,4주 전
 별표 5개 ,,4주 전
 별표 4개 ,,1달 전
 별표 5개 ,"(Google 번역 제공) 넓은 점내에서 주차장도 넓습니다.
토일요일 공휴일은 사람이 많았고, 4인석이 만석으로 2인석과 카운터석만 비어있었습니다.

빵도 맛있고, 비교적 싼 가격의 빵은 3000w 소보로 빵이나 케이크 등도 있어, 7500w까지였기 때문에 너무 비싼 가격이라고 생각합니다.
최고의 초콜릿 칩이 들어있는 빵은 외형대로 맛있었습니다.
1개씩 들어 있는 올리브 빵은 별로 보이지 않으므로 시도해 주었으면 합니다. 치즈가 위에 걸려있는 반찬 빵입니다.

커피는, 3종류로부터 선택해, 논카페인 이외를 주문했습니다만, 어느쪽이나 쓴맛이 적고 카페 중에서 평균적으로 조금 싼 정도의 가격으로, 매우 마음에 들었습니다.

밖에서 아이도 올 수 있기 때문에 좋습니다. 아기용 의자도있었습니다.

(원문)
広い店内で、駐車場も広いです。
土日祝日は人が多く、4人席が満席で2人席とカウンター席のみ空いていました。

パンも美味しく、比較的安い価格のパンは3000wソボロパンやケーキ等もあり、7500wまでであったので高すぎない価格だと思います。
ベストのチョコチップが入っているパンは見た目通り美味しかったです。
1個ずつ入っているオリーブのパンはあまり見かけないので試してみて欲しいです。チーズが上にかかっている惣菜パンです。

コーヒーは、3種類から選べ、ノンカフェイン以外を注文しましたが、どちらも苦味が少なくてカフェの中で平均的少し安い位の価格で、とても気に入りました。

外で子どもも来れるので良いです。赤ちゃん用の椅子もありました。",1달 전
 별표 4개 ,"넓은공간  탁트여서  답답하지 않음
많은사람들이  찾아서  혼잡 간판이 특색있으나  못볼수  있어요",1달 전
 별표 5개 ,만족만족합니다. 빵도 맛있는데 드립커피도 수준급이었어요.,1달 전
 별표 5개 ,,1달 전
 별표 5개 ,,1달 전
 별표 5개 ,"(Google 번역 제공) 아주 좋은 커피

(원문)
Very gooooood coffe",2달 전
 별표 5개 ,,2달 전
 별표 5개 ,"커피와 음악 빵이 맞있는 집
음악과 배경이 아름다운집
영종에도 이런집이 들어 섰어요
집사부일체 프로그램을 촬영한 커피숖",2달 전
 별표 5개 ,"전경이 넘 좋구,  예쁩니다. 빵도 고급지고 특별해요",2달 전
 별표 5개 ,,2달 전
 별표 5개 ,,2달 전
 별표 3개 ,내외부 경관은 좋다. 하지만 내부는 매우 시끄러워서 직원들 건강에 인좋을듯. 물론 손님도 싫을 듯.  시끄러워서 내부에선 대화를 나누기가 힘들다. 흰색 인테리어를 치중해서인지 테이블 외엔 특별한 인테리어랄게 없다.  즉 음을 반사하기만 하고 흡음하지 않아서 작은 소리도 매우 크게 울린다. 그래서 더움에도 불구하고 밖으로 나왔다.  음악소리를 줄이면 좋겠다.,2달 전
 별표 5개 ,"오랜만에 답답하지 않고 시원시원한 공간.
커피는 진한원두도 산미가 약간 있음.",2달 전
 별표 4개 ,,2달 전
 별표 5개 ,"살려주세요로 말할
뻔 ㅋㅋㅃ
ㅃ응니얼굴 잼민이..............!?!?",2달 전
 별표 5개 ,"음료, 빵, 공간 모두 만족 스럽습니다.
커피 맛 좋습니다.
자몽 음료도 아주 맛납니다.
단층 넓은 공간이 아주 좋습니다.",2달 전
 별표 5개 ,,3달 전
 별표 5개 ,"봄여름가을겨울 계절마다 실내,가든, 루프탑 두루 이용할 수 있어서 좋고, 패밀리 화장실이나 수유실, 기저귀 교환대까지 어린 아이, 유아  아이랑 함께하기 최고인 까페예요~♡커피와 베이커리도 맛있는 지금이곳. 영종도 대형까페중 손꼽히는 까페예요~",3달 전
 별표 5개 ,"매장이 넓어서 좌석 간격이 널찍해서 좋아요
여유가 더 느껴지구요",3달 전
 별표 1개 ,"넓고 깨끗한데..
왠지 직원들이 그닥
친절하지 못한 이유는..
별등급을 깍아먹는다..",3달 전
 별표 4개 ,,3달 전
 별표 5개 ,"빵도  맛있고 넓어서  좋아요.

그만큼  사람도 많구요..

음료는  좀 비싼듯.",3달 전
 별표 5개 ,"분위기도 맛도 서비스도 모두 좋았지만
특히 빵맛이 짱요",3달 전
 별표 4개 ,"야외 테이블 있는곳이 관리가 잘되어 있음.
실내도 넓고 커피와 빵도 맛있음.",4달 전
 별표 4개 ,,4달 전
 별표 5개 ,,4달 전
 별표 5개 ,,4달 전
 별표 5개 ,이동네 핫플레이스,4달 전
 별표 5개 ,,5달 전
 별표 5개 ,맛있는빵 먹고 기분좋아지는곳 금방 만든빵,5달 전
 별표 4개 ,,5달 전
 별표 5개 ,,5달 전
 별표 3개 ,,5달 전
 별표 5개 ,,5달 전
 별표 3개 ,넓은공간 심풀한 디자인 모두참 좋았습니다~~~♡,5달 전
 별표 5개 ,좌석도 좋고 빵이 맛있어요,5달 전
 별표 5개 ,,5달 전
 별표 5개 ,,5달 전
 별표 5개 ,와우 백운산 등산후 커피한잔 좋은장소입니다!,5달 전
 별표 5개 ,"커피도 맛있고 빵도 맛있고~♡
소금빵에 아이스커피 최애~♡",6달 전
 별표 5개 ,,6달 전
 별표 4개 ,넓고  깨끗한매장,6달 전
 별표 4개 ,"커요...
넓어요~
야외도 있고 자리선택의 폭이 넖어요~^^
주차장 넓고 깔끔합니다~",6달 전
 별표 5개 ,"주차는 50대이상
구역별 의자테마가 다름
커피는 원두 3종중 선택가능
에이드계열과 뱅쇼같은 티조류도 괜찮음
빵은 약20종정도 보유되고 케익도 2종이상임
음악은 별도로 나오지않음
단층구조의 통으로된 강당수준이라 말소리의울림있음
2층은 날씨좋으면개방됨
노씨뷰, 밭뷰!!",6달 전
 별표 5개 ,,6달 전
 별표 5개 ,,6달 전
 별표 5개 ,여름에 다녀왔는데 사진 정리하다보니 지금 올리게 되네요 영종도에서 가볼만한 카페입니다. 다른 카페랑 다르게 논밭뷰가 인상적이죠 여름에는 녹색 논뷰 가을에는 황금빛 논뷰네요 ㅎ,6달 전
 별표 5개 ,라떼가 맛있는 곳,7달 전
 별표 4개 ,,7달 전
 별표 4개 ,분위기 좋고 아주 넓은 주차공간과 매장 커피 맛도 좋와요,7달 전
 별표 4개 ,,7달 전
 별표 5개 ,"음료는 소소
자리간격넓고 쾌적함
주차자리 충분함",7달 전
 별표 5개 ,주차장 넓고 빵이 맛있어요,7달 전
 별표 4개 ,"(Google 번역 제공) 멋지고 큰 카페. 특히 빵...!! 좋아요!!

(원문)
Nice and Big Cafe. Especially, Bread...!! I like it!!",7달 전
 별표 4개 ,"까페 공간이 넓어서 좋네요
단, 주변 경관은 없어요 ㅋ",7달 전
 별표 5개 ,,7달 전
 별표 5개 ,,7달 전
 별표 5개 ,"주차장도넓고 분위기도 좋아요
맛난빵들이 넘 많고~~~
크루아상은 포장해와서 먹었는데
말차가나슈크루아상이 젤 맛나더라구요♡",7달 전
 별표 4개 ,,8달 전
 별표 5개 ,의자만 불편하고 주차 시그니쳐라떼 빵 다좋다,8달 전
 별표 4개 ,,8달 전
 별표 5개 ,,8달 전
 별표 5개 ,"장소가  넓어  아이와 같이  가기좋은
카페",8달 전
 별표 5개 ,커피랑 빵 마싯!! 뷰는별론데 정원이 깔끔하규예뻐염 포토존도많음! 카페자체가 깔끔 예뿜,8달 전
 별표 1개 ,,8달 전
 별표 5개 ,,8달 전
 별표 5개 ,,8달 전
 별표 4개 ,"이런곳이 있었나요?
주차장도 넓고 매장안도 쾌적하고 좋습니다.
여러분께 강추합니다 ~~",8달 전
 별표 4개 ,,9달 전
 별표 5개 ,,9달 전
 별표 5개 ,커피맛도 좋고 자리도 좋아요.,9달 전
 별표 5개 ,인테리어가 이쁘고 빵과 커피가 맛있는곳,9달 전
 별표 5개 ,"아기랑 가기 정말좋아요
가족화장실도있고
전체적으로 가격도 저렴하네용~^^",9달 전
 별표 4개 ,,9달 전
 별표 4개 ,커피 먹기 좋은곳임다.,9달 전
 별표 5개 ,굿 입니다 ~^^,9달 전
 별표 5개 ,"(Google 번역 제공) 좋은 음료와 신선한 빵 페이스트리가 있는 매우 아름답고 평화로운 카페.

(원문)
Very beautiful and peaceful cafe with good drinks and fresh bread pastries.",9달 전
 별표 4개 ,"넓은 공간, 맛있는 빵! 아이들, 가족단위 많아요.",10달 전
 별표 5개 ,"분위기좋고..
커피는 쓴거싫어하는분은 연하게해도 씁니다

좌식이있어서 편해요",10달 전
 별표 4개 ,맛난커피 마시러갔다가 빵맛에 놀랐습니다. 영정도 가면 또가고싶은 커피 생각나요,10달 전
 별표 5개 ,,10달 전
 별표 5개 ,"점심먹고 인근에 위치해있는 '지금이곳'
넓은 잔디마당에 앉을수있는 의자세트을 품고있는
주차장도 꽤 넓어 이미 많은 차들이 주차해있네요

방금 밥도 먹었는데도
군침도는 맛난 빵들이 유혹을 하고있네요
결국 유혹을 내치지 못하고 하나가득 다양한 빵들과
1인 1음료 주문하고

미술품과 실내 인테리어 보느라
여기저기 둘러보는 맛이 좋네요

소문이 탔는지 많은 사람들이 자리잡고있어
경치좋은 자리 얼릉 겟하고 느긋하게 커피와 다양한 빵을 먹어보며 즐거운 커피타임을 즐겨봅니다",10달 전
 별표 5개 ,모단힌분위기,10달 전
 별표 5개 ,,10달 전
 별표 1개 ,"키즈카페느낌,  공사장뷰,논밭뷰 별로 주차장만 넓음",10달 전
 별표 4개 ,,11달 전
 별표 5개 ,계란들어간빵 진짜진짜 맛있었고 마늘바게트도 넘넘 맛있었어요.,11달 전
 별표 5개 ,영종도 깔끔한 카페,11달 전
 별표 3개 ,,11달 전
 별표 5개 ,,11달 전
 별표 5개 ,,11달 전
 별표 5개 ,,11달 전
 별표 4개 ,바다뷰도 아니고 무슨 뷰도 아니지만 넓고 쾌적해서 괜찮았다.빵 종류도 많아서 좋았음!,11달 전
 별표 5개 ,좋음,11달 전
 별표 5개 ,"별점은 5개지만 큰 특색은 없네요.
깔끔하고 빵은 맛있었어요.
청소가 잘 안되어 있고, 오래된 의자는 교체해야 할것 같네요.",11달 전
 별표 4개 ,,11달 전
 별표 5개 ,깔끔하고 잘해놨네요,11달 전
 별표 4개 ,좋아요~ 일단 방문 추천 ^^,11달 전
 별표 5개 ,,11달 전
 별표 4개 ,,1년 전
 별표 4개 ,,1년 전
 별표 4개 ,,1년 전
 별표 3개 ,젊은이들의 데이트코스 뷰가 꽝임  비닐하우스뷰 공사장뷰 빵 종류별로없음,1년 전
 별표 5개 ,,1년 전
 별표 3개 ,,1년 전
 별표 3개 ,결제하시는분 한분밖에없어서 너무 줄이길어요,1년 전
 별표 4개 ,전체적으로 깔끔하며 예술성이 있어보이는 인테리어가 아주 맘에 든다.,1년 전
 별표 4개 ,"넓은 주차장과 넓은 실내
먹을것도 괜찮고 사진 찍으면 이쁜 곳이다.
하지만 화장실 위생에 조금더 신경이 필요해보였다",1년 전
 별표 5개 ,,1년 전
 별표 5개 ,,1년 전
 별표 4개 ,크고 깔끔하고 인테리어 예쁘고 좌석 간격 있고 주차장도 굳 👍  가족단위로 가기 좋음,1년 전
 별표 4개 ,실내 및 실외 모두 깨끗하고 널버 좋아요. 물론 빵과 음료 모두 맛나요.... 시간보내기 좋아요,1년 전
 별표 4개 ,,1년 전
 별표 5개 ,매장도 크고 깔끔합니다 탁트윈 느낌이라서 답답하지 않고 커피와 빵 모두 맛있었어요 시간별로 빵이 나와서 모든 빵을 보고싶다면  12시 이후에  가는것을 추천드려요,1년 전
 별표 5개 ,,1년 전
 별표 5개 ,,1년 전
 별표 4개 ,외딴곳에 있긴하지만 규모나 분위기가 좋아요,1년 전
 별표 5개 ,"커피가 매우 맛 있습니다

일부러 찾아 갈 정도 입니다.",1년 전
 별표 5개 ,깔끔한 분위기애 개방감까지 커피도 맛있어요,1년 전
 별표 5개 ,카페가 넓고 환한 느낌입니다.,1년 전
 별표 5개 ,언제 가도 좋고 맛있는데 입장시 체크하는 여자분 넘 딱딱해요 인사성도 없고 ㅠ,1년 전
 별표 5개 ,,1년 전
 별표 5개 ,,1년 전
 별표 5개 ,,1년 전
 별표 4개 ,,1년 전
 별표 5개 ,,1년 전
 별표 5개 ,,1년 전
 별표 5개 ,조아요..맛잇어요,1년 전
 별표 5개 ,,1년 전
 별표 5개 ,빵과 커피가 맛있는 분위기 좋은 카페,1년 전
 별표 5개 ,카페 이뻐용 ㅎㅎ 늦게가서 빵은 못먹엇지만...,1년 전
 별표 4개 ,"분위기는 좋아요 차도 좋고
이상하게 휑 하네요",1년 전
 별표 5개 ,지역별 카페중에서 최고입니다. 넓은 실내외로 코로나 걱정 잠시 잊고 편하게 차한잔과 빵한조각 했습니다,1년 전
 별표 5개 ,비포 선라이즈 색이 정말 예뻐요,1년 전
 별표 5개 ,"맛있습니다
0무화과앙버터는꼭드시길",1년 전
 별표 4개 ,마늘빵 맛 있어요,1년 전
 별표 5개 ,,1년 전
 별표 4개 ,,1년 전
 별표 2개 ,,1년 전
 별표 5개 ,,1년 전
 별표 4개 ,,1년 전
 별표 5개 ,,1년 전
 별표 1개 ,직원이 너무 무례합니다.,1년 전
 별표 5개 ,맛있는 커피와 빵. 상대적으로 저렴한 가격.,1년 전
 별표 5개 ,넓직하고 좋네요. 빵이 좀 빨리 떨어져 아쉬웠어요.,1년 전
 별표 4개 ,,1년 전
 별표 4개 ,,1년 전
 별표 4개 ,넓은 주차공간 쾌적하게 넓은 공간이 있습니다,1년 전
 별표 4개 ,"인테리어 깔끔하고
빵맛 좋아요
가격은 좀 세요…",1년 전
 별표 3개 ,"(Google 번역 제공) 좋은 장소

(원문)
Good place",1년 전
