rating,review,duration
 별표 5개 ,자연의 꽃향기와 꽃들의 조화~아름다운 정원도 넘 예쁘네요~사진으로 추억 만들기~연인끼리 ~딱입니다.,3일 전
 별표 5개 ,멋있어요,1주 전
 별표 5개 ,"아름다운 정원이 있다.
가드닝의 자취가 느껴진다
로즈스텔라라떼 한잔의 향기가 좋다",3주 전
 별표 4개 ,,1달 전
 별표 1개 ,,1달 전
 별표 5개 ,기분좋은 휴식♡ 집근처 좋은 힐링장소 찾았네요,1달 전
 별표 5개 ,"소문대로 여자들이 반할만한 카페네요.잘 관리가 된 예쁜정원과 엔틱소품.꽃들까지도 놓치기 싫은~^^카메라를 부르는 포토존이 많아서 찍고 또 찍어 왔네요.
평일 6시반.주말7시반 매주 월요일.법정공휴일 휴무에 30분전까지만 주문 가능하니 시간 확인후 방문하심이 좋을꺼 같네요~",2달 전
 별표 5개 ,,3달 전
 별표 5개 ,,3달 전
 별표 5개 ,,4달 전
 별표 5개 ,,4달 전
 별표 5개 ,,4달 전
 별표 5개 ,,4달 전
 별표 4개 ,외관은 물론이고 내부 인테리어도 아기자기 하고 예뻐요. 그렇지만 좌석들이 가깝고 사람들이 너무 많아서 온전히 즐기기는 어려워요ㅠㅠ,4달 전
 별표 5개 ,너무 예뻐요... 봄 그 자체,4달 전
 별표 5개 ,"꽃구경 하며 잠시 차 한잔 하고 싶을 땐 요기!  단, 주말은 붐빈다니 평일 추천...장소가 넓진 않음..  13세 미만 노키즈임",5달 전
 별표 5개 ,,5달 전
 별표 1개 ,,5달 전
 별표 4개 ,여전히 예쁘네요,5달 전
 별표 5개 ,,6달 전
 별표 5개 ,,6달 전
 별표 5개 ,"인테리어가 너무 이쁘고 좋아요 👍👍👍 내부가 협소해서 자리가 없더라구여ㅠ 아쉽
그래도 데이트하러가기 좋은거 같아요
커플들이 아주고냥 많아요 ㅋㅋㅋㅋ",6달 전
 별표 5개 ,"너무 예쁘고 사랑스러운 곳
주인분의 섬세한 손길이 구석구석 안 닿은 곳이 없어요
음료도 심지어 맛이 좋습니다 완전 대추천이요❤️",6달 전
 별표 4개 ,예쁜 카페,6달 전
 별표 5개 ,,6달 전
 별표 5개 ,사진  잘  나오는곳~,7달 전
 별표 5개 ,"조용한 카피숍입니다
꽃향기가 가득한 곳입니다",7달 전
 별표 5개 ,,7달 전
 별표 5개 ,,7달 전
 별표 4개 ,추우니까 바깥 구경이 어려웠다 식물원이 닫혀있어 보지 못해 아쉽네요,8달 전
 별표 3개 ,옛날집을 고쳐서 찻집으로 활용한집 식물이 많아 좋긴한데  수제차는 별루 사다판다는 케잌들은 다맛나요 특히 녹차케잌이 굿,8달 전
 별표 4개 ,"분위기 맛집, 음료는 평범.
앤틱한 분위기에 곳곳에 식물이 있어서
어딜보나 사진찍을 곳 뿐인 예쁜 공간.
다만 음료는 전체적으로 7~8천원인데 비해 맛은 너무도 평범...",8달 전
 별표 3개 ,개냥이가 이뼜댜,8달 전
 별표 5개 ,,9달 전
 별표 5개 ,"예쁨, 봄 여름 사이에 오면 더 푸릇한 식물 많이 볼 수 있어서 좋을 것 같음!",9달 전
 별표 5개 ,이 때 까지 갔던 카페중에 최고에요!!!!!,9달 전
 별표 5개 ,별 5개는 너무 적어요!! 100개는 있어야 할듯...,9달 전
 별표 4개 ,"평일 임에도 야외까지 만석이다.
여성분들이 좋아 할만한 카페~
커피는 산미가 있고 가격도 비싼편",9달 전
 별표 5개 ,가볍게 다녀오기 좋아요,10달 전
 별표 5개 ,,11달 전
 별표 5개 ,"가을정취를 느끼며 아메리카노와 네잎크로버를 선물받았네요ㅎㅎ
방문하고 행복채우고 가요",11달 전
 별표 3개 ,,11달 전
 별표 4개 ,"사진찍기 좋고 조용히 풍경을 즐기긴 좋아요!
바닐라빈라떼 시켰는데..
적당히 달고 상당히 맛있어요!
차도 진짜 맛있구여~~

그런데 실내는 너무 다닥다닥 붙어있고
공간이 잘 울려서 상당히 시끄럽더라구요;;
(제가 있었을 때 아줌마들이 많아서 그랬을 수도 있구요~~;)

대중교통으로 가기는 상당히 어려울 듯 하구요
자차 이용하셔야 하는데
바로 앞에 3대 가능합니다.
50미터 더 가면 전용주차장 있다고 하는데
안 가봐서 얼마나 넓은지는 모르겠네요~~;;

그래도
또 가보고 싶은 곳입니다!!^^",11달 전
 별표 4개 ,,11달 전
 별표 3개 ,비싸고 생각보다 작음,11달 전
 별표 5개 ,"힐링되는  곳
유럽의 아주 예쁜 가정집 ~~느낌",11달 전
 별표 5개 ,"큰언니와 작은언니랑 지인오빠랑 언니들이 추천한 카페를 찾아서 처음 가본 곳!!
그야말로 환상이다. 아늑한 느낌, 시골의 한적한 느낌, 산사의 고즈넉한 느낌, 집처럼 포근하고 따뜻한 느낌의 리뷰가 참 좋은 카페였다. 다시 한번 또 가보고 싶은 곳이다.",11달 전
 별표 5개 ,"도심과 가까운 정원
멍때리기 좋은곳
아무 말 않고
바라만 봐도 마음이 힐링되는 곳
규모는 생각보다 넓지 않지만
기분 좋아지는 곳은 확실함~강추!!!",1년 전
 별표 4개 ,,1년 전
 별표 5개 ,뷰~~맛집,1년 전
 별표 4개 ,,1년 전
 별표 5개 ,아이들은 킥!!!  그래서 더  좋았음,1년 전
 별표 4개 ,,1년 전
 별표 4개 ,예쁜 스팟이에여,1년 전
 별표 5개 ,너무 예쁜 카페예요~  힐링하고 왔습니다^^,1년 전
 별표 5개 ,,1년 전
 별표 4개 ,,1년 전
 별표 3개 ,,1년 전
 별표 5개 ,말이 필요없어요 메인인곳입니다,1년 전
 별표 5개 ,분위기 최고. 부모님 모시고 가면 난 효도 끝,1년 전
 별표 5개 ,,1년 전
 별표 5개 ,,1년 전
 별표 5개 ,,1년 전
 별표 5개 ,편안한분위기,1년 전
 별표 5개 ,"아기자기하게 예쁘고
Sns에서 보고 가면
딱 사진 나오는데만 예쁜데
여기저기 구석구석 볼거리도 많고
참 아름다워요",1년 전
 별표 5개 ,예쁘고 직원들 친절해요~,1년 전
 별표 4개 ,"그닥 특색있는건 없어요
여자분들 인스타 그램용
뽀샵 해서 올릴수 있는 포토존이 있어요",1년 전
 별표 5개 ,"(Google 번역 제공) 꽃밭에 자리 잡은 커피숍은 아주 자연스럽고 커피 맛도 괜찮습니다.

(원문)
ร้านกาแฟแบบนั้งในสวนดอกไม้มีความเป็นธรรมชาติมากรสชาติกาแฟถือว่าก็โอเครครับ",1년 전
 별표 5개 ,"이쁜정원, 꽃과 음료 데이트코스로 즐겁게 다녀왔네요",1년 전
 별표 5개 ,,1년 전
 별표 5개 ,"지인언니소개로 다녀왔는데 너무이쁜꽃들로
감싸있어서 마치동화속에나오는곳처럼좋았습니다.",1년 전
 별표 5개 ,수국 가득한 정원 너무 예뻐요. 커피 위에 띄워 주는 식용 꽃들도 너무 이뻤어요^^,1년 전
 별표 5개 ,,1년 전
 별표 3개 ,아기자기하고 예쁜 조그만 카페,1년 전
 별표 3개 ,꽃들 이뻐요 집도 이쁘고 음료는 별로에요...,1년 전
 별표 5개 ,,1년 전
 별표 5개 ,"교통이 불편하긴 하지만 화원도 있고 커피맛도 좋습니다.
꽃다발이랑 화초도 팝니다.",1년 전
 별표 5개 ,,1년 전
 별표 5개 ,"두번째 방문...항상 손님이 많아요^^
이쁜 꽃과 잘 어울리는 카페",1년 전
 별표 4개 ,"홍차￦9000~가격이 넘 비싸다 특별한것도 없고
작지만 정원이란것을 표내려고 애쓴듯
아기자기해요",1년 전
 별표 2개 ,,1년 전
 별표 5개 ,,1년 전
 별표 5개 ,"직접 가보시면 압니다~^^
정원이 크지는 않지만... 아기자기하고 이뻐요~
사진 많이 찍을수있는 곳!!
주차장 따로 있어 주차가편해요.
단점? 은...
커피값이 좀 비싸다는 느낌?
하지만 커피위에 생화로 된 꽃을 보니..
용서가됩니다~^^;;ㅋ",1년 전
 별표 5개 ,건강한 맛 예쁜 공간,1년 전
 별표 4개 ,좋았습니다~산선한 날씨에 가면 좋을거 같아요~ 빨리 둘러본다는 맘 보다는..맘 놓고 편안하게 쉬면서 돌아보면 좋습니다,1년 전
 별표 4개 ,,1년 전
 별표 5개 ,예쁜 꽃도 볼수있고 분위기 좋은. 곳이예요^~^,1년 전
 별표 4개 ,"아담하니 예쁜정원에서 힐링하고 왔어요
날이 좋아서 바람솔솔~~♡ 커피도 레몬에이드도 조각케이크도 다~맛났어요~♡",1년 전
 별표 5개 ,하지만 좀 비싸요.,1년 전
 별표 5개 ,,1년 전
 별표 3개 ,,1년 전
 별표 3개 ,이쁘긴하지만 전원주택 마당을 이쁘게 꾸며놓은 정도이고 주차공간이 없어서 불편함 그리고 사람이 너무 많아 코로나 방역수칙이 지켜지지 않아서 비추,1년 전
 별표 5개 ,"비가 와서 더욱 운치있고 좋았습니다
커피도 맛있네요",1년 전
 별표 5개 ,가게 주변도 한적하고 예뻤어요,1년 전
 별표 5개 ,아름다운 도시의 정원,1년 전
 별표 4개 ,아담하고 아쁨,1년 전
 별표 5개 ,,1년 전
 별표 5개 ,,1년 전
 별표 4개 ,하늘하늘 원피스를 입었다면 추천이요,1년 전
 별표 5개 ,,1년 전
 별표 3개 ,아늑하며 이뻐요,1년 전
 별표 4개 ,,1년 전
 별표 3개 ,,1년 전
 별표 5개 ,,1년 전
 별표 4개 ,,1년 전
 별표 5개 ,"이쁘지 않은 곳이 없어요~~♡♡♡
아늑하고 편안한 느낌의 실내공간에
화초와 소품들이 많아서 힐링도 되고,
분위기도 좋아요!
커피도 맛있고, 케잌도 달콤하니 맛있어요...
사계절 다 너무 이쁠것 같아요♡",1년 전
 별표 5개 ,"사진찍기 좋으나 정작 카메라 입장은 안되는곳, 카메라 입장비가 시간당 10만원부터 시작한다 그렇다고 대관도 아니다. 대관은 30인가 50만원이다 그냥 연인끼리 예쁜 카페와 적당한 포토존을 원한다면 추천하지만 카메라는 그냥 스튜디오 렌탈이 훨씬 낫다

시그니처 음료는 괜찮고 기념품도 파는데 가격이 상당하다 사라는 느낌은 아닌듯하다 꽃가게 이기 때문에 꽃은 예쁘다 하지만 가격이 역시 상당하다

돈이 최고다 언제나 짜릿해",1년 전
 별표 5개 ,"꽃이 많고 앤틱해서 잠시 여행온 기분~~
꽃구경 정원구경 좋아요",1년 전
 별표 2개 ,,1년 전
 별표 5개 ,카페가 너무 이뻐요 노키즈존이라 조용하고 좋습니다,1년 전
 별표 5개 ,꽃도보고 트여있어서 좋았어요,1년 전
 별표 4개 ,방문자수에비해 주차나 내부공간은 좁은편이고 보는즐거움은잇지만 시골덩냄새가 심해요,1년 전
 별표 5개 ,,1년 전
 별표 5개 ,,1년 전
 별표 4개 ,오랫만에 방문했더니 마니 달라져네요~ 외관이 더 예뻐진것 같아요~ 커피맛은 여전히 좋네요,1년 전
 별표 4개 ,생각보다  작았지만 괜찮아요 가격은 사악,1년 전
 별표 5개 ,,1년 전
 별표 5개 ,예쁘고 분위기 좋아요,1년 전
 별표 5개 ,사진찍기 좋아요 예쁘고 아늑해요,1년 전
 별표 5개 ,쉬기 좋은 곳. 커피 값은 비쌈.,1년 전
 별표 5개 ,연인과 같이가면 좋음,1년 전
 별표 5개 ,예쁜 꽃들 예쁜 분위기 예쁜 사람들 그리고 향기로운 커피와 차,1년 전
 별표 5개 ,,1년 전
 별표 5개 ,,1년 전
 별표 3개 ,"커피에 꽃 향기가....전.. 조금 아쉬웟어요!
그래도 디저트나 카페분위기는 쵝옵니다!",1년 전
 별표 3개 ,커피맛은 최악 분위기는 최상. 그러다보니 중간.,1년 전
 별표 5개 ,,1년 전
 별표 1개 ,최악,1년 전
 별표 5개 ,홍차가 맛있고 공간이 아주 예쁘며 사장님 친절합니다,1년 전
 별표 4개 ,분위기 괜찮고 카페도 이쁘지만 커피맛이나 가격은 그냥저냥 함,1년 전
 별표 5개 ,"아기자기하고 조용한카페 음료에 생화를 띄워주시는데
이걸 먹어야될까 말아야될까 고민하게 만듬.",1년 전
 별표 4개 ,"아기자기한 정원과 예쁜 그릇들이 인상적이었어요 다만 손님들에 비해서 주차공간이 적어서 차 주차가 불편한점이 불편했어요 카페의 시그니처 음료는 예쁘고, 맛있어요
예쁜 공간이 적지않아서, 러블리한 원피스 입고서 사진찍으면 좋을 듯 해요",1년 전
 별표 5개 ,가볼만 멍때릴만한 예쁨.,1년 전
 별표 5개 ,,1년 전
 별표 4개 ,,2년 전
 별표 5개 ,,2년 전
 별표 3개 ,,2년 전
 별표 5개 ,,2년 전
 별표 5개 ,,2년 전
 별표 5개 ,,2년 전
 별표 2개 ,가격이 너무 비싸다,2년 전
 별표 5개 ,나만의 힐링장소^^♡,2년 전
 별표 5개 ,,2년 전
 별표 4개 ,"들어가는길이 좁고 주차장이 여유롭지 않습니다.
도심에서 멀지않은곳에서
자연스러운 자연다움과 인공자연을 만날수 있습니다.
내부는 지하같지않은 지하여서 창문이 한쪽만 있는게 아쉽지만 전반적으로 이성과 데이트하기에 분위기가 좋습니다.",2년 전
 별표 2개 ,풍경은 예쁨 음료는 그닥,2년 전
 별표 5개 ,"아기자기한 인테리어, 사진 찍기 좋은 곳",2년 전
 별표 4개 ,카페앞 잔디도 예쁘고 잘 가꾼 정원같아요 코로나 온도 체크도 철저해요,2년 전
 별표 4개 ,,2년 전
 별표 4개 ,노키즈존입니다. 예쁘고 아기자기 사진찍기 좋아요,2년 전
 별표 5개 ,,2년 전
 별표 5개 ,"(Google 번역 제공) 카페 레이아웃이 아름답 기 때문에 사진을 찍는 것이 적합합니다.

(원문)
咖啡廳佈置的很美，很適合來拍照。",2년 전
 별표 4개 ,,2년 전
 별표 4개 ,"아담하고 감성적인 카페를 좋아하시는 분은 추천, 사진 찍는것에 대한 주의사항이 있으므로 들어가셔서 한번 주의사항 읽어보시는 것이 좋음. 맛은 보통임.",2년 전
 별표 3개 ,,2년 전
 별표 5개 ,,2년 전
 별표 4개 ,아기자기하고 예뻐요 주차공간 부족해요,2년 전
 별표 2개 ,"장점, 이쁨
단점, 가격이 너무 나쁨(커피한잔 8천)
알바생불친절",2년 전
 별표 3개 ,생각보다 좁고 음료 가격이 비싸요.,2년 전
 별표 3개 ,입구찿기가 어려움 큰 간판이 필요한듯함. 마감이 7시로 알고 있었으나 육시삼십분으로 허탕,2년 전
 별표 3개 ,,2년 전
 별표 4개 ,조용하고 힐링장소로 추천,2년 전
 별표 5개 ,"정원 있는집.
정원 있는 카페.
정원에는 꽃이 있고 한켠에 미니 식물원같은 공간이 있어요.정원 마당에는 못들어가게 되어있어 아쉽지만 미니 식물원 같은 공간에서 사진 많이 찍는거 같아요.
외부만 이쁜게 아니라 카페 내부도 이쁘답니다.",2년 전
 별표 3개 ,날씨 좋을때가면 꽤 괜찮은곳  내부는 좁고 밖에는 비료냄새 단점,2년 전
 별표 3개 ,"커피는 보통
포토존은 줄서고 ㅋ",2년 전
 별표 5개 ,,2년 전
 별표 4개 ,작은 비밀정원,2년 전
 별표 5개 ,"봄이 느껴지는 아름다운 카페입니다. 정원과 카페건물과 온실이 조화롭고 갖은 꽃과 소장하신 책들과 미술품들이 눈을 즐겁게 합니다.

외진 곳에 있지만 팬미팅이나 CF촬영을 위해 대관섭외가 들어올 만큼 공간관리가 잘 되어 있으며 어딜 찍어도 카메라에 예쁘게 담깁니다.

커피 맛도 괜찮았습니다. 음료 안에 장미꽃을 송이채로 따서 넣어주신 점이 인상적이었습니다.",2년 전
 별표 3개 ,작지만 이쁘고 가격은 숭악합니다.,2년 전
 별표 4개 ,분위기 조성 효과,2년 전
 별표 4개 ,,2년 전
 별표 4개 ,,2년 전
 별표 5개 ,너무 예쁜곳이에요 전 밀크티 먹었는데 좋았어요 꽃이 그냥 우와~~~  이런곳은 여자들이 좋아하는 곳이죵 ㅎㅎ 그래서 한아름 안고갑니다,2년 전
 별표 4개 ,힐링하기 참 좋은 곳,2년 전
 별표 2개 ,"커피맛, 분위기는 OK
주차장, 판매용 화분값은 NO!",2년 전
 별표 4개 ,분위기 좋은 실내장식~~잔잔한 음악이 분위기를 더해줍니다,2년 전
 별표 4개 ,"아기자기 고급스러운소품
수경화초와 화분으로  청정한실내
좋아요 ~
커피와 차도 좋은데 좀 비싼편
또 들리고싶어요~",2년 전
 별표 4개 ,조금 비싸지만  맛은있구요 여름엔 꽃구경하러가네요  겨울엔 볼거없어요,2년 전
 별표 5개 ,"우선 직원분들이 가족이신거 같으신데 엄청 친절하고요
카페 분위기가 좋고 깨끗하고 예쁩니다.",2년 전
 별표 5개 ,"이곳은
몬든게
하나하나
정성이보였구요

꼭
가봐야할곳이더라구요
또
가보고싶게만드는곳예요",2년 전
 별표 3개 ,,2년 전
 별표 3개 ,예쁘지만 주차가 길가에 그냥 해야함.,2년 전
 별표 3개 ,인천촌에있는 카페치고는 비싸다.  진짜 개비쌈,2년 전
 별표 4개 ,주택 지하를 개조한 카페... 아기자기한 다양한 소품과 화초와 말린 꽃들이 있으며 아담한 잔디정원이 있다. 유리로 된 온실에서도 차를 마실 수 있도록 자리가 마련되어 있으며 온실로 들어서면 허브향기로 가득하다.  대실할 수 있는 공간도 갖춰져있다. 아쉬운 점은 옆자리와의 거리가 가까워 조용히 차를 마시기에는 부적합하다. 차 맛은 좋다고는 할 수 없는 보통정도다.,2년 전
 별표 3개 ,,2년 전
 별표 5개 ,,2년 전
 별표 5개 ,너무 예쁘고 조용하고 좋다 문닫는시간이 빠르니 참고하세요,2년 전
 별표 4개 ,"예뻐요 확실히
비싸긴 비쌈",2년 전
 별표 4개 ,,2년 전
 별표 3개 ,주차공간 없고 시끄럽고 비싸고,2년 전
 별표 5개 ,"사진이 예쁘게 나오고 이곳저곳 신경을 많이 쓴것 같아요
원래 커피는 분위기로 마시는 거잖아요 ^^",2년 전
 별표 3개 ,,2년 전
 별표 4개 ,분위기 좋아요,2년 전
 별표 1개 ,19/11/17일날 갔는데 마을 공사로 인하여 19/11/22일 11시부터 정상영업한대여........ 구글엔 영업중 떠있어서 따로 네이버지도 안찾아보고 간거거든요....ㅠㅠㅠㅠㅠㅠㅠㅠ........ 헛걸음했네요.........,2년 전
 별표 5개 ,,2년 전
 별표 1개 ,"둘이서 음료만 두개시켰는데 좀 비싸네요 만오천원
그리고 평일 두시쯤갔는데 사람들 넘 많고 시끄러웠어요ㅠㅠㅠ
힘들게갔는데 예쁘다해서 구경하면서 쉬고 오고싶었는데 그렇게못했네요 직원도 불친절하고 조금만 앉아있다가 나왔어요",2년 전
 별표 1개 ,비싸다 솔직히 여기에 이거밖에 없는데 만족도가 떨어짐. 대중교통 타고 왔는데 혹시 오실분은 차시간도 잘보세요. 차도 별로 안다님.,2년 전
 별표 5개 ,,2년 전
 별표 5개 ,아늑하고  소품들이  예뻐요,2년 전
 별표 5개 ,,2년 전
 별표 5개 ,"이쁘구좋아여
평일에도사람이많아용",2년 전
