rating,review,duration
 별표 5개 ,"★4.2 주문과동시에 만들어지는 수플레. 분위기며 맛이며 좋음. 무언가 선선한 가을이나 겨울에 센치해질때 따뜻한 커피에 몽글몽글 스위트한 수플레하나면 기분도 몽글몽글, 따뜻해져서 나올거같은 카페.",2일 전
 별표 5개 ,"부드럽고 맛있는 수플레집. 밤 11시까지 늦게까지 하시고, 분위기와 친절 모두 굿잡",3주 전
 별표 5개 ,,4달 전
 별표 3개 ,,4달 전
 별표 5개 ,,4달 전
 별표 5개 ,커피도 맛있고 수플레도 맛있네요!,6달 전
 별표 5개 ,분위기 좋고 맛있었음,8달 전
 별표 4개 ,수플레에서 계란맛이 많이나서 맛있어요!,9달 전
 별표 4개 ,수플레 팬케이크와 자몽쉐이크가 맛있음.,1년 전
 별표 5개 ,,1년 전
 별표 3개 ,글쎄요 맛이 기억이 별로..,1년 전
 별표 5개 ,개맛,1년 전
 별표 5개 ,"맛있는 수플레 팬케이크와 음료
수플레에서 밀가루향이 안나고 맛있어요!",1년 전
 별표 4개 ,,1년 전
 별표 5개 ,"맛있다. 많이 먹기에는 좀 느끼하다고 해야하나?
수플레는 1~2개 먹는게 적당한 듯.",1년 전
 별표 4개 ,분위기 좋고 사람도 많아요. 수플레는 가격대비 나쁘지 않지만 커피는 조금 가격대가 있다고 생각합니다. 수플레가 나오기까지 시간이 좀 걸리는 편이였으나 맛이 좋아서 별로 불만스럽지 않네요😆,2년 전
 별표 5개 ,산 좋고 물 맑은 곳,2년 전
 별표 5개 ,마싯,2년 전
 별표 5개 ,"맛도있고 분위기도 좋고 커피 기본 투샷~맛있으니 더욱더 굿굿~
가보고 2접시 흡입~1인1접시 다음번 도전~ㅋㅋ",2년 전
 별표 4개 ,맛있어요~,2년 전
 별표 5개 ,,2년 전
 별표 5개 ,,2년 전
 별표 5개 ,,2년 전
 별표 4개 ,"수플레가 푹신푹신 보드랍고 맛있어요. 자몽에이드에 들어가는 자몽청도 과육이 크고, 탱글탱글하고 맛있습니다🐾",2년 전
 별표 5개 ,수플레 맛집,2년 전
 별표 4개 ,뜨근한맛이 일품입니다,2년 전
 별표 5개 ,,2년 전
 별표 4개 ,수플레 jmt!! 분위기가 되게 독특해서 아늑한느낌!?,2년 전
 별표 1개 ,살쪄요,2년 전
 별표 4개 ,수플레는 맛도 좋고 양도 많아요,2년 전
 별표 5개 ,,2년 전
 별표 5개 ,맛있어요 테이크아웃 안되고 노키즈존입니다,2년 전
 별표 5개 ,"수플레팬케이크, 음료 다 맛있음!",2년 전
 별표 5개 ,가성비갑 수플레,2년 전
 별표 5개 ,폭신폭신한 수플레가 맛있는 집,2년 전
 별표 5개 ,,2년 전
 별표 5개 ,작고 아담한 분위기 최고의 수플레 팬케이크�,2년 전
 별표 4개 ,"팬케이크는 카페와 함께 먹기 좋을 정도로 부드럽고 달달하며, 계란맛이 강하게 납니다.
굽는 시간은 최소 20분으로 사람이 많은 주말에는 팬케이크가 나오기까지 최대 40분이 걸릴 수도 있습니다.
- 플레인 팬케이크 11.0",2년 전
 별표 5개 ,퐁실퐁실 촉촉 반숙카스테라같은 질감 인생 수플레,2년 전
 별표 5개 ,,2년 전
