rating,review,duration
 별표 5개 ,,2일 전
 별표 5개 ,"분위기가 좋고 저는 블루지라는 커피 먹었는데, 커피가 특히 너무 맛있어요^^",2주 전
 별표 4개 ,크림모카커피 굿. 아메리카노는 원두를 선택할수 있는데 너무 쓰지도 너무 시지도 않은 균형있는 맛.,3주 전
 별표 5개 ,"(Google 번역 제공) 얼마전에 방문했습니다. 하지만 그들은 정말 좋은 커피를 마셨습니다. 평소에 커피를 잘 안마시는데 여기 커피 진짜 맛있어요. 한국을 여행할 기회가 있다면 이 테일러 커피를 꼭 드셔보세요! 핫플레이스 중 하나인 홍대 인근에 위치하고 있습니다.

(원문)
Visited while ago. But they had really good coffee. I normally don’t drink coffee, but the coffee here is amazing. If you have chance to travel South Korea, you should try this Taylor Coffee! It located close to Hongdae, which is one of the hot place.",1달 전
 별표 5개 ,,1달 전
 별표 5개 ,커피도 접객도 뛰어난 곳♡,1달 전
 별표 5개 ,,1달 전
 별표 4개 ,,2달 전
 별표 5개 ,완성도 높은 시그니쳐 메뉴들,2달 전
 별표 5개 ,아인슈패너 너무 맛있어요!!!,2달 전
 별표 5개 ,,2달 전
 별표 4개 ,"나름 괜찮음
블루진 맛있음
양은 작음
가격은 양 대비 비쌈
직원은 약간 친절
매장은 깨끗",2달 전
 별표 3개 ,"명성만큼은 아닌데…?
굳이 웨이팅은 할필요없을듯
디저트류가 너무 비싸다",2달 전
 별표 4개 ,"테일러커피는 커피맛집입니다
달달한 커피마시고싶어서 골든캐러맬 마셨는데
너무 맛있네요",2달 전
 별표 4개 ,테일러는 어디든 맛나요,2달 전
 별표 4개 ,,3달 전
 별표 4개 ,"(Google 번역 제공) 매장은 넓고 쾌적하며 심플하고 깔끔한 인테리어가 시원합니다. 커피는 훌륭합니다. 그들은 커피에 자부심을 느낍니다. 저는 이곳에 가면 플랫화이트를 자주 마십니다.

(원문)
The store is spacious, comfortable, simple and neat interior is chill. Coffee is excellent. They take pride in their coffee. I often drink flat white when I go to this place.",3달 전
 별표 4개 ,솔직히 너무 기대했으나 그래도 soso했음,3달 전
 별표 5개 ,,3달 전
 별표 5개 ,여기 커피는 항상 맛있습니다.,3달 전
 별표 5개 ,,3달 전
 별표 4개 ,"커피 맛있어서 자주 가는데 매장내 음악소리, 사람들  많아 조용한거 원하면 비추천이예요",4달 전
 별표 4개 ,,4달 전
 별표 4개 ,커피맛이좋아요. 엘로우 에이드도좋아해요,4달 전
 별표 5개 ,항상 맛있어요,4달 전
 별표 5개 ,"커피는 비싸지만 맛으로나 분위기로나 괜찮음
가게가 두 곳으로 나눠져 있음
커피를 주문하면 롤브레드를 주는데 맛있음",4달 전
 별표 5개 ,커피 기본 맛이 탁월하네요.,4달 전
 별표 5개 ,,4달 전
 별표 4개 ,,5달 전
 별표 5개 ,,5달 전
 별표 4개 ,,5달 전
 별표 4개 ,,5달 전
 별표 4개 ,,5달 전
 별표 5개 ,크림라떼 너무 좋아요,5달 전
 별표 4개 ,,5달 전
 별표 5개 ,서울에서 가장 좋아하는 카페 중 하나에요🥰 가격이 저렴하진 않아용,6달 전
 별표 3개 ,,6달 전
 별표 4개 ,분위기도 좋고 맛있어요 전 특히 블루지가 좋더라구요 근데 이제 쿠폰이 없어진대서 넘넘 아쉬워요 쿠폰은 다음 달 말일까지 사용할 수 있대요,6달 전
 별표 4개 ,,6달 전
 별표 5개 ,,6달 전
 별표 2개 ,"직원분들은 친절하시지만, 커피향 안나는 카페입니다. 묘한 이질감이 향이 안나는 거였어요.
주문하면 만들어놓은 제품들로 커피를 제조해 주네요. 하지만 맛은 괜찮습니다~.",7달 전
 별표 3개 ,커피맛있는듯 하고 괜찮은듯,7달 전
 별표 5개 ,롱블랙 커피를 마시며 커피힐링을 합니다,7달 전
 별표 4개 ,분위기가 있어요 연남동 카페,7달 전
 별표 5개 ,,7달 전
 별표 4개 ,커피 가격이 싸진 않지만 맛있음,7달 전
 별표 5개 ,,8달 전
 별표 4개 ,,8달 전
 별표 4개 ,,8달 전
 별표 3개 ,블루지는 맛있는 커피 믹스 고급진 커피믹스를 먹는 듯한 오묘한 느낌이네요 가격 대비 양이 적다는 느낌도 들지만  전체적으로는 무난했습니다,8달 전
 별표 4개 ,,8달 전
 별표 5개 ,태어나서 먹어본 커피중에 제일맛있다..솔직히 커피..? 그거가그거지 라고생각했던 지난날의 나.. 반성한다........ 미쳤다,8달 전
 별표 5개 ,,8달 전
 별표 5개 ,"넘 맛있어서 커피 못 마셔도 두 잔 먹고 싶게 만듭니다..
워낙 트렌디한 곳이 많이 생기다보니 현 시점에는 인테리어가 모던하거나 뛰어나게 느껴지진 않지만 따듯한 느낌이 들어서 좋아용.
늘 사람이 많아서 한적하진 않지만, 맛나서 가게됩니다.
친절한 직원분들 태도도 좋은 마케팅인 듯 합니다.",8달 전
 별표 5개 ,,8달 전
 별표 4개 ,커피가 맛있어요 그런데 카페를 여유롭게 즐길 수 있는 분위기는 아니네요 사람이 많고 너무 시끄러워요,8달 전
 별표 4개 ,,8달 전
 별표 3개 ,"아인슈패너 맛은 있지만 6,500원이라면 별로.
가성비X",8달 전
 별표 4개 ,"커피가 진하고 맛있습니다
내부 매장도 좋지만 사람이 많습니다",8달 전
 별표 4개 ,"조아여
소개팅커플마니오는듯?",9달 전
 별표 4개 ,,9달 전
 별표 5개 ,,9달 전
 별표 5개 ,"(Google 번역 제공) 빅뱅👍

(원문)
Big Bang👍",9달 전
 별표 5개 ,펌킨 타르트? 맛있었습니다아아 커피는 뭐 말안해도 맛있고욤..!,9달 전
 별표 5개 ,,9달 전
 별표 3개 ,"(Google 번역 제공) 그저 그래

(원문)
So so",10달 전
 별표 4개 ,,10달 전
 별표 5개 ,,10달 전
 별표 5개 ,"쫀쫀한 우유거품의 카푸치노!!!
좋아요",10달 전
 별표 4개 ,벽에 걸린 그림이 예뻤음,11달 전
 별표 5개 ,커피가 참 맛있어요 ㅋㅋㅋ분위기도 좋음,11달 전
 별표 4개 ,명불허전 커피 맛집,11달 전
 별표 5개 ,,11달 전
 별표 5개 ,,11달 전
 별표 5개 ,개맛있음,11달 전
 별표 5개 ,사람넘많은데 커피는 맛나요,11달 전
 별표 4개 ,분위기 있고 좋아요 깔끔하네요,11달 전
 별표 4개 ,"💬맛있고 독특한 밀크티

블루지 ⭐️4
로얄 밀크티 ⭐️4.5",11달 전
 별표 2개 ,,1년 전
 별표 5개 ,크림모카,1년 전
 별표 5개 ,,1년 전
 별표 4개 ,"집 앞에 맛있는 커피, 선곡도 좋음. 아쉬운 점은 조금 내부가 소란스럽다",1년 전
 별표 4개 ,,1년 전
 별표 4개 ,"기본적인 메뉴들도 괜찮은데 새로운 시도들도 나쁘지 않은편이라 좋습니다.
사람이 많아 타이밍이 안맞으면 안에서 못 마실수도 있는게 유일한 단점입니다.",1년 전
 별표 5개 ,,1년 전
 별표 5개 ,,1년 전
 별표 5개 ,아인슈페너 짱,1년 전
 별표 5개 ,커피 맛있고 인테리어 차분해요,1년 전
 별표 5개 ,,1년 전
 별표 5개 ,,1년 전
 별표 4개 ,커피가 맛있더군요,1년 전
 별표 4개 ,블루지 커피도 맛있고 코코넛 베이스의 코코 프레도도 맛나요. 특히 소보로를 얹은 애플파이가 맛나요. 딱 요즘 취향맛,1년 전
 별표 5개 ,너무 맛있지요오,1년 전
 별표 3개 ,"갬성은 걍~~~
커핀 중상~
친절도 상하~
홍대오면 다시 갈듯~~~",1년 전
 별표 4개 ,,1년 전
 별표 4개 ,,1년 전
 별표 5개 ,"애플파이, 커피...맛있어요^^",1년 전
 별표 4개 ,,1년 전
 별표 5개 ,맛좋은 커피,1년 전
 별표 5개 ,"(Google 번역 제공) 제 아내는 크림 모카를, 저는 더치 브루 라떼를 마셨습니다. 두 음료 모두 훌륭했습니다! 커피, 크림, 단맛의 좋은 균형. 나는 확실히이 커피 숍을 추천합니다! 부드러운 분위기와 편안한 착석감이 있어요!

(원문)
My wife got the Cream Mocha and I got the Dutch Brew Latte. Both drinks were excellent! Nice balance of coffe, cream, and sweet. I definitely recommend this coffee shop! It has a smooth vibe and comfortable seating!",1년 전
 별표 4개 ,아주 좋았음. 다만 커피는 좀 평범쓰. ㅎ,1년 전
 별표 5개 ,"커피 굿 드립커피 맛있는  따뜻한 커피로 맛보시길, 트렌드하지 않은 인테리어 고급진.커피기계와 바리스타들 이상적인 스타일의 조합으로 요즘 대세 커피카페",1년 전
 별표 5개 ,,1년 전
 별표 3개 ,커피집  냠냠,1년 전
 별표 5개 ,,1년 전
 별표 2개 ,인기가 좋은 카페라 그런지는 몰라도 상당히 시끄럽다. 본인이 소음에 크게 개의치 않으면 상관없으나 조용한 곳에서 chill한 분위기를 원한다면 추천하지 않는다. 무엇보다 밀크티 맛이 상당히 특이한데 먹을수록 우유맛이 더 많이 느껴져서 불호로 판정!,1년 전
 별표 4개 ,맛있고 양도 많고. 블루지.,1년 전
 별표 1개 ,가격은 비싼데 비싸면 적어도 커피 양은 좀 돼야하지 않나 싶다. 수다하면서 마시다보면 금방 다 마셔버림. 디저트류도 애플파이 밖에 없고. 재방문 의사 안 생김.,1년 전
 별표 3개 ,1~2시쯤 방문하였으나 메뉴의 '테일러드립커피' 카테고리들은 그새 당일원두가 다 나갔다고 한다. 4종류정도였던거로 기억하는데 그게 전부 다나감... 인기가 많은듯하니 참고.…,1년 전
 별표 4개 ,"연남동의 유명한 커피집
기본 아메리카노도 맛있고 모카커피나 밀크티커피도 맛있어요.",1년 전
