rating,review,duration
 별표 4개 ,자리가 넓고 루프탑이 잘 꾸며져 있음,1달 전
 별표 5개 ,,2달 전
 별표 5개 ,,4달 전
 별표 4개 ,,4달 전
 별표 5개 ,,9달 전
 별표 4개 ,,11달 전
 별표 5개 ,옥상층 너무 좋아요. 따뜻할 때나 추울 때도,11달 전
 별표 5개 ,"(Google 번역 제공) 감독자

(원문)
Супер",1년 전
 별표 4개 ,넓어서 좋아요,1년 전
 별표 5개 ,,1년 전
 별표 4개 ,,1년 전
 별표 4개 ,감성카페,1년 전
 별표 5개 ,,1년 전
 별표 5개 ,루프탑 조아효~,1년 전
 별표 5개 ,"분위기 좋고, 루프탑도 예뻐요",1년 전
 별표 5개 ,좋아요좋아,1년 전
 별표 3개 ,,1년 전
 별표 4개 ,,1년 전
 별표 5개 ,,1년 전
 별표 3개 ,,1년 전
 별표 5개 ,,1년 전
 별표 5개 ,,1년 전
 별표 5개 ,맨날감,1년 전
 별표 4개 ,,1년 전
 별표 5개 ,,1년 전
 별표 3개 ,은근 외진 곳에 있다. 맛은 전체적으로 평균 이상은 하는듯하다. 와.. 단점은 ㄹㅇ 개시끄러움. 음악 소리도 좀 큰 편이긴한데 아무래도 자취생들이 많은 곳이다보니 우루루와서 엄청 떠든다. 소음에 좀 민감한 사람들에게는 비추,1년 전
 별표 5개 ,사진찍을 장소도 많고  테이블별로  느낌도 달라서 좋다.,1년 전
 별표 4개 ,,2년 전
 별표 4개 ,"연인들 또는 여성분들이 좋아할 만한 인테리어가 되어 있으며, 봄가을 루프탑에서 커피마시기 좋은 카페임.손님이 많으므로 자리를 먼저 잡고 주문하는 것이 좋다고 생각됨",2년 전
 별표 4개 ,만년설~~언제먹어도 기분좋은 달달함 맛나당^^,2년 전
 별표 4개 ,장소가 넓고 쾌적,2년 전
 별표 5개 ,날씨 좋은 날 루프탑에서 커피마시기 좋아요,2년 전
 별표 5개 ,루프탑 좋아요,2년 전
 별표 3개 ,,2년 전
 별표 5개 ,,2년 전
 별표 5개 ,,2년 전
 별표 4개 ,,2년 전
 별표 5개 ,,2년 전
 별표 4개 ,,2년 전
 별표 4개 ,,2년 전
 별표 5개 ,,2년 전
 별표 4개 ,,2년 전
 별표 5개 ,가격은 조금 쌤 그런데 루프탑과 맛이 사기적이라 상관없음 자주감,2년 전
 별표 5개 ,,2년 전
 별표 4개 ,,2년 전
 별표 4개 ,,2년 전
 별표 4개 ,루프탑이 있어서 좋고 카페 인테리어나 내부가 분위기 좋음! 가격은 그만큼 비싸지만 한번쯤 가보는걸 추천함_ 인스타 업뎃하기 좋음,2년 전
 별표 3개 ,,2년 전
 별표 4개 ,,2년 전
 별표 5개 ,장소가 너무 예뻐요^^,2년 전
 별표 5개 ,가격 착하고 분위기도 적당해요.  브런치 좋아요,2년 전
 별표 5개 ,,2년 전
 별표 5개 ,"루프탑하고 아이스크림이 맛있는 곳이에요
Loop top is so good.
Beautiful place.
And i enjoyed icecream and beer.",3년 전
 별표 3개 ,루프탑최고,3년 전
 별표 5개 ,,3년 전
 별표 5개 ,,3년 전
 별표 4개 ,인테리어가 이쁩니다만 조금 더워요,3년 전
 별표 5개 ,,3년 전
 별표 5개 ,,3년 전
 별표 4개 ,,4년 전
 별표 5개 ,분위기가 너무 좋아요.,4년 전
