rating,review,duration
 별표 5개 ,"(Google 번역 제공) 전망 좋은 카페.
바다에 면하고 있어, 테라스석도 있어 개방감 발군.
가게 안의 인테리어도 세련되고 있다.
루프탑도 있습니다.
케이크가 맛있었습니다.

(원문)
眺めの良いカフェ。
海に面していて、テラス席もあり開放感抜群。
店内のインテリアも洒落ている。
ルーフトップもあり。
ケーキがおいしかった。",4주 전
 별표 5개 ,크로플 너무 맛있어요,1달 전
 별표 5개 ,"(Google 번역 제공) 훌륭한 친절한 서비스와 멋진 전망을 제공하는 매우 맛있는 카페. 구내에서 멋진 사진을 찍을 수 있으며 옥상 테라스에는 멋진 라운저도 있습니다. 작은 마을에 있다면 반드시 봐야 할 곳입니다.

(원문)
Super leckeres Cafe mit toller freundlicher Bedienung und einer großartigen Aussicht. Vor Ort kann man schöne Fotos machen und auch die Dachterasse hat schöne Liegemöglichkeiten. Wenn man in dem kleinen Dorf ist, ist es auf jeden Fall ein Must-See.",1달 전
 별표 4개 ,"(Google 번역 제공) 사진을 찍고, 경치를 즐기고, 음료와 함께 휴식을 취할 수 있는 다양한 옵션이 있는 아늑한 카페. 나는 초콜릿 케이크를 직접 먹었습니다. 매우 맛있었습니다. 너무 달지도 않고 너무 달지도 않은 초콜릿. 캬라멜 와플도 꽤 맛있었지만, 거기에 계피가 듬뿍 뿌려져 있었습니다.

(원문)
Gemütliches Café mit vielen Optionen Bilder zu machen, die Aussicht zu genießen und entspannt sein Getränk zu trinken, mit vielleicht etwas Süßem. Ich selber hatte den Schokokuchen, dieser war sehr sehr lecker. Nicht zu süß und nicht zu schokoladig. Die Caramelwaffel war scheinbar auch sehr gut, jedoch mit viel Zimt drauf.",1달 전
 별표 4개 ,,1달 전
 별표 2개 ,가격대비 너무양도적고 바가지선 느낌,1달 전
 별표 5개 ,"(Google 번역 제공) 이 장소의 전망은 절대적으로 놀랍습니다. 우리가 거기에 갔을 때 그것은 너무 붐비지 않았고 머물 수 있는 2층도 있었습니다.

초코케이크(7,000원)와 패션프루트에이드(6,800원)가 정말 맛있었어요. 케이크가 너무 달지 않고 에이드가 상큼했어요. 아이스 페퍼민트(6,000원)는 특별할 것이 없었다.

나는이 장소를 추천하고 다시 방문 할 것입니다.

(원문)
The view at this place is absolutely stunning. When we went there it was not too crowded and there are two floors to stay.

The chocolate cake (7 000 Won) as well as the Passionfruit Ade (6 800 Won) tasted really good. The cake was not too sweet and the ade was refreshing. The iced peppermint (6 000 Won) was nothing special.

I would recommend this place and visit it again.",1달 전
 별표 4개 ,"좋은 음식, 미적 장소, 충분히 넓지 않습니다 ^^",2달 전
 별표 4개 ,,2달 전
 별표 5개 ,밖에는 조금 더웠지만 풍경 굿,2달 전
 별표 5개 ,"(Google 번역 제공) 훌륭한 커피와 전망 !!! 청사포에 오시면 꼭 한번 가보시길 추천합니다. 내가 여기에 도착했을 때 사람이 적었고 분위기가 좋았고 장식이 좋았습니다 (사진 찍기 좋음) 넓은 바다를 볼 수 있습니다 :) 비엔나 커피를 맛보십시오. 크림이 너무 부드럽고 단것을 정말 즐겼습니다. 그것

(원문)
Great coffee and view !!! Highly recommend to visit here when you are in Cheongsapo. When I got here there was only few people, the ambience was great and I liked decorations (good to take photos) and you can see the wide ocean :) try their Vienna coffee - cream was so smooth and as a sweet tooth I really enjoyed it",2달 전
 별표 4개 ,오션뷰라 좋아요,3달 전
 별표 5개 ,"(Google 번역 제공) 청사포에 계시거나 부산으로 여행을 가시는 분들이라면 이 카페를 적극 추천합니다. 부산의 여러 옥상 카페를 확인한 후 이것은 진정 내가 가본 것 중 가장 멋진 곳 중 하나입니다. 조용하고 평화롭고 아늑하며 정말 멋진 사진 명소가 있습니다. 천국에 있는 것처럼 느끼게 하고 비용은 커피 한 잔뿐입니다.

(원문)
If you are in Cheongsapo or even making a trip to Busan, I highly recommend this cafe. After checking out several rooftop cafes in Busan, this is truly one of the nicest I have ever been to. It’s quiet, peaceful and cosy, with really nice photo spots. Makes you feel like you’re in paradise and all it costs is a cup of coffee.",3달 전
 별표 4개 ,카페 분위기 좋고 풍경도 좋네요,3달 전
 별표 3개 ,,4달 전
 별표 4개 ,,4달 전
 별표 5개 ,,4달 전
 별표 5개 ,,4달 전
 별표 1개 ,바람이 항상 강하게 부는 듯 하네요.,5달 전
 별표 4개 ,,6달 전
 별표 5개 ,"(Google 번역 제공) 위대하고 편안한 장소
겨울에 방문하면 너무 추울까 봐 매장에서 히터와 담요를 깔아준다.
멋진 풍경

(원문)
很棒很舒服的地方
冬天到訪時坐戶外店家怕你冷到還會附上暖爐跟毯子
風景很好",7달 전
 별표 5개 ,,8달 전
 별표 5개 ,"(Google 번역 제공) 좋은 환경
여행 중 경치를 즐기며 휴식을 취하기 좋은 곳

(원문)
環境優美
適合旅途中休息享受美景",8달 전
 별표 5개 ,"(Google 번역 제공) 멀리 바다를 바라볼 수 있는
야외석이 너무 이쁘다

(원문)
能眺望遠方的大海
戶外的座位非常的美",9달 전
 별표 1개 ,,9달 전
 별표 5개 ,,10달 전
 별표 5개 ,,10달 전
 별표 5개 ,"루프탑은 못갔지만, 그래도 분위기 넘 좋아요.",11달 전
 별표 5개 ,"여행와서 인스타 감성은 이곳에서 느끼면 좋을듯
쉬어가기 좋음
여자친구분이랑 온다면 인생사진 많이 찍어주느라 남자친구분이 힘들 수 도 있지만 그 만큼 이쁜곳이라 생각함",1년 전
 별표 3개 ,주차장이 따로 없어서 불편합니다. 루프탑은 있는데 좁아요,1년 전
 별표 4개 ,"분위기는 좋음,
메뉴는 그냥저냥 무난한 수준!
담주 태풍온다고 루프탑 사용금지라 쪼매 아숩더라.  ㅎ",1년 전
 별표 4개 ,,1년 전
 별표 5개 ,,1년 전
 별표 5개 ,"(Google 번역 제공) 인스타그램용 사진 촬영을 좋아하는 사람들을 위해 디자인된 아름다운 카페입니다. 그들의 옥상은 바다를 향한 소파 베드가있는 매우 예쁘고 청사포 해변이 내려다 보이는 2 층 발코니는 정말 시원합니다. 호스트 여성은 매우 달콤하고 친절합니다. 사진 찍는 것을 좋아한다면 이곳은 확실히 조명이 있는 곳입니다!

(원문)
Beautiful cafe designed for people who love taking pictures for Instagram. Their rooftop is super pretty with sofa beds facing the ocean and their second floor balcony is really cool overlooking the Cheongsapo beach. The host lady is extremely sweet and hospitable. If you like taking pictures, this is definitely a lit place!",1년 전
 별표 4개 ,전망좋고 시원해요,1년 전
 별표 5개 ,,1년 전
 별표 4개 ,No kids zone...아기가 울지도 걷지도 않음 아쉬움,1년 전
 별표 5개 ,소품이 아기자기한것이 많아서 인생샷 남기실분들은 한번 둘러보세요~,1년 전
 별표 5개 ,,1년 전
 별표 3개 ,음료는 아주 평범하며 맛이 없는건 아님. 루프탑이 다함. 앉아서 멍하니 바다보면 여유를 느낄 수 있음.,1년 전
 별표 5개 ,"(Google 번역 제공) 아주 아름다운 곳입니다. 커피, 차 및 패스트리가 맛있고 프레젠테이션이 흥미 롭습니다.

(원문)
Очень красивое место. Кофе, чай и выпечка вкусные и подача интересная.",1년 전
 별표 5개 ,루프탑 오션뷰가 죽여줍니다 쇼파에서 꿀잠각,1년 전
 별표 5개 ,,1년 전
 별표 5개 ,넘나리예쁨,1년 전
 별표 4개 ,,1년 전
 별표 5개 ,,1년 전
 별표 3개 ,루프탑 조아요,1년 전
 별표 4개 ,,1년 전
 별표 5개 ,"부산의 모든 바다 뷰 카페를 탐방하는 다닷여행입니다.
루프탑 카페의 대해서 알려드릴게요 !
청사포 카페라인에 가장 멋진 뷰를 자랑하는 장소입니다.
꼭 한번 가보시길 추천드립니다.
특히나 루프탑이 정말 매력있어요 !",1년 전
 별표 5개 ,"경치맛집 자리만 있다면 사진찍기,자리편함",1년 전
 별표 5개 ,,1년 전
 별표 3개 ,,1년 전
 별표 4개 ,,1년 전
 별표 5개 ,"(Google 번역 제공) 좋아하는 커피 숍

(원문)
Любимая кофейня",1년 전
 별표 4개 ,,1년 전
 별표 5개 ,"(Google 번역 제공) 너무 좋아 !!! 아름다운 경치, 귀여운 카페, 맛있는 음식 꼭 다시 올게요 <3

(원문)
So nice!!! Beautiful view, cute café, delicious food I 'll definitely come back <3",1년 전
 별표 5개 ,,1년 전
 별표 5개 ,,1년 전
 별표 4개 ,청사포에 있는 카페ㆍ자체제작한  토스트 맛 봤어요,1년 전
 별표 5개 ,,1년 전
 별표 5개 ,,1년 전
 별표 5개 ,,1년 전
 별표 5개 ,"(Google 번역 제공) 나는이 카페에 대해 충분히 열광 할 수 없다! 너무 화려하게 장식되어있어 부티크 호텔에있는 것 같은 느낌이 들었습니다. 문에 들어서 자마자 멋진 풍경은 물론 카페의 레이아웃과 장식에 날아가 버립니다! 멋진 사진을 찍을 장소를 찾고 있다면이 카페에는 다양한 옵션이 있습니다. 개인적으로 메인 플로어가 마음에 들었지만 정말 귀여운 소파 공간, 피크닉 테이블 및 포토존이있는 옥상도 있습니다!

(원문)
I cannot Rave about this Cafe enough! It is so gorgeously decorated oh, I felt like I was in a boutique hotel. As soon as you walk in the doors, you're Blown Away by the layout and Decor of the cafe, not to mention the amazing view! If you are looking for a place for some nice photos, there are a ton of different options in this Cafe. I personally loved the main floor, but there's also a rooftop with some really cute couch areas, picnic tables, and photozone!",1년 전
 별표 5개 ,,1년 전
 별표 5개 ,"바다 경치가 아름다워요
직원 친절하고   녹차라떼  달지 않아요",1년 전
 별표 3개 ,커피만 들고 나옴,1년 전
 별표 5개 ,,1년 전
 별표 5개 ,,1년 전
 별표 5개 ,,1년 전
 별표 5개 ,"(Google 번역 제공) 우리는 남아프리카에서 왔으며 2019 년 12 월 부산에서 딸을 방문했습니다. 우리 딸은 우리를 옥상 카페에 데려가라고 권했습니다. 우리는 꽤 자주 여행을 하고 어디를 가든지 치즈 케이크를 맛보는 것이 일상이 되었습니다. 나는 개인적으로 루프탑 카페에서 최고의 치즈 케이크를 먹었고 우리가 갔던 다른 곳에서는 맛본 적이 없습니다. 바다를 바라보는 풍경이 너무 아름답고 평화롭습니다.

(원문)
We are from South Africa and visited our daughter in Busan December 2019. Our daughter recommended taking us to the roof top cafe. We travel quite often and wherever we land up it has become the norm for me to to try out cheese cakes. I personally had the best cheese cake ever at Roof Top Cafe and have not tasted anything like it anywhere else we went. The view of the ocean is so beautiful and peaceful.",1년 전
 별표 4개 ,,1년 전
 별표 1개 ,,1년 전
 별표 5개 ,바다뷰 정말 이쁨. 인테리어 이쁨. 사장님이 미대 출신이신듯. 아기자기한 인테리어 소품들이 많아서 그런가 노키즈존. 날이 맑고 기온이 너무 춥거나 덥지 않으면 꼭 가보시길. 정말 숨은 명소라고 할 수 있다.,1년 전
 별표 3개 ,,1년 전
 별표 5개 ,뷰가 끝장판 이에요 바람이 쎄서 2층 뷰자리는 오래 못 앉아 있어요 곳곳 인테리어 뷰는 조으나 음료 메뉴가 다양 하지 않네요,1년 전
 별표 5개 ,,1년 전
 별표 5개 ,이번 부산여행 중 가장 행복했던 곳,1년 전
 별표 3개 ,,1년 전
 별표 3개 ,,1년 전
 별표 5개 ,"여기 진짜 최고 짱 완전 정말 좋은 카페에요,,
들어가는 외관이 허름해서 다들 안들어오는거 같은데
여기 진심 최고입니다
청사포와서 다른 카페 가지말고 여기 가세요
루프탑있어서 다른 카페와 달리 바다도 잘보여요
진짜 여기 짱 완전 강추입니다bbb
청사포 가면 또 갈 거에요
진심 최고입니다",1년 전
 별표 5개 ,,1년 전
 별표 1개 ,,1년 전
 별표 5개 ,"(Google 번역 제공) 특히 데크에서 맛있는 케이크 좌석이 아름답게 장식되어 있고 전망이 아름답고 분위기가 훌륭하고 사진을 찍고 나오고 매우 아름답습니다.

(원문)
Delicious cakes, especially on the deck The seats are decorated lovely, the view is beautiful, the atmosphere is excellent, take a photo and come out, it's very beautiful",1년 전
 별표 4개 ,"(Google 번역 제공) 멋진 카페. 좋은 점은 석양을 바라 보는듯한 바다 전망입니다. 장식과 전체적인 분위기가 너무 편안합니다. 약간 비싸지 만 사막과 카페 옵션도 좋습니다. 카페는 오전 11시에 열리고 오후 10시에 문을 닫습니다. 군중을 피하고 좋은 사진을 찍으려면 일찍 도착하십시오. 추천합니다.

(원문)
Such a nice cafe. The good point is the ocean view, like watching the sunset. The decoration and overall atmosphere is so relaxed. The desert and cafe options are also good, although a bit pricey. The cafe opens at 11 am and closes at 10 pm. Get there early to avoid crowds and take good photos. Recommended.",1년 전
 별표 5개 ,들어서는 순간이 힐링~^~^,1년 전
 별표 5개 ,"(Google 번역 제공) 시아버지의 위생이 조금 열악합니다

(원문)
公公卫生有点差",1년 전
 별표 2개 ,바다가보이는곳,1년 전
 별표 5개 ,"(Google 번역 제공) 음식은 맛있고 비싸지 않습니다

(원문)
漂釀 食物好吃不貴",1년 전
 별표 4개 ,,1년 전
 별표 3개 ,"뷰~~음악,커피까지 빠질게 없지만...노키즈존ㅠ",1년 전
 별표 5개 ,,1년 전
 별표 5개 ,,1년 전
 별표 3개 ,연인과 가볼만한곳,1년 전
 별표 5개 ,전망좋습니다^^,1년 전
 별표 3개 ,,2년 전
 별표 5개 ,,2년 전
 별표 1개 ,,2년 전
 별표 5개 ,,2년 전
 별표 5개 ,"(Google 번역 제공) 바다가 보이는 것도 좋네요 😊 가게가 너무 멋져서 사진 찍기에도 좋아요. 직원들은 친절하고 인테리어는 아름답게 장식되어 있습니다. 너무 맛있습니다

(원문)
It's good to see the ocean view😊 The shop is so stylish that it's good for taking pictures. and the staff is kind, the interior is beautifully decorated. It tastes so-so",2년 전
 별표 5개 ,너무이쁨 사진찍기좋음 카피는 뷰값포함인듯,2년 전
 별표 4개 ,분위기 있어요!,2년 전
 별표 5개 ,,2년 전
 별표 3개 ,너무좋아요장어도싱싱하고맛나고 조개구이는양이적고 별로였어요맛도그렇게좋지는않았어요장어는진짜굿,2년 전
 별표 5개 ,,2년 전
 별표 3개 ,,2년 전
 별표 5개 ,,2년 전
 별표 5개 ,,2년 전
 별표 5개 ,바다가 보이고 뷰가 좋습니다,2년 전
 별표 5개 ,"(Google 번역 제공) 왜 한국은 항상 이렇게 멋진 분위기를 만들어 내고, 이렇게 아름다운 바다가 보이는 카페, 찍으면 좋을 것 같고, 바람이 강할 때는 춥습니다 😆

(원문)
為什麼韓國總能營造出這麼棒的氛圍 如此美的海景咖啡廳 隨便拍都好看 風大時很冷就是了😆",2년 전
 별표 5개 ,너무 예쁘고 분위기가 좋습니다. 직원분들도 친절하시고요 그런데 좀 덥습니다..,2년 전
 별표 5개 ,,2년 전
 별표 5개 ,,2년 전
 별표 4개 ,"여기 예뻐요 , 분위기 좋고 루프탑 예쁨 화장실이 남녀공용입니다 인생사진 찍고 오세요 사람많음",2년 전
 별표 5개 ,,2년 전
 별표 1개 ,,2년 전
 별표 5개 ,너무 좋아요 ㅎ,2년 전
 별표 5개 ,,2년 전
 별표 5개 ,,2년 전
 별표 5개 ,,2년 전
 별표 4개 ,,2년 전
 별표 4개 ,,2년 전
 별표 3개 ,,2년 전
 별표 5개 ,"어제 다녀온 솔직후기.
일단 1층보면 무슨 이게 카페인가 싶었다..
조개구이집?..ㅋㅋ
그래서 여기 카페가있나 싶지만 카페베네 옆건물 조개구이집 4층 루프탑카페 정말 있습니다..ㅋ
엘베가 있으니 엘베타시고 4층 입장하는순간~
소품하나하나 감각이 있으시고~
전체적인 분위기와 테라스에서 바라보는 뷰는 정말 최고였습니다.
오더할때 사장님과 직원분들도 친절하시고~
음료와 빵이 나오는거 보고 또한번 감탄~
맛도 있지만 눈으로보는 즐거움 또한 쵝오였습니다.
아주 작은 차이지만 정성이 들어가서 그런지
맛있어서 저는 음료를 두잔이나 마셨답니다..ㅋ
이것이 끝이 아니라 5층(탑층) 루프탑 올라가면 정말 아기자기 이쁜 소품들과 작은것 하나에도 신경쓰신 부분이 눈에 다 보이더라구~~
이곳은 눈과 귀와 입 모두 즐거움이 되었던 카페였습니다.
인생샷 찍을곳도 많이 있구요.
부산 오면 청사포 루푸탑은 꼭 재방문 하겠습니다.
이쁜 카페 원하시면 꼭 가보세요^^.
이상 솔직후기였습니다.",2년 전
 별표 4개 ,,2년 전
 별표 5개 ,"(Google 번역 제공) 좋은 전망!!!

(원문)
good view!!!",2년 전
 별표 4개 ,비도오고좋아요,2년 전
 별표 1개 ,,2년 전
 별표 5개 ,뷰맛집. 힐링이다,2년 전
 별표 4개 ,,2년 전
 별표 4개 ,,2년 전
 별표 5개 ,기분 좋아지는 힐링장소예요,2년 전
 별표 3개 ,"카페는 커피 맛이 좋던가 아니면 분위기가 좋으면 저는 좋아하는데
바다가 보여서 너무 좋았습니다.
그냥 보이는 것도 아니고 전창으로 되어있어서 너무 좋았어요. 넓은 바다도 보이고 해녀분들 물질하시는 것도 보였어요.
비록 비가 와서 발코니에 앉아서 커피를 마실 수는 없었지만 손님이 많이 없어서 조용하게 좋은 분과 시간을 보낼 수 있어 너무 좋았습니다.
다녀오고 나서는 커피 맛은 기억이 안 나지만 좋은 분 뒤로 전창을 통해서 보이는 바다와 그 바다 앞에 있는 좋은 분과 함께한 시간이 마음속에 스며들어 있네요.",2년 전
 별표 5개 ,마치 인스타그래머를 위한 카페인듯 합니다. 소품하나하나 인테리어 하나하나가 사진으로 매우잘 표현됩니다. 계단으로 한층올라가는 루프탑은 하이라이트입니다. 음료도 꽃장식한 바구니에 담아주시네요.,2년 전
 별표 4개 ,,2년 전
 별표 5개 ,"(Google 번역 제공) 이 아름다운 카페, 사진을 찍기에 좋은 장소입니다. 그리고 그들의 케이크는 맛있고 아름답습니다. 모든 것이 예술적으로 이루어집니다. 데이트하기 좋은 곳 :)

(원문)
This is such a beautiful cafe, great spot for taking photos.  And their cakes are delicious and beautiful to look at. Everything is done so artistically. Great place for a date :)",2년 전
 별표 5개 ,자주 가는 실패 없는 곳,2년 전
 별표 4개 ,,2년 전
 별표 2개 ,,2년 전
 별표 4개 ,좋았네요.,2년 전
 별표 4개 ,,2년 전
 별표 5개 ,,2년 전
 별표 5개 ,"환상적인 풍경, 인스타 갬성 인테뤼어. 제도인가? 그리스인가? 이태리인가?",2년 전
 별표 5개 ,바람 엄청붐! 시원해서 좋음,2년 전
 별표 3개 ,,2년 전
 별표 4개 ,,2년 전
 별표 3개 ,바람 많이불면 루프탑 못씀. 주차는 카페앞 노상주차장 무료이용  카페가작아서 인원제한 많음,2년 전
 별표 3개 ,,2년 전
 별표 5개 ,,2년 전
 별표 4개 ,플레이팅_인테리어_오션뷰 모두 최고에요!!! 브런치도 얼른 하셨으면 좋겠어요,2년 전
 별표 5개 ,시원한 바다보면서 차한잔 하기 좋습니다. 사람이 붐비지않아서 한가롭게 차한잔 할수있어요,2년 전
 별표 4개 ,바다 전망이 너무 이뻐요. 커피도 다른곳에 비해 특이하고 맛있어요.,2년 전
 별표 5개 ,,2년 전
 별표 5개 ,자연과도심,2년 전
 별표 5개 ,,2년 전
 별표 5개 ,"(Google 번역 제공) 진정한 넷 뷰티 카페, 최상층은 바다 사진을 찍는 것이 좋습니다. 너무 뜨겁고 아름다운 일몰이 아닌 저녁에 갈 것을 권장합니다

(원문)
名符其實的網美咖啡廳，頂樓超級好拍海景很美，建議傍晚去，不會太熱又有美美的夕陽",2년 전
 별표 5개 ,,2년 전
 별표 4개 ,,2년 전
 별표 5개 ,,2년 전
 별표 3개 ,"(Google 번역 제공) 12세 미만의 어린이는 입장할 수 없습니다.
따라서 입장하려면 13세 이상이어야 합니다.

(원문)
12歲以下小孩不可入內，
所以要13歲以上才可以進去。",2년 전
 별표 2개 ,"아인슈페너 맛잇댓는데 완전별로
바람 너무 분다
카페라떼는 굿
해수염커피 생각난다",2년 전
 별표 5개 ,"(Google 번역 제공) 바다를보고 모든 것을 잊어

(원문)
海を見て　一切を忘れて",2년 전
 별표 3개 ,"(Google 번역 제공) 모든 음식과 음료의 품질이 낮습니다. 미안하지만 좋은 전망입니다.

(원문)
Low quality of all foods and drinks..sorry but just good view that's it",2년 전
 별표 5개 ,뷰가 너무 환상적이라 음료맛을 충분히 커버침,2년 전
 별표 5개 ,"(Google 번역 제공) 주인은 매우 좋고 풍경은 훌륭합니다. 야외 공간도 훌륭합니다. 케이크는 아름답고 맛있습니다.

(원문)
老闆娘人很好，風景也很讚，露天區也很讚，蛋糕裝飾的很美也好吃",2년 전
 별표 5개 ,,2년 전
 별표 4개 ,,2년 전
 별표 5개 ,"(Google 번역 제공) 멋진 전망, 크림 같은 초코 라떼

(원문)
Great views, go for the creamy choco latte",2년 전
 별표 4개 ,,2년 전
 별표 4개 ,,2년 전
 별표 5개 ,,2년 전
 별표 4개 ,,2년 전
 별표 4개 ,,2년 전
 별표 5개 ,"(Google 번역 제공) 사랑스러운 카페

(원문)
a lovely cafe",2년 전
 별표 5개 ,,2년 전
 별표 5개 ,👍👍👍👍👍👍,2년 전
 별표 5개 ,,2년 전
 별표 3개 ,"특이하고 아늑한 인테리어와 실내 분위기
전망 좋음

커피 외 음료, 빵류는 다 별로.. 비쌈",2년 전
 별표 4개 ,,2년 전
 별표 3개 ,,2년 전
 별표 5개 ,"청사포에 루프탑이 있는줄 몰랏네
커피도 맛있고 이쁘게잘 꾸며져있음",2년 전
 별표 5개 ,"(Google 번역 제공) 확실히 당신은 여기에서 멈춰야합니다

(원문)
Definitely you should stop here",2년 전
 별표 4개 ,,2년 전
 별표 3개 ,,2년 전
 별표 5개 ,,2년 전
 별표 5개 ,,2년 전
 별표 2개 ,,2년 전
 별표 4개 ,,2년 전
 별표 4개 ,"(Google 번역 제공) 팥빙수 디저트. 팥이없는 녹차 빙수를 주문했습니다. 그래서 우리는 팥을 추가로 지불했습니다. 팥이 없으면 괜찮습니다. 그러나 우리는 그것을 좋아합니다. 아이스크림은 좋습니다. 많은 음료와 커피가 판매됩니다.

(원문)
Patbingsu(red bean ice dessert) is great. We ordered green tea bingsu in which there is no red bean. So we paid for red bean additionally. It is okay without red bean. But we love it.Ice cream is good.  Many drinks and coffee sell.",2년 전
 별표 4개 ,,2년 전
 별표 2개 ,교통이 불편해요,2년 전
 별표 2개 ,별로.,2년 전
 별표 1개 ,분위기도 어수선하다 시설도 오래됐다,2년 전
 별표 5개 ,,2년 전
 별표 5개 ,"(Google 번역 제공) 아름다운 장소!
음식은 맛있다
보기는 굉장하다 !!!!!
부산에 갈 계획이있는 모든 사람들에게 꼭 추천합니다!

(원문)
Wonderful place!
The foods are tasty
The view is AMAZING!!!!!
Definitely highly recommend to everyone who’s planing to go to Busan!",2년 전
 별표 5개 ,,2년 전
 별표 4개 ,바다를 한눈에 내려다보며 차를 마실 수 있는 아기자기한 까페.. 사진찍기 좋아요,2년 전
 별표 4개 ,,2년 전
 별표 3개 ,"(Google 번역 제공) 전문화가 아름답다

(원문)
专修很美",2년 전
 별표 5개 ,좋아요  굿,2년 전
 별표 4개 ,"(Google 번역 제공) 그들은 훌륭한 재즈 음악을 가지고 있습니다. 그리고 분위기는 최고입니다! 제안 설정을위한 좋은 장소!

(원문)
They've good great jazz music. And the atmosphere is super awesome! Good place for a proposal setting!",2년 전
