rating,review,duration
 별표 4개 ,"일단 처음가면 찾기 힘들어요
주창은 있어 좋습니다
뷰가 좋아요",1주 전
 별표 5개 ,오기까지의 언덕이 험난했지만 와보면 뷰만으로도 힐링되는 곳이네요~~!,3주 전
 별표 5개 ,뷰나 인테리어나 신기산업보다 낫다고 생각되는 부분이 많았습니다 색조합을 잘쓰는거 같아요,3주 전
 별표 1개 ,"다세대 주택을 개조한 커피솝
그런대로 북항대교와  북항야경이  괜찮아 보이지만,
이정도 뷰는 다른곳에서도  얼마든지 볼수있음
집사람, 딸과 함께 내비키고 복잡하게  찾아갔지만  그런 노력까진 할 필요가 없어보임",2달 전
 별표 5개 ,,3달 전
 별표 5개 ,"전망 굳!
썬글 할인 굳!!",3달 전
 별표 5개 ,멋진 뷰 편안한 휴릭,4달 전
 별표 5개 ,"(Google 번역 제공) 이것은 놀라운 전망을 가진 멋진 카페입니다. 뜨거운 음료와 차가운 음료 모두 에스프레소 기반 음료를 선택할 수 있습니다. 인테리어 디자인은 매우 다채롭고 미니멀합니다.

(원문)
This is a nice quite cafe with an amazing view. It has a selection of espresso-based drink, both hot and cold. The interior design is very colorful and minimal",5달 전
 별표 4개 ,전용 주차장도 있어서 이용하기는 좋음. 일반 가정집을 개조하여서 그렇게 인테리어나 분위가 좋다고는 못 느끼겠음. 각 층마다 대형창을 통해 영도 바다의 야경을 구경 하는 맛은 있음. 커피나 허브차도 맛있고 디저트인 케이크도 맛있음.,5달 전
 별표 4개 ,,6달 전
 별표 5개 ,"조용하고 분위기짱 각층마다 다른컨셉으로 이쁜까페
옥상루프탑은 뷰맛집",6달 전
 별표 4개 ,아기자기하니 이뻐요. 모던클래식? 여튼 그런 느낌,6달 전
 별표 5개 ,사람도 적당히 있고 괜찮네요,6달 전
 별표 5개 ,,7달 전
 별표 5개 ,"영도카페 핫플의 시작인 카린
인테리어와 북항대교 바다뷰의 조화가 최고
노키즈존으로 운영하는 것 또한 메리트
음료가격은 조금 있지만 최근 주차장을 확보하여 주차비가 들지않는다는 것
영도 경사지 일명 고바위를 경험할 수 있음",7달 전
 별표 5개 ,"안녕하세요 조윤명님, 카린영도플레이스를 방문해주셔서 감사합니다.
어쩜 이렇게 좋은 말만 구구절절 해주셨을까요!! 예쁘게 봐주셔서 감사드려요 !!
항상 고객님들이 좋은 기억 가지고 가실 수 있도록 노력하고 있답니다
예쁜 뷰와 맛있는 음료 드시러 또 방문해주세요  ෆ",7달 전
 별표 5개 ,캬 영도대교 보이는거 뭐 진짜 지리죠 ㅎㅎㅎ,8달 전
 별표 3개 ,,8달 전
 별표 5개 ,"평범한 맛, 추운 매장, 뷰는 훌륭 - 다른 새로운 카페 들에 비해 새로울 게 없는 그저그런 가게",9달 전
 별표 5개 ,,9달 전
 별표 5개 ,,10달 전
 별표 3개 ,"외부 보고 액세서리샵인줄.
1시간반 주차권줘서 주차가 편하고 뷰도좋고 전반적으로 고급진 느낌. 음료도 뭔가 고급진 맛",10달 전
 별표 4개 ,"선글라스를 파는곳인데
카페는 그냥 덤으로 하고 있는곳같다
그냥 개인의 컬렉션 수장고느낌
음료는 비교적 좋은편
층마다 인테리어나 가구를 달리해 볼것이 많다",11달 전
 별표 4개 ,,11달 전
 별표 3개 ,분위기 좋아염,11달 전
 별표 3개 ,"커피맛 평범
뷰는 좋네요",11달 전
 별표 5개 ,,11달 전
 별표 4개 ,,11달 전
 별표 5개 ,,1년 전
 별표 4개 ,,1년 전
 별표 5개 ,"산 중턱이라 뷰는 확실. 내부 선글라스나 안경테, 이쁜 차 인테리어가 독특. 루프탑은 가히 절경. 싱글 오리진도 괜찮은 맛. 화장실도 꽤 잘 되어있음. 다만 가격이 사악함.",1년 전
 별표 5개 ,,1년 전
 별표 5개 ,좋다좋아ㅋㅋㅋㅋ,1년 전
 별표 5개 ,분위기 좋습니다. 너무넓어서 하루에 구경 못함ㅋ,1년 전
 별표 3개 ,,1년 전
 별표 5개 ,라떼  달달하니 맛있습니다.,1년 전
 별표 5개 ,층별로 너무 예뻐요.. 루프탑에서 보는 전경이란 너무 좋습니다ㅜ,1년 전
 별표 4개 ,주차장완벽 커피맛있고 뷰좋고,1년 전
 별표 5개 ,"두 번 방문하고 후기 남깁니다
루프탑 뷰가 참 좋아요. 한 번은 주말 한 번은 평일에 방문했는데 평일에 갔더니 한시간 반 무료 주차였습니다. 건물이 커서 층마다 구경하면서 사진찍고 여유부리기 좋습니다👍 아 루프탑빼고는 2-4층은 전봇대 전선이 창을 지나가서 아쉽..음료와 빵은 평범합니다",1년 전
 별표 5개 ,,1년 전
 별표 5개 ,"영도바다뷰가 멋진 곳입니다
노을과 야경까지 함께 보고 오면 좋을 것 같네요
4층까지 엄청 넓고 자리도 많아 평일게 가면 여유롭게 있다 올 수 있어요
다만 에어컨이 너무 빵빵해서 오래앉아잇으먄 추움..😢",1년 전
 별표 5개 ,루프탑좋아해서 거기에만 있다가 내려왔는데 밑에는 더좋음,1년 전
 별표 2개 ,주차장 1시간 이용지원있으니 전화로 위치 문의하시면 좋을듯합니다 경치도 좋고 자리도 넓게 띄워져있어 잘 쉬다가 갑니다 또 올게요!,1년 전
 별표 4개 ,가는 길은 험하지만 주차장은 잘되어있음..비가 오면 루프탑을 못 올라가니 비가올땐 비추천,1년 전
 별표 1개 ,"(Google 번역 제공) 전망이 좋고 커피가 맛있습니다. 경치가 아름다운 영도 카페.
친절은 관리 할 수 있습니다.
추천 커피는 달콤한 루비 라떼입니다.
스칸디나비아의 복고풍 분위기.

(원문)
The view is nice and the coffee is delicious. Yeongdo cafe with beautiful scenery.
The kindness is manageable.
The recommend coffee is sweet Ruby Latte.
Retro atmosphere in scandinavia.",1년 전
 별표 5개 ,기대한 것 보다는 별로. 부산 사람이면 한번 가고 말듯.,1년 전
 별표 5개 ,부산항과 부산항대교 뷰가 너무 좋고 야경이 너무 아름다워요.아울러 커피도 맛있아요.,1년 전
 별표 5개 ,,1년 전
 별표 5개 ,"(Google 번역 제공) 이곳의 풍경은 매우 아름답습니다. 아름다운 다리가 보입니다. 덕분에 분위기가 좋다. 이 카페는 성인만 이용할 수 있으며 주차장이 있습니다. 이 카페에서 가장 유명한 커피는 스위트 루비 라떼입니다. 가격은 7,000원인데 조금 비싼 것 같아요. 이 커피 외에도 다양한 음료와 커피를 마실 수 있습니다.

(원문)
The scenery is very beautiful here. I can see a beautiful bridge. Thanks to that, the atmosphere is good. This cafe is open only to adults and has a parking lot. The most famous coffee in this cafe is Sweet Ruby Latte. The price is 7,000 won and I think it's a little expensive. Besides this coffee, you can drink a variety of drinks and coffee.",1년 전
 별표 5개 ,,1년 전
 별표 5개 ,,1년 전
 별표 5개 ,,1년 전
 별표 5개 ,,1년 전
 별표 4개 ,뷰가 환상적이네요^^ 매 층마다 부산항대교와 항만의 아경을 감상할 수 있고. 루프탑 전망도 감성있습니다. 더더욱이 선곡이 재즈가 나와서 더 좋았던 기억이네요^^,1년 전
 별표 4개 ,,1년 전
 별표 5개 ,,1년 전
 별표 5개 ,,1년 전
 별표 5개 ,경치보러가는 곳입니닷! ㅋㅋㅋ,1년 전
 별표 5개 ,"안녕하세요 아기공룡님 카린영도플레이스를 방문해 주셔서 감사합니다.
뷰 하면 카린이죠? 인정 받아 너무너무 기분이 좋네요 !!
카린과 행복하고 맛있는 시간 보내셨길 바라요, 다음에 또 뵈어요 고객님 ෆෆ",1년 전
 별표 5개 ,"야경뷰가 너무 좋아요!
차량 필수!",1년 전
 별표 5개 ,"안녕하세요 jh s님 카린영도플레이스를 방문해 주셔서 감사합니다.
저도 일하다가 밖을 보면 너무 예뻐서 그 순간 앉아 계시는 고객님들이 부럽기도 해요ㅠ.ㅠ
요즘 날씨도 좋아졌죠? 다음 번엔 루프탑 이용해보시는거 추천드려요 ღ'ᴗ'ღ",1년 전
 별표 5개 ,,1년 전
 별표 4개 ,히비스커스에 우유 넣은 음료가 있는데 맛있음!,1년 전
 별표 4개 ,"안녕하세요 Juyoung Lim님, 카린 영도플레이스를 방문해주셔서 감사합니다!
저희 매장 시그니처 메뉴인 '스윗루비라떼' 드셨나봐요!! 스윗루비라떼는 제가 좋아하는 메뉴 중 하나 이기도 하고, 매장에서 인기가 많은 메뉴랍니다!
맛있게 드셔 주셔서 감사드리고, 항상 맛있고 좋은 재료로 만족드릴 수 있는 카린이 되겠습니다.
다음 번에도 예쁜 뷰와 맛있는 음료 드시러 또 방문해주세요 ෆ",1년 전
 별표 3개 ,,1년 전
 별표 5개 ,,1년 전
 별표 5개 ,대략 스웨덴 가까이??,1년 전
 별표 4개 ,"안녕하세요 고은호님, 카린 영도플레이스를 방문해주셔서 감사합니다 !
층마다 다른 분위기의 가구들과 시원한 분위기의 루프탑이 더욱 스웨덴 처럼 느껴지셨을 거에요.
저희 매장에서 편안한 시간 보내셨나요? 다음번에 한번 더 만나뵙길 바라요 ෆ",1년 전
 별표 5개 ,밤풍경이 좋아 요,1년 전
 별표 4개 ,"안녕하세요 이종구님, 카린 영도플레이스를 방문해주셔서 감사합니다.
매일 저녁 매장을 찾아주시는 고객님들이 예쁜 뷰를 보실 수 있도록 노력하고 있답니다.
다음 번에는 예쁜 날 낮에 방문하셔서 루프탑에서 시원하게 즐겨보시는 것도 추천드려요 ෆ",1년 전
 별표 5개 ,전망 하나 보러 온다면 모르지만..너무 불 친절 하고~~  영도 내에 커피숍 중 가장 비싼 커피숍 이네요.여러곳을 다녀 보지만~~  야경 보시렴 한번쯤 들릴곳 이지만..그 외엔~~~  추천 할게 없네요.,1년 전
 별표 5개 ,"안녕하세요 Hyun Ha님, 카린 영도플레이스를 방문해 주셔서 감사합니다.
어떤 부분에서 불편하게 느끼셨을까요? 다음 번에 찾아주시면 더 좋은 서비스로 보답하겠습니다 ෆ",1년 전
 별표 5개 ,분위가너무좋고 음료도정말맛있어요,1년 전
 별표 4개 ,"안녕하세요 So young Park님, 카린 영도플레이스를 찾아주셔서 감사합니다.
저희 매장에서 좋은 시간 보내신 것 같아서 정말 기분이 좋네요 ෆ
카린의 음료베이스는 매장에서 직접 만들어 제공되기 때문에 더욱 맛있게 드실 수 있답니다!
예쁜 뷰와 맛있는 음료 드시러 또 방문해주세요 ෆ",1년 전
 별표 4개 ,,1년 전
 별표 4개 ,"이쁜곳이긴한데
직원들이 친절하지도 않고
가격이 영도지역인데 시내보다 비씨네요",1년 전
 별표 5개 ,"안녕하세요 이선미님, 카린 영도플레이스를 방문해 주셔서 감사합니다.
어떤 점이 불편하게 느껴지셨을까요? 다음번에는 만족 드릴  있는 카린이 되겠습니다.
예쁜 뷰와 맛있는 음료 드시러 또 방문해주세요 ෆ",1년 전
 별표 4개 ,"부산오면 꼭 들리는곳!
전용 주차장도 있으니 차가지고 가세요
뷰맛집입니다",1년 전
 별표 5개 ,"안녕하세요 노강원님, 카린 영도플레이스를 방문해주셔서 감사합니다.
저희 매장에서 좋은 기억 안고 가셨나봐요 !! 항상 변함없이 좋은 모습 유지하겠습니다.
예쁜 리뷰 감사드리고, 다음 번에도 예쁜 뷰와 맛있는 음료드시러 방문해주세요 !! ෆෆ",1년 전
 별표 4개 ,,1년 전
 별표 5개 ,"(Google 번역 제공) 귀여운 곳

(원문)
Cute place",1년 전
 별표 5개 ,뷰도 좋고 인테리어도 북유럽 감성으로 잘 꾸며져 있어요,1년 전
 별표 5개 ,"(Google 번역 제공) 확실히 데이트하기에 좋은 아름다운 곳.

(원문)
Beautiful place, good for dates for sure.",1년 전
 별표 5개 ,,1년 전
 별표 5개 ,,1년 전
 별표 4개 ,,1년 전
 별표 5개 ,"커피가 진하고 맛있었어요
역시 뷰 맛집!!
단거 별로 안 좋아 하는데 화이트 모카도 괜찮았어요",1년 전
 별표 4개 ,,1년 전
 별표 5개 ,"설명귀찮으니 안합니다
일주일에 한번씩 가십쇼",1년 전
 별표 1개 ,"부산항 쪽이 훤히 보이는 멋진 뷰이고 주차장도 있어 이용하기 좋은 곳이긴 한데 커피값이 조금 비싼듯 하고 조각케잌은 8천원대~~에요~
휑하니 내부는 그냥 깔끔하구요~
주말엔 앉을 자리 없다는데 주중이라 한가합니다~~",1년 전
 별표 5개 ,,1년 전
 별표 3개 ,"전망이 좋아요, 주차 한시간 무료이고..",1년 전
 별표 3개 ,카페 분위기 죽이네요 ㅋㅋㅋ,1년 전
 별표 5개 ,"부산항대교의 아름다운 모습을 볼수있는 카페.
째즈 음악소리 너무 좋아요 분위기짱",1년 전
 별표 4개 ,"너무나 야경이 아름답고 주차장도 진짜 잘되어있는 곳
제리케익은 꼭드셔요^^",1년 전
 별표 5개 ,전망 좋아요,1년 전
 별표 4개 ,"옥상씨뷰 어마어마합니다
서울촌놈 보고갔는데 땡큐 하네요 ㅎㅎ
그리고 아메리카노 맛있어요!
라떼 아닌데 라떼같이 부드러움
커피마시러 또 가고싶어요!",1년 전
 별표 4개 ,,1년 전
 별표 4개 ,,1년 전
 별표 4개 ,,1년 전
 별표 4개 ,"동네 전체가 뷰가 아주 좋네요. 루프탑도 좋았어요.
안경집 치고 커피랑 빵도 괜찮았어요. 가격은 조금 비싸요.",1년 전
 별표 4개 ,"야경은 굿~~~
커피맛은 ~~~별로~~~ㅎㅎㅎ",1년 전
 별표 3개 ,초6 데리고 갔다가 노키즈라 들어가보지도 못함.,1년 전
 별표 5개 ,,1년 전
 별표 5개 ,바다가 보여서 좋았어요,1년 전
 별표 4개 ,"뷰 맛집! 4층의 탁트인 창에 광안대교가 보이는 뷰가 너무 멋있어요~~ 낮에 갔는데 야경도 멋있을것 같아요.
제리 케이크는 귀여워서 시켰는데 맛은 그냥 치즈케이크 ^^; 2층은 카린 선글라스 쇼룸이고 3~4층이 까페인데 스칸디나비안 인테리어가 고급지고 깔끔해요~ 3층은 연분홍에 달달한 향초향까지 더해져서 여성분들이 좋아하실것 같고, 4층은 차분하면서도 모던한 디자인의 인테리어입니다!",1년 전
 별표 5개 ,,1년 전
 별표 5개 ,부산항 야경 보러 밤에 가야하는 곳~  ^^,1년 전
 별표 3개 ,걍 배경맛집,1년 전
 별표 3개 ,,1년 전
 별표 4개 ,"편안한 분위기에 좋은 뷰. 맛있는 치즈케잌.
다만 차편이 애매해서 4성.
맛있게 잘먹고 왔습니다~^^",1년 전
 별표 3개 ,"야경과 맛있는 커피를 함께 즐길 수 있는 곳.
다만 차가 힘들어함. 커피 가격도 조금 비싼편",1년 전
 별표 4개 ,,1년 전
 별표 3개 ,,1년 전
 별표 5개 ,주차가능하고 뷰가 환상이네요...,1년 전
 별표 3개 ,청학동에 전망이 좋은 커피숖입니다.,1년 전
 별표 5개 ,,1년 전
 별표 1개 ,뷰가 너무 예쁘고 소파가 폭신폭신함,1년 전
 별표 5개 ,,1년 전
 별표 4개 ,노키즈라 못들어갔어요 .아쉽네요 좋다던데,1년 전
 별표 5개 ,"(Google 번역 제공) 부산 하버 브릿지의 아름다운 전망 (특히 밤)이있는 멋진 커피 장소. 이 다리는 다른 속도로 변화하는 무지개 색으로 밤에 빛의 쇼를 제공합니다. 카페는 지하가있는 4 층 건물입니다. 로비는 1 층에 있으며, 커피와 과자를 주문하고 픽업 할 수 있으며, 지하에는 다양한 가구가 전시되어 있습니다. 2 층은 같은 브랜드가 디자인 한 선글라스를 전시하는 쇼룸이다. 세 번째, 네 번째, 옥상은 다양한 장식으로 카페 지정 구역으로 특별하고 독특한 분위기를 자아냅니다. 장소는 비싸지 만 카페 옵션과 케이크는 특별하지 않습니다. 어쨌든 여전히 추천합니다.

(원문)
Nice coffee place with a pretty nice view (especially at night) of Busan harbor bridge. This bridge features a light show at night with rainbow colors that are changing at different speed. The caffee is a 4 floors building with a basement. The lobby is at the first floor, where you order and pick up your coffee and sweets, while the basement exhibits a collection of different furnitures. The second floor is a show room displaying sunglasses designed by the same brand. The third, fourth and rooftop are caffee designated areas with different decorations, making special and unique atmospheres. The place is pricey, while the caffee options and cakes are nothing special. Anyhow, still recommended for the views.",1년 전
 별표 5개 ,,1년 전
 별표 5개 ,,1년 전
 별표 4개 ,,1년 전
 별표 5개 ,영도의 핫플레이스로 북한강대교 뷰를 멋지게 볼수 있는 곳으로 맛있는 커피와 케잌은 덤...,1년 전
 별표 4개 ,"분위기가 정말 좋았던 기억이 있어요.
직원분들 멋있고, 친절하셨고요!
층 마다 분위기가 달라서 재미가 있었던 것 같아요. 음료가 특색은 있었으나  맛이 그렇게 인상적이지는 않았어요. 디저트류는 좀 아쉬웠구요. 그나마 다쿠아즈가 먹을만했는데...
최근에는 영도에 베이커리를 잘 하는 카페도 생기고, 흰여울 쪽에는 뷰가 엄청난 카페도 있어 경쟁력이 약해진 느낌 살짝 있어요.",1년 전
 별표 3개 ,,1년 전
 별표 5개 ,,1년 전
 별표 5개 ,,2년 전
 별표 5개 ,영도 카페중에 주차가 제일편함,2년 전
 별표 4개 ,"한 번 가볼만한 공간입니다
굉장히 독특한 컨셉과 뷰",2년 전
 별표 5개 ,커피가 맛있어요,2년 전
 별표 5개 ,,2년 전
 별표 5개 ,,2년 전
 별표 5개 ,굿,2년 전
 별표 4개 ,루프탑뷰가 좋네요,2년 전
 별표 5개 ,,2년 전
 별표 5개 ,,2년 전
 별표 5개 ,아주좋다 루프탑 클라스 오짐,2년 전
 별표 5개 ,,2년 전
 별표 5개 ,,2년 전
 별표 5개 ,,2년 전
 별표 3개 ,,2년 전
 별표 5개 ,,2년 전
 별표 4개 ,"야경이 너무 멋졌어요......
커피맛도 너무 좋았어요~~~♥",2년 전
 별표 4개 ,음료는 별로지만 야간 데이트장소로 최적화,2년 전
 별표 5개 ,"좋아요. 하지만 신선하지 않아요.
부산항 전망~
치즈케잌 너무 달아요.",2년 전
 별표 4개 ,"영도에 방문해서 지인의 집 근처에 있는 카린 영도플레이스를 방문해보았습니다. 카페가 들어서기전에는 분명 선박용 그물을 짜시던 어머님들을 옛날에 보았던것 같은데 어느새인가 멋진 카페로 변모해 있는게 신기할 따름입니다. 1층에서는 주문하고나서 2, 3, 4층에 올라가서 뷰를 즐기면서 커피를 마실 수 있습니다. 솔직히 시그니쳐 메뉴들 마셔봤는데 커피맛은 로스터리 카페가 아니라서 그런지 딱히 뛰어나다는 느낌은 받지 못했습니다. 하지만 루프탑에 올라가서 저녁에 야경을 보시면 그 마음이 보상되는 느낌입니다. 가능하시다면 야간 시간대에 방문하시는것을 추천합니다!",2년 전
 별표 5개 ,엄청 언덕위에 있어서 그만큼 옥상 뷰 맛집입니당. 주차는 근처 주차장 이용하면 무료로 처리 해주십니다,2년 전
 별표 3개 ,뷰^^최고,2년 전
 별표 5개 ,정말 이쁜 장소. 특히 통유리창으로 들어오는 햇살이 너무 좋아요. 2층에 안경점이 있어서 구경할 수 있어요. 음료는 그저그래요,2년 전
 별표 5개 ,실내 인테리어 좋고 경치도 좋았습니다.,2년 전
 별표 5개 ,다좋은데 전본대가 가려,2년 전
 별표 1개 ,,2년 전
 별표 5개 ,항만뷰 굳굳,2년 전
 별표 3개 ,"낮에도 밤에도 경치 좋고 커피맛도 괜찮아요~
스웨디시 머시기랑 골든라테 굳~",2년 전
 별표 4개 ,,2년 전
 별표 3개 ,4층 뷰 짱입니다 좋아요!! 가격이 비싼게 흠이에요,2년 전
 별표 3개 ,,2년 전
 별표 3개 ,"별로 ᆢ 넘 비싸요
케익이하나 팔천원인데 인터넷검색하니 5개 2만원대ᆢ",2년 전
 별표 3개 ,"부산에 가면 꼭 들려야할 곳
서울에서 보던 뷰랑은 전혀다른 부산만의 뷰와 공간이 있다. 특히 부산항이 있어 컨테이너와 선박이 드나드는 독특한 오션뷰가 새롭다
환한 낮에도 인생샷각이지만 해질녘에 노을지는 풍경이 정말 이뻤음👍
아날로그한 무드와 모던한 인테리어의 조화 또한 새롭다
특히 가구나 인테리어 좋아하시는 분이라면 지하에 있는 전시장이랑 2층쇼룸을 방문하는 것도 강추
쇼룸 돔형태랑 가구들이 북유럽이랑 가장 흡사함

여기 층마다 방문하느라 시간가는줄모르고 3시간이상 있었음

주차도 지원되고 (주차하기 편함)
음료가격은 다른데 비하면 보통인편
(에이드는 수제청이라고 의외였음, 직접만드신다함)
그리고 스웨덴 커피가 정말 맛있었고 직원분들도 굉장히 친절해서 좋았음!",2년 전
 별표 4개 ,,2년 전
 별표 4개 ,,2년 전
 별표 5개 ,남편이 뷰가 좋대서 갔는데 볼거 하나도 없고 왜 티맵추천코스인지 당췌 이해불가,2년 전
 별표 4개 ,,2년 전
 별표 5개 ,"전망이 좋다곤 하나 좀 어수선..커피 맛도 그닥...
서울서 온 친구가 궁금하다 해서 일년만에 다시 왔어요.
1층은 주문과 대기, 2층은 선글라스 쇼룸, 3층과 4층은 완전히 다른 인테리어와 공간구성이네요.
아래 사진은 오늘 찍은 비오는 밤 풍경입니다.",2년 전
 별표 5개 ,깔끔하고 좋습니다,2년 전
 별표 5개 ,,2년 전
 별표 5개 ,,2년 전
 별표 5개 ,4층 고전압선 View ㅠㅠ,2년 전
 별표 5개 ,높은곳에 있어서(!!!택시필수!!!) 뷰도 좋고 인테리어도 너무 좋은데 맛은 그냥 그렇다. 내려올때 택시타면 재밌음.,2년 전
 별표 3개 ,,2년 전
 별표 5개 ,"부산 전망을 볼 수 있는 카페입니다.
카페를 이용한다면 무료 주차 이용을 두시간 할 수 있습니다.
차가 없으면 접근하기 용이하지는 않습니다.
단점으로는 사악한 가격입니다.
분위기나 커피의 맛은 괜찮으나,
가격이 상당히 비싸다고 느껴집니다.
부산으로 여행을 간다면, 그래도 가볼만 한
카페인 것 같습니다.
부산의 모습을 위에서 바라 볼 수 있으며, 약간의 레트로
감성도 느껴지는 카페입니다.",2년 전
 별표 5개 ,뷰 좋고 직원분들 친절하셨고 음료도 나쁘지 않았습니다. 치즈모양케익 재밌었어요 ㅎㅎ,2년 전
 별표 5개 ,탁 트이고 분리된 공간이 좋은 곳,2년 전
 별표 5개 ,넘예뽀,2년 전
 별표 5개 ,여자친구랑 가기좋음,2년 전
 별표 4개 ,,2년 전
 별표 3개 ,,2년 전
 별표 5개 ,테라스 좋네요 더 더워지기전에 다녀오길,2년 전
 별표 5개 ,직원분들이 굉장히 친절하였고 선글라스도 이쁘고 커피도 맛있고 전용주차장도 넖은게 하나 빠지는거없이 아주 만족스러웠음,2년 전
 별표 5개 ,,2년 전
 별표 5개 ,이쁘고 맛잇음,2년 전
 별표 5개 ,,2년 전
 별표 5개 ,,2년 전
 별표 4개 ,"(Google 번역 제공) 일몰 전 밝은 시간에 방문하여 부산항의 일몰과 야경을 즐기십시오.

솔직히 음료의 맛은 감동되지 않지만 공간이 정교해진 곳입니다. 지하에서 옥상까지 총 6 층이 강력합니다. 나는 4 층의 분위기와 풍경을 개인적으로 좋아합니다.

나는 평소처럼 Karin 브랜드에 대해 긍정적으로 생각했지만이 장소를 방문한 후에 더 관심을 갖게되었습니다.

(원문)
Visit at a bright time before sunset and enjoy the sunset and the night view of Busan Port.

Honestly, the taste of the drink is not impressed, but it is a place where space is elaborate.  A total of six floors, from the basement to the rooftop, are powerful. I personally like the atmosphere and scenery on the 4th floor.

I thought about the brand Karin positively as usual, but after visiting this place, I became more interested.",2년 전
 별표 5개 ,,2년 전
 별표 5개 ,"음료는 그저 그렇지만 인테리어랑 뷰가 멋있네요.
가구 하나 하나 신경써서 꾸민 티가 납니다.
야경보고 싶을 때 꼭 가세요~!!",2년 전
 별표 5개 ,뷰는 그닥 인테리어 좋음,2년 전
 별표 4개 ,,2년 전
 별표 5개 ,,2년 전
 별표 4개 ,,2년 전
 별표 5개 ,,2년 전
 별표 4개 ,,2년 전
 별표 3개 ,"잠시의 안정이 필요하다면  기꺼이
어떤 커피든  어떤 케익이든
기꺼이  즐기고 누리기위한 최고의장소",2년 전
 별표 4개 ,내부 인테리어는 깔끔하니 좋지만 커피맛은 고만고만하다.,2년 전
 별표 5개 ,경치좋음. 커피 괜찮음. 자리는 편하진 않지만.,2년 전
 별표 5개 ,루프탑 야경이 매우 예쁨 가게 안 인테리어도 잘 되어있음 영도 카페로 강추함,2년 전
 별표 5개 ,"분위기, 뷰 오짐, 맛있음",2년 전
 별표 4개 ,,2년 전
