rating,review,duration
 별표 5개 ,"(Google 번역 제공) 바다 소금 커피는 완벽했습니다

(원문)
Sea salt coffee was perfect",3일 전
 별표 4개 ,"(Google 번역 제공) 매우 조용한 장소, 일부 작업을 수행하기에 좋습니다. 플랜 스콘은 버터와 잼으로 훌륭하고 바질 치즈는 그에 비해 훨씬 건조했습니다. 훌륭한 디저트 케이크 선택. 커피는 더 가벼우며(추가 샷을 요청해야 할 수도 있음), 바닐라 라떼는 시럽이 덜 필요할 수 있고, 매우 묽은 수준의 단맛이 필요할 수 있습니다.

(원문)
Very quiet place, great for getting some work done. The plan scones is great with butter and jam, the basil cheese was much drier in comparison. Great dessert cake selection. Coffee is on the more light (might need to ask for extra shot), vanilla latte might need less syrup, very phlegmy level of sweetness",6일 전
 별표 4개 ,"초코라떼와 아이스바닐라라떼 , 그리고 블루베리치즈케이크가 맛있었어요.~",1주 전
 별표 5개 ,"해수염커피 진짜 많이 맛있어요!
꼭 한번 드셔보세요!
3층까지 있는데, 내부 계단이 좀 가파릅니다.
일요일 12시 이전에 갔을때는 줄 안섰습니다.
보통은 인기가 많아서 줄이 길다고 하네요.",1주 전
 별표 4개 ,조용하고좋다..,2주 전
 별표 5개 ,해수염커피 꽤 맛있음,2주 전
 별표 4개 ,,3주 전
 별표 4개 ,,3주 전
 별표 5개 ,,4주 전
 별표 4개 ,,4주 전
 별표 5개 ,"(Google 번역 제공) 이 카페는 단일 원산지의 좋은 선택을 제공하며 필터 커피로 훌륭한 작업을 수행합니다. 우리는 빵집을 시험해 보았고 그것도 훌륭합니다! 밀크티가 빠질 수 없죠, 굉장해요! 좋은 분위기는 매우 편안합니다.

(원문)
This cafe offers a good selection of single origin, they do a great job with the filter coffee. We tried the bakery and it’s great too! The milk tea couldn’t be missed, it’s amazing! Nice ambience very relaxing.",1달 전
 별표 5개 ,,1달 전
 별표 5개 ,해수염커피 맛남. 아인슈페너좋아하는분들 강추. 아메리카노도 나름..괜찮았음. 조각케익이 맛있어보였으나 배불러서 못먹었다. 왜 우리동네엔 블랙업커피가 없는걸까나.또가고싶다,1달 전
 별표 5개 ,아이고 사진을 못 찍었다! 시그니쳐 메뉴가 맛있는 카페. 시그니쳐 메뉴를 주문하면 직접 원두부터 과정까지 하나하나 설명해주신다. 가을 겨울에도 또 오고싶다,1달 전
 별표 4개 ,,1달 전
 별표 5개 ,핸드 드립이 유명하다고 해서 가봤는데 원두 선택도 친절하게 도와주시고 향도 좋고 커피 맛도 좋았어요~ 타르트는 과일이 정말 신선하고 맛있었어요~ 다만 계단이 높아서 올라가고 내려갈때 조심해야해요,2달 전
 별표 4개 ,,2달 전
 별표 4개 ,"부산 대표 카페인데 지금수준은 그냥 평범한듯
스콘맛집",2달 전
 별표 5개 ,해수염 커피 맛있음,2달 전
 별표 5개 ,,3달 전
 별표 5개 ,,3달 전
 별표 4개 ,사람이 너무 많고 회전율도 낮습니다. 해수염커피는 한번쯤 마셔볼만합니다.,3달 전
 별표 3개 ,매장이 계단이 너무 가팔라서 불편.,3달 전
 별표 5개 ,계단이 가파른거 외엔 커피도 케잌도 맛있어요,3달 전
 별표 4개 ,,3달 전
 별표 5개 ,"저렴하진않지만 커피도, 케잌도 맛있고 카공하기좋은 곳",4달 전
 별표 5개 ,"(Google 번역 제공) 해수염커피 바다소금커피를 주문해주세요! 부산에서 단 하나뿐인 시그니처 커피입니다. 당신은 후회할 수 없습니다

(원문)
please order 해수염커피 Sea salt coffee!This  signiture coffee is one and only coffee in Busan. You can't regret",4달 전
 별표 4개 ,,4달 전
 별표 5개 ,해수염커피 드세요. 그리고 또 드세요. 대박!!,4달 전
 별표 5개 ,,4달 전
 별표 5개 ,,4달 전
 별표 3개 ,"오랜동안 잘 유지되는 커피전문점
전반적으로는 괜찮지만 찾아가서 먹을 정도는 아님",5달 전
 별표 3개 ,,5달 전
 별표 5개 ,"매번 갈때마다 레전드! :)

친절한 설명, 뛰어난 맛, 편안한 분위기!
삼위일체 아닙니까! ㅎㅎㅎㅎ",5달 전
 별표 4개 ,,5달 전
 별표 4개 ,"계단이조금 높긴 하지만 커피가 맛있음...
해수염을 추천합니다",5달 전
 별표 5개 ,,5달 전
 별표 5개 ,디저트 굿 커피 굿,5달 전
 별표 4개 ,나쁘지 않아요 전체적으로 달달한 듯,5달 전
 별표 5개 ,서면에서 핸드드립커피를 먹고싶은데 참신함보다 실패하지 않음을 목표로 할때 언제나 훌륭한 대답이 될수있는곳.,6달 전
 별표 5개 ,,6달 전
 별표 5개 ,,6달 전
 별표 5개 ,,7달 전
 별표 5개 ,3층까지 있고 분위기가 좋고 커피를 전문적으로 하는곳인것 같아서 다음에 또 와보고싶음! 수플레 치즈케이크 맛있음! 다음엔 타르트 먹어봐야징,7달 전
 별표 5개 ,,7달 전
 별표 5개 ,,7달 전
 별표 5개 ,,7달 전
 별표 4개 ,카페 예쁘고 맛있어요. 계단 엄청 가팔라요.,7달 전
 별표 5개 ,,7달 전
 별표 5개 ,통유리에서 오는 따뜻함이 나를 더 나른하게 만들어주었다,8달 전
 별표 5개 ,,8달 전
 별표 3개 ,"크림과커피의 조화를 맞추지 못한 듯 하다. 커피의 농도가 약하고 크림과 어울리지도 않는다. 케익도 빵이 퍽퍽하다. 그게 특징이라면 성공이지만 보편적 커피, 케익 매니아라면 많이 부족하다.",8달 전
 별표 5개 ,케익도 맛있고 ~~ 친절하고 ~~ 전문적인 느낌이라서 너무 좋았어요 ~~!!,8달 전
 별표 5개 ,,8달 전
 별표 5개 ,바리스타님이 너무 친절하시고 필터커피가 정말 맛있었어요 자주가고싶의곳이에여!,8달 전
 별표 5개 ,"해수염~~~매장에서 맛볼수 있는 느낌 그대로~
첫맛과  끝맛이~~^^ 자몽티~~
스콘부터~~블루베리 ~ 딸기  보기만 해두 다 맛보고싶어~   다 맛보고 왔답니다^^",8달 전
 별표 5개 ,,9달 전
 별표 3개 ,나쁘지 않음,9달 전
 별표 4개 ,,9달 전
 별표 5개 ,조각케이크 8조각 20%할인~~동백전쓰면 추가10% ㅎㅎ맛은 있어요,9달 전
 별표 4개 ,,9달 전
 별표 5개 ,,9달 전
 별표 4개 ,,9달 전
 별표 5개 ,사랑하는사람과 함께여서 행복했다,9달 전
 별표 5개 ,,9달 전
 별표 5개 ,스콘 개맛있어요 ㅠ,9달 전
 별표 5개 ,,10달 전
 별표 5개 ,"해수염커피가 참 맛있음
비엔나커피에 소금이 더해져 풍미를 더 살려주는거 같음
단짠단짠!!
다만 사람이 많아서 자리가 없어서 못 먹는 경우가 많음
그리고, 아메리카노는 디카페가 되는데 해수염커피는 안됨ㅎ",10달 전
 별표 5개 ,"(Google 번역 제공) 전 세계 바리스타 챔피언 김사홍이 2일간의 스페셜 이벤트로 블랙업커피를 방문하는 동안 한국에 오게 된 것이 행운이었습니다. 2일 이벤트 메뉴에서 제한된 파나마 Mamam Cata Bella Luna 에스프레소 음료를 맛본 것은 특별한 경험이었습니다.

Blackup Coffee의 직원들은 친절하고 열정적으로 커피에 대한 지식을 공유합니다.

부산을 방문하는 동안 집에 가기 전에 블랙업 커피에 가서 바다 소금 커피를 몇 번 탐닉하려고 노력할 것입니다. 정말 행복한 커피입니다.

(원문)
I was lucky to have been in Korea while a former World Barista Champion Kim Sahong was visiting for a 2-day special event at Blackup Coffee. It was an exceptional experience to have tried the limited Panama Mamam Cata Bella Luna espresso drinks on the menu for the 2-day event.

The staff at Blackup Coffee are friendly and are passionate in sharing their knowledge about coffee.

While visiting Busan, I will be trying to go to Blackup Coffee to indulge in their sea salt coffee several times before I go back home. This is a truly blissful coffee drink.",10달 전
 별표 5개 ,가길 잘했다. 파나마가 끝내주게 맛있었다. 근처에 살고있다면  커피마시다 살림 거덜낼 것 같다.,10달 전
 별표 5개 ,레몬타르트 해수염커피 드립커피 맛있어요 ㅎㅎ,10달 전
 별표 5개 ,,10달 전
 별표 5개 ,"(Google 번역 제공) 분위기와 소금에 절인 크림 콜드 브루를 좋아했습니다. 서면역 근처에 머물고 있다면 체크아웃할 가치가 있습니다.

(원문)
Loved the atmosphere and the salted cream cold brew. If you're staying near Seomyeon station it's worth checking out",10달 전
 별표 4개 ,잠시  머물렀다 가기 좋은곳인것 같습니다. 디저트류도 커피도 괜찮았던걸로 기억해요. 다만 계단 경사가 있어 조심해야해요.,10달 전
 별표 3개 ,타르트 시트가 딱딱해서 먹기 힘들었어요. 맛은 보통이었습니다.,10달 전
 별표 5개 ,,10달 전
 별표 5개 ,,10달 전
 별표 5개 ,,11달 전
 별표 5개 ,,11달 전
 별표 3개 ,직원들모두 친절하지만 주문실수가 잦아요..,11달 전
 별표 5개 ,"바닐라라떼를 주문.
굉장히 진하고 달짝지근했고 바질스콘과 잘 어울리는 단짠 조합.
아직 마셔보지 못했지만 아메리카노가 기대되는 카페.",11달 전
 별표 5개 ,"(Google 번역 제공) 소금 커피

(원문)
Salt coffee",11달 전
 별표 5개 ,"일단 커피가 맛있고 직원분들도
전문가의 손길이 느껴집니다
빵도 괜찮은편이에요",11달 전
 별표 4개 ,,11달 전
 별표 5개 ,드립커피 추천,11달 전
 별표 4개 ,커피가 맛나고 케익도 정말 맛납니다,11달 전
 별표 5개 ,갓 내린 핸드드립 커피의 향에 취합니다.,11달 전
 별표 4개 ,좋음,1년 전
 별표 5개 ,,1년 전
 별표 3개 ,그냥그냥,1년 전
 별표 5개 ,"(Google 번역 제공) 밀크티 맛있었어요. 피칸 스콘도 좋았습니다.

(원문)
The milk tea was delicious. Pecan Scone was also good.",1년 전
 별표 4개 ,"여기 레몬타르트가 진짜 어머무시하게 상큼해요! 진짜 상큼한 거 좋아하시는 분은 여기 추천이요! 여기 아아가 맛있는데 양이 좀 적어요,, 조금 더 큰 컵이었으면!",1년 전
 별표 5개 ,"#블랙업커피서면
커피맛집으로 알려져서 가봤는데 아메리카노 맛있음!
드립커피는 담에 먹어보는걸루...
당근케익도 정말 맛있었구, 매장 분위기도 참 좋음👍👍",1년 전
 별표 5개 ,커피 맛있어용~,1년 전
 별표 4개 ,의외의 장소에서 의외로 괜찮은 가격대로 의외로 괜찮은 음료를 마실 수 있음. 시설도 좋다.,1년 전
 별표 5개 ,"친절하고 커피맛 복숭아타르트
레몬타르트 맛있었어요^^ 원두도 잘갈아주시고
또올게요^^",1년 전
 별표 5개 ,오... 친절하게 커피에 대해 알려주시고 앞에서 드립도 보여주세요! 자주 가고 싶은 몇 안 되는 카페 중 하나..!,1년 전
 별표 4개 ,,1년 전
 별표 5개 ,유명한데는 유명한 이유가 있네요 ㅠㅜ 맛있었습니다!,1년 전
 별표 5개 ,커피맛 good,1년 전
 별표 3개 ,,1년 전
 별표 4개 ,,1년 전
 별표 5개 ,부산갈때마다 방문하는곳.. 해수염 커피 존맛탱이라 부산 같이 놀러간 친구 데리고갔는데 해수염 커피 한입 하더니 맛있다고 난리법썩을..! 그뒤부터 여행내내 여기가자고 자꾸 말해서 결국 한번 더갔어요ㅎㅎ 빵순이 친구땜에 케이크도 시켰는데 케이크 별로 안좋아하는 제가 다 먹었어요. 넘맛나서..,1년 전
 별표 5개 ,,1년 전
 별표 4개 ,,1년 전
 별표 2개 ,여름에  더움 에어컨 겁나 약함 주문전 먹고갈거면 자리보고오라함 3층까지 갔다옴,1년 전
 별표 5개 ,"해,수면 커피가 짱 맛있네요",1년 전
 별표 4개 ,,1년 전
 별표 5개 ,서면에서 제일 맛있는 커피라길래 먹어봤는데 ㄹㅇ 진짜 맛있긴 했음! 카페도 넓고 윗층이 특히 조용하이 좋았습니다,1년 전
 별표 3개 ,"소금커피로 유명합니다
커피는 각자 본인만의 맛을 느낍니다
전 대체로 일반 프랜차이즈를 많이다니다보니
호불호없는맛을 즐기는데
유명한곳들은 산미가 있더라고요
산미를 좋아하시는분에게는 추천드리고
산미를 싫어하시는분에게는 비추천요~",1년 전
 별표 3개 ,"그런대로 갈만한데,가격은 좀 비싸요",1년 전
 별표 5개 ,소금커피 크림이 진해서 맛있네요,1년 전
 별표 5개 ,커피공장일때부터 갓엇는데 을숙도블랙업도 개업하고 점차 매장늘려가시는모습이 좋고 흐뭇하네요 번창하세요♡,1년 전
 별표 4개 ,"누군가의 후기와 같은느낌
맛은 뭐 평범하고 분위기는 좋은편
씨쏠트가 궁금해서 먹어봤는데
아인슈페너 이상도 이하도아님
가운데쪽세 소금 몰아서 뿌려주는데
꾸덕한 크림이 천천히 녹아서 커피의맛을 오래
즐길수있는 대신, 소금맛이 가운데만 남아있어서
막판에 짠맛을 몰빵당함..ㅜ
뭐 그래두 한번쯤은 경험할만하다",1년 전
 별표 5개 ,직원도 친절하고 커피도 맛나고 빵도 맛나요~^^,1년 전
 별표 4개 ,,1년 전
 별표 4개 ,,1년 전
 별표 5개 ,,1년 전
 별표 5개 ,,1년 전
 별표 5개 ,커피맛이 좋고 분위기가 괜찮음,1년 전
 별표 4개 ,카페도 큰편이고고 직원분들도 친절하고 음료도 전반적으로 퀄리티가 괜찮습니다 아쉬운점은 어오래된 건물이라 2층 계단폭이 좁아서 좀 위험해보였고 남자화장실에도 좀 위험하게 공업용 환풍기가 설치되어 있더라고요 케이크도 비닐포장 제거 안되고 나오는것도 개인적으론 좀 아쉬웠습니다 근처 괜찮은 카페들이 공격적인 가격대에  많이 생겨서 그런지 전반적으로 음료가격대가 높은 느낌입니다,1년 전
 별표 5개 ,"(Google 번역 제공) 공부하기 좋은 곳

(원문)
Great place to study",1년 전
 별표 5개 ,,1년 전
 별표 5개 ,"무릎 안좋으신 분들은 힘드실 수도 있습니다.
건물 특성상 계단이 많이 가파릅니다.
하지만 케익과 커피가 맛있어서 참고…",1년 전
 별표 5개 ,,1년 전
 별표 5개 ,,1년 전
 별표 5개 ,,1년 전
 별표 5개 ,,1년 전
 별표 4개 ,,1년 전
 별표 5개 ,"커피의 깊은 맛과 알맞은 디저트, 넓은 공간
사랑할 수 밖에 없는 곳입니다",1년 전
