rating,review,duration
 별표 5개 ,,3일 전
 별표 5개 ,,3일 전
 별표 5개 ,경치좋네요,3일 전
 별표 4개 ,"전망 맛집 커피와 차종류도 많아서 경치보고 차한잔의 여유를 가지실분에게 추천합니다
가끔씩 수다스러운 아줌마부대가 와서 분위기 깨는건 좀 아니네요~~*^^*",5일 전
 별표 3개 ,,1주 전
 별표 5개 ,뷰가넘이뻤음,1주 전
 별표 5개 ,지인과 함께 방문한 수영구에 위치한 오후의 홍차 입니다. 접근성은 떨어지는데 차량으로 이동해야함에도 불구하고 주차공간이 생각보다 협소해서 주말에 방문하신다면 조금 불편을 겪으실 수도 있습니다. 내부에도 창가 좌석이 항상 인기인데 사람들이 많기 때문에 생각보다 방문했을때 바로 앉을 수 있는 확률은 낮다고 보시면 됩니다. 홍차맛은 의외로 또 깔끔하고 괜찮아서 좋았지만 디저트류는 제가 먹어보지 못해서 잘 모르겠습니다.,3주 전
 별표 5개 ,,3주 전
 별표 5개 ,,3주 전
 별표 4개 ,"주차하기 조금 거시기하나
커피도 맛있고, 뷰도 좋고, 여유 제대로 즐기고 갑니다.",1달 전
 별표 5개 ,,1달 전
 별표 5개 ,전망도좋고 편안 합니다,1달 전
 별표 4개 ,"경관좋고, 차맛도 여전했습니다. 주차관리하시는 분 더운 날씨에 또 바쁘지만 친절하십니다
칭찬합니다~",2달 전
 별표 5개 ,"뷰맛집이다
차의 종류가 엄청 다양하지는 않지만 디테일이 있어 다른 데 비해 특색이 있었다",2달 전
 별표 5개 ,,2달 전
 별표 5개 ,,3달 전
 별표 5개 ,"뷰 좋고, 분위기 좋은 곳에서 즐기는 맛있는 홍차.",3달 전
 별표 5개 ,옛날에 팬케이크랑 홍차 주문할 때 그때 분위기가 좋았었는데 이제 사람들이 많아지니깐 빨리 먹구 나왔어요 ㅠㅠ 아직도 그 팬케이크는 잊을 수 없을거 같아요 그래도 오랫동안 길게 오래오래 했으면 좋겠어요!,3달 전
 별표 4개 ,,3달 전
 별표 5개 ,,3달 전
 별표 5개 ,"(Google 번역 제공) 가격이 좀 비싸긴 하지만 뷰가 예뻐요

(원문)
Es algo costoso pero la vista es hermoda",3달 전
 별표 5개 ,비오는 날 운치있고 넘좋았음,3달 전
 별표 3개 ,,3달 전
 별표 5개 ,"SNS 사진 한 장으로 찾아온
고품격스럽고 압도적인 분위기의
광안리 근처 루프탑 리버뷰 카페
'오후의 홍차' 입니다.

오후의 홍차는 부산을 대표하는 홍차
전문점으로 앤티크한 분위기와 아름다운
수영 강변의 낮 풍경과 야경을 동시에
느낄 수 있는 카페랍니다.

뭐야? 여기 홍콩이야?
1초 홍콩이라며..
막 우겨봅니다.

오후의 홍차만의 시그니처 애프터눈 티
메뉴가 있었으면  어땠을까? 혼자 막
상상을 해봤답니다.


빼곡히 우뚝 솟은 건물들과
강변을 따라 크루즈가 지나다니는
리버뷰 배경으로 애프터눈 티를 즐긴다고
상상해 보세요. 얼마나 로맨틱한가요?

날씨가 흐려서 얼마나 아쉽던지요.
한여름밤에 야외 루프탑에서 바라보는
야경은 또 얼마나 멋질지? 다음에는
일몰 타임에 한 번 더 가고 싶네요.

네이버여행인플루언서 :
일상도여행처럼",3달 전
 별표 5개 ,"건물 디자인도 이쁘고..
커피도 맛있음
광안리쪽 전망이 좋음
옥상뷰 끝내줌",3달 전
 별표 4개 ,분위기 참 줗네요~!!,3달 전
 별표 5개 ,"멋진 뷰와 좋은차, 커피를 함께할 수 있는 곳! 주차가 불편해서 평일 방문을 추천함",4달 전
 별표 5개 ,루프탑 수영강변 야경이 최고에요!,4달 전
 별표 5개 ,차맛이 좋음. 비쌈. 시설 좋음.,4달 전
 별표 5개 ,밀크티가 생각나면 이곳,4달 전
 별표 5개 ,"뷰 맛집
야외 좌석 종류?가 다양하고 뷰가 좋아요",5달 전
 별표 5개 ,"밖을 보며, 푸욱 쉬다가기 좋았던 곳 😍",5달 전
 별표 4개 ,,5달 전
 별표 5개 ,맛있습니다,6달 전
 별표 5개 ,건축설계상을 받은 명소,6달 전
 별표 4개 ,,6달 전
 별표 4개 ,뷰 맛집,7달 전
 별표 5개 ,Nice view with good tea. Convenient parking. A bit expensive. 뷰 맛집 & 주차 편리 & 맛있는 차와 디저트   가격은 좀 비쌉니다~,7달 전
 별표 5개 ,,7달 전
 별표 4개 ,,7달 전
 별표 4개 ,홍차의 스페셜함을 느끼고 싶다면 굿. 수영강변 밤야경에 사진 찍기도 굿. 가격에 놀랄수 있지만 천천히 음미하며 마시고 여유롭게 시간 보낸다면 너무너무 멋진 곳. 주차가 불편해,7달 전
 별표 5개 ,오픈시간에 갔는데 사람도 없고 주변경관도 좋고 클래식음악이 크게 흐르고 결정적으로 홍차가 맞있렀음,8달 전
 별표 3개 ,,8달 전
 별표 4개 ,배경 좋고 맛도 좋고 분위기 좋은곳,8달 전
 별표 5개 ,"홍차가 아주 맛있습니다.  다양한 홍차 종류가 있습니다.  가향 홍차로 향이 좋은 홍차도 즐길 수 있습니다. 뷰도 매우 뛰어납니다. 다만,  좋은 홍차를 만나기 까지 대기를 좀 해야 합니다.",8달 전
 별표 4개 ,"뷰가 나쁘지 않고 홍차가 맛있긴 하지만 접근성이 매우 떨어진다.
차끌고 오면 주차에 기운빠질 가능성 높음",8달 전
 별표 5개 ,"세련되고 아늑한 인테리어와
티전문카페의 메뉴가 다채롭고
창밖의 정경이 외국에 와있는듯한 느깜
세미 맨하튼같네요",8달 전
 별표 4개 ,루프탑의 뷰는 좋았습니다.,8달 전
 별표 3개 ,,8달 전
 별표 4개 ,뷰가 좋은 몫을 해서인지 가격은 좀 쎄네요,9달 전
 별표 4개 ,,9달 전
 별표 5개 ,,9달 전
 별표 5개 ,,9달 전
 별표 5개 ,"여름에는 테이블이 없어서 그냥 나왔는데
이번에 이용하게 되었네요
깔끔하고 편하고 직원들도 친절합니다",9달 전
 별표 4개 ,"뷰 즐기기 좋아요
날 좋으면 야외에서 제대로 즐길듯",10달 전
 별표 5개 ,,10달 전
 별표 4개 ,"센텀시티를와 수영강.. 멀리 해운대를 볼수 있는 뷰 맛집..

간판처럼... 홍차 맛이 끝내줌.. 강추

주차하기 불편한 편이고 추가 요금을 내야 함",10달 전
 별표 5개 ,,10달 전
 별표 2개 ,,10달 전
 별표 4개 ,방문해주셔서 감사드립니다^^,10달 전
 별표 5개 ,,10달 전
 별표 5개 ,방문해주셔서 감사드립니다^^,10달 전
 별표 5개 ,아주 싱싱하고 맛있어요 볶음밥은 최고에요!!!,10달 전
 별표 5개 ,하하하 감사합니다 위트넘치는 답변에 감사드립니다. 다음에 또 뵙겠습니다^^,11달 전
 별표 2개 ,부산 최고의 카페 중 하나.,11달 전
 별표 5개 ,최고의 리뷰에 감사드립니다^^,11달 전
 별표 5개 ,,11달 전
 별표 5개 ,방문해주셔서 감사드립니다^^,11달 전
 별표 4개 ,뷰 너무 좋고 얼그레이 밀크티 너어무 맛있어요,1년 전
 별표 4개 ,너무너무 좋은 리뷰에 감사드립니다^^,1년 전
 별표 5개 ,,1년 전
 별표 5개 ,방문해주셔서 감사드립니다^^,1년 전
 별표 5개 ,분위기나 퀄리티가 너무좋아요ㅠ,1년 전
 별표 4개 ,"퀄리티 있는 글, 감사합니다^^",1년 전
 별표 4개 ,"수영강, 센텀시티, 마린시티를 한 눈에 담을 수 있는 뷰가 인상적이였습니다.
뷰맛집이면서도 크로플, 커피도 맛있었습니다.
날씨에 따라 루프탑에서 경치를 감상하면 좋을듯합니다.
잔잔한 수영강을 보며 나른한 오후를 보내기에 매우 적절한 장소이니 방문 추천드립니다.
내부 인테리어는 앤틱한 느낌으로 젊은 느낌은 아닙니다만 개인적으로는 만족스러운 인테리어였습니다.
주차도 가능하지만 주차타워를 이용하기에 다소 불펀한점은 감안해야합니다. 관리인분께서 안내를 해주시기에 크게 불편하진않았습니다.",1년 전
 별표 5개 ,"진심이 담긴, 인상적인 답변에 감사드립니다^^",1년 전
 별표 5개 ,여기 뷰가 아예좋은편 커피는 괜춘한편,1년 전
 별표 5개 ,아주 좋은 리뷰에 감사드려요^^,1년 전
 별표 5개 ,,1년 전
 별표 4개 ,,1년 전
 별표 4개 ,"커피맛 정말 좋고, 홍차도 맛있어요. 가끔씩 가는 산책코스로 수영강 수상버스도 볼수있었어요",1년 전
 별표 5개 ,아주 좋은 리뷰 감사드립니다^^,1년 전
 별표 4개 ,자리배치도 넓고 뷰도 좋고 커피 디저트도 괜찮아요 해질녘즈음 가서 야경도 꼭 보시는걸 추천드립니다,1년 전
 별표 5개 ,추천을 부르는 리뷰에 감사드립니다^^,1년 전
 별표 5개 ,👍👍👍,1년 전
 별표 5개 ,,1년 전
 별표 5개 ,갑자기 내린 소나기에 부랴부랴 비 피하러 들어갔는데 원래 유명한 뷰맛집이었네. 루프탑 관리를 깔끔하게 잘 해놓은 편이고. 라떼를 먹어서 커피맛은.. 바닐라와 시나몬 라떼는 무난한 편입니다.,1년 전
 별표 5개 ,"(Google 번역 제공) 이 찻집은 전망이 좋습니다.

(원문)
This tea shop has nice view.",1년 전
 별표 3개 ,,1년 전
 별표 4개 ,"(Google 번역 제공) 아주 괜찮은 카페 생각 해요 ❗🕋☘🙋♂️👍

(원문)
とても立派なカフェと思いますよ❗🕋☘🙋‍♂️👍",1년 전
 별표 4개 ,탁트인 뷰가 끝내줘요~^^,1년 전
 별표 5개 ,"분위기 독특한 카페예요
앤틱한데 밖으로 보이는 풍경이 완전 도시적!
묘합니다~
편하고 즐길수 있는 차 종류도 많네요^^",1년 전
 별표 4개 ,,1년 전
 별표 4개 ,,1년 전
 별표 2개 ,압도적 뷰,1년 전
 별표 4개 ,"🤳🏻 뷰 맛집으로 인정하고 토요일 오후2시쯤 방문할 때 사람이 너무 많지 않아서 쾌적했어요 :>
🍰 디저트류가 다 맛있어 보이는데 이날 먹은 말차 갸또 추천해요!",1년 전
 별표 3개 ,"1. 붓싼 최고의 카페
2. 디저트류도 대존맛. 갈때마다 눈물 난다
3. 티라미슈랑 마카롱 추천 4. 밤에 가삼 (뷰)
5. 주차장은 넉넉치않음",1년 전
 별표 5개 ,,1년 전
 별표 5개 ,,1년 전
 별표 5개 ,"(Google 번역 제공) 좋은 곳!

(원문)
Nice place!",1년 전
 별표 5개 ,뷰가좋은곳,1년 전
 별표 5개 ,분위기 좋고 커피도 산미가 좋아 케잌하고 잘 어울렸어요 1인1음료 방식이라 포크는 사람수만큼   혹시 가시게 되면  여분 포크 챙겨가세요,1년 전
 별표 5개 ,분위기 좋아요 추천,1년 전
 별표 5개 ,폭우로 인해 물색이 탁하지만 원래는 안그래용 밀크티 맛있구요 뷰좋아서 또 갈거같아요~,1년 전
 별표 5개 ,뷰 좋음,1년 전
 별표 5개 ,주차장이 좁은거 빼면 분위기랑 맛이 좋네요,1년 전
 별표 5개 ,"여기도 연애인이 다녀간 장소...  뷰, 음악은 좋아요.

아쉬운 점은...    별도로  케잌만 주문이 안된다는 것.....",1년 전
 별표 5개 ,,1년 전
 별표 5개 ,"카페내부는 못찍었지만 루프탑에 있었기때문에 루프탑사진만 찍음ㅋㅋ 음료는 쏘쏘
수영강 뷰가 넘멋있었다는건 인정!",1년 전
 별표 5개 ,,1년 전
 별표 4개 ,,1년 전
 별표 5개 ,,1년 전
 별표 4개 ,,1년 전
 별표 5개 ,,1년 전
 별표 4개 ,평일에 다녀왔는데 사람도 없고(주말에는 많데서) 밀크티가 많이 아주 맛있네요~ 주차도 1시간 무료였지만 그냥 더 주셨어요~ 힐링해기 딱 좋은 곳 입니다,1년 전
 별표 5개 ,오홍오홍 뷰가 너무 좋아요홍,1년 전
 별표 4개 ,"(Google 번역 제공) ""애프터눈 티""로 알려진 다양한 페이스트리와 블렌드 과일 주스, 커피 및 차가 제공됩니다. 한강과 센텀 / 해양 도시를 한눈에 볼 수 있습니다. 데이트를 여기로 가져 오세요.

(원문)
Known as ""afternoon tea"" has an assortment of pastries available along with blended fruit juices, coffees, and teas. It has a great overview of the Han river and centum/marine city. Bring your date here.",1년 전
 별표 5개 ,2번째 방문인데 지금 시기가 날도 좋구 시원해서 루프탑 가기 딱 좋은거 같아요 뷰도 이쁘고 분위기도 좋아요 ㅎㅎ,1년 전
 별표 4개 ,"경치가 좋아요.
커피가 맛있어요",1년 전
 별표 5개 ,수영만과 마린시티가 보이는  카페라서 참 좋았어요.,1년 전
 별표 5개 ,뷰맛집,1년 전
 별표 5개 ,,1년 전
 별표 3개 ,"부산 바다뷰 끝판왕 카페.
차 끌고와야댐.
푹신푹신한 소파 있음.",1년 전
 별표 5개 ,밀크티 좋아해서 오빠랑 갔어용ㅎ 짜이 홍차는 팔각향 향이 강해서 첫느낌이 별로였는데 오리지널은 대만 밀크티 느낌이 나고 담번에 얼그레이 먹어보고싶네요,1년 전
 별표 4개 ,뷰 아주조음,1년 전
 별표 5개 ,뷰도 좋고 차도 맛있고~,1년 전
 별표 4개 ,낮에도 밤에도좋아요,1년 전
 별표 5개 ,음료가 비싸다 생각했는데 야경 보며 마시니 안 아깝다고 느껴졌어요. 캔으로 된 밀크티보다 차를 마시는게 좋은거같아요. 인테리어도 너무 고급져요 :),1년 전
 별표 4개 ,"뷰도 좋고 웨딩임페리얼이나 마르코폴로 등 티 셀렉션이 다양. 디저트도 여러가지인데, 말차쇼콜라는 말차크림과 빵이(브라우니같은 질감) 따로 분리...별로.
번트치즈케잌은 맛있었다.

가격이 좀 있지만, 뷰와 홍차가 좋아 종종 방문. 그러나 타워식주차가 상당히 불편하단건 감안해야한다",1년 전
 별표 5개 ,"해질녁 때 즈음에 한번 가보갈 권함.
낮과 밤의 야누스적 이중변주곡의
짜릿한 느낌을  느낄 수 있을려나?",1년 전
 별표 5개 ,"사람넘많아서 미세먼지에 꽃가루날리는날
하필 야외석에 자리잡아서 여유로운 티타임을 못가져서 아쉬웠어요",1년 전
 별표 5개 ,"(Google 번역 제공) 아주 좋은 전망

(원문)
View rất đẹp",1년 전
 별표 4개 ,,1년 전
 별표 4개 ,오홍... 오홍 오후의 홍차,1년 전
 별표 5개 ,"뷰는 좋으나 실내가 너무 시끄럽네요.
디저트 맛있어요",1년 전
 별표 5개 ,뷰. 맛. 모든게 만족 단골입니다. 지인들과 자주 들리는 곳이기도 합니다,1년 전
 별표 4개 ,뷰가 멋짐 말차케익 맛남,1년 전
 별표 5개 ,전망 최고의,1년 전
 별표 4개 ,가격이 비싼게 흠ㅠ 그외엔 좋음,1년 전
 별표 4개 ,"금요일 저녁에 왔는데 조용하고 좋네요.
일하시는 분도 친절하고 분위기 좋고
주문하고 앉아서 기다리니깐 테이블도  닦아주고
깨끗해서 맘에 들어요.",1년 전
 별표 4개 ,뷰가 너무 좋아요~,1년 전
 별표 3개 ,"친구 내외와 함께 담소하며 차를 마셨다.
야경도 멋지고 수영강뷰도 멋진곳이다.",1년 전
 별표 5개 ,이쁘네요,1년 전
 별표 5개 ,야경이매우멋집니다,1년 전
 별표 4개 ,"*장정
경치가 예쁘고 밀크티나 디저트 맛이 아주 맛있다
*단점
사람이 많아 좋은자리를 선점하기 어렵고 주차공간이 매우협소하며 주차시간도 짧다 그리고 밀크티 가격이 너무 비싸다",1년 전
 별표 5개 ,뷰 맛집.. 날풀리면 재방문의사있음,1년 전
 별표 4개 ,"센텀시티, 마린시티, 그리고 광안대교
해운대, 광안리의 가장 중간 지점에 존재하는 카페입니다.
단언컨데 부산에서 가장 세련된 뷰를 보유하고 있는 카페입니다.
홍차의 다양한 맛 즐겨 보시길 바래요!",1년 전
 별표 5개 ,방문해주시고  훌륭한 리뷰남겨주셔서 감사합니다^^,1년 전
 별표 5개 ,분위기도 좋고 차도 맛있으며 창문이 깨끗해 밖도 잘 보였어요. 아쉬운건 플러그가 많이없어서 불편했어요,1년 전
 별표 4개 ,방문해주셔서 감사드립니다^^,1년 전
 별표 4개 ,커피 맛있어요. 강뷰도 예쁘구요.,1년 전
 별표 4개 ,"뷰 맛집입니다. 해운대와 광안리 사이의 야경을 보는것만으로 시원시원합니다. 홍차도 맛있고 대부분 메뉴들이 맛납니다. 강력 추천합니다.

다만 이곳은 저녁시간에 사람들이 많이 오기때문에 충분한 웨이팅이 있어야 됩니다.

초저녁때 들리시는것을 추천드립니다.",1년 전
 별표 4개 ,좋음,1년 전
 별표 5개 ,차가 맛있었고 창가에 앉아 우리집 구경하는거 재밌었다. 근데 다들 창가에 편한자리 앉으려고 눈치싸움한당,1년 전
 별표 4개 ,공기좋고 햇살좋은 날 루프탑 개꿀,1년 전
 별표 4개 ,"(Google 번역 제공) 은혜

(원문)
So grace",1년 전
 별표 3개 ,전망  좋고 직원분들도 친절하시고.강추합니다,1년 전
 별표 5개 ,,1년 전
 별표 3개 ,"아름다운 수영강과 요트장의 배경이 잘어우러진 바다가 좋다.
광안대교를 벗삼아 야외에서 싱싱한 회와 술 한잔할 수 있는 여유를 가져보세요!",1년 전
 별표 4개 ,,1년 전
 별표 4개 ,전망 너무좋고 가슴이 확트이는 기분이예요..날씨 따뜻할때는 옥상에 있으면 너무 좋을거 같아요..,1년 전
 별표 2개 ,방문해주셔서 감사드립니다^^,1년 전
 별표 4개 ,,1년 전
 별표 4개 ,센텀 카페 중에서는 제일 괜찮은 곳인듯. 3층은 공사중. 날이 풀리면 루프탑에서 뷰를 즐기는 것을 추천.,1년 전
 별표 5개 ,방문해주셔서 감사합니다 추천해주심에 부끄럽지않도록 더 노력하겠습니다^^,1년 전
 별표 3개 ,,1년 전
 별표 4개 ,,1년 전
 별표 4개 ,,1년 전
 별표 3개 ,,1년 전
 별표 5개 ,내부 인테리어와 경치가 좋네요,1년 전
 별표 3개 ,감사합니다 다음에 또 뵙겠습니다^^,1년 전
 별표 4개 ,뷰도 좋고 맛밤라떼도 맛있어요!,1년 전
 별표 5개 ,감사합니다 다음에 또 뵙겠습니다^^,1년 전
 별표 3개 ,수영강이 내려다 보이는 뷰가 좋은 카페. 홍차가 유명한 곳이고 커피 맛은 평범.,1년 전
 별표 5개 ,감사합니다 다음에 또 뵙겠습니다^^,1년 전
 별표 1개 ,"부산을 방문한 지인이 오면 가끔 들르는 카페.
클래식한 소품으로 채운 인테리어와 클래식음악이 나쁘지 않음. 다만 서비스면에서 티하우스 분위기를 잘 살렸으면 좋았을거란 아쉬움이 큼. 가격대는 높은데 주문 방식, 티 종류, 티웨어 등이 많이 아쉬움. (로얄밀크티 11,000원, 오리지날밀크티 10,000원)

오전과 해질녘의 뷰는괜찮은 편.
주차 가능.",1년 전
 별표 3개 ,방문해주셔서 감사드립니다^^ 소중한 고견을 논의해보도록 하겠습니다~,1년 전
 별표 4개 ,"시끄럽지 않고 뭔가 차분한 분위기에 좋은 음악과
좋은 경관, 좋은 차
갈 때 마다 편안하게 시간 보내고 옵니다
처음보는 메뉴가 많아 새로운거 시켜보는 재미가 있네요😁",2년 전
 별표 5개 ,엄청나진 않지만 시원한 유리창 덕에 뷰 맛집이 됨,2년 전
 별표 5개 ,,2년 전
 별표 5개 ,뷰가 너무 좋은곳,2년 전
 별표 4개 ,"와주셔서 감사합니다^^
만족시켜드리지 못해 죄송합니다.
더욱 노력하겠습니다~",2년 전
 별표 5개 ,"일단 비쌈
커피만 못 시켜요. 홍차 가게라서 홍차 한 잔을 무조건 시켜야 함(강매) 커피도 비싸지만, 홍차는 더 비쌈.
사진찍겠다고 오신분들로 복잡, 시끌.
외부 음식 드시는 손님을 직원이 혼내시더라고요. 1층 빵집서 빵사서 가실분 조심하세요.
주차는 2시간 무료.",2년 전
 별표 5개 ,,2년 전
 별표 4개 ,"팬케이크 와 음료는 맛있었습니다.
하지만 3층과 4층의 차이를 나타내는 설명이 잘 보이지않아서 4층은 꼭 홍차 하나를 시켜야합니다.
가격도 좀 있지만 저는 잘 놀다가 간것같이용 다른분들도 이용시에는 잘보고 확인하고 가시는걸 추천드리겠습니다. 뷰맛집 굳!!",2년 전
 별표 3개 ,케익이랑 홍차밀크티 맛있어요 달지않으니 단거좋아하시면 설탕을 달라고해보세요 전안단거조아해서 맛있어요,2년 전
 별표 5개 ,뷰가좋네요,2년 전
 별표 4개 ,방문해주셔서 감사드립니다,2년 전
 별표 5개 ,,2년 전
 별표 5개 ,"(Google 번역 제공) 경치는 아름답지만 가격은 비싸다!
2 층이 있는데 디저트가 달라서 다른 층으로 가져갈 수 없어요 ~

(원문)
風景很美，但價位偏高！
有分兩層樓 賣的甜點不一樣，也不能帶去別層吃～",2년 전
 별표 5개 ,감사합니다^^,2년 전
 별표 5개 ,뷰는 좋은,2년 전
 별표 5개 ,방문에 감사드립니다^^,2년 전
 별표 5개 ,개맛남,2년 전
 별표 5개 ,방문과 칭찬에 감사드립니다~,2년 전
 별표 4개 ,,2년 전
 별표 4개 ,,2년 전
 별표 4개 ,,2년 전
 별표 3개 ,,2년 전
 별표 5개 ,,2년 전
