rating,review,duration
 별표 4개 ,,2일 전
 별표 5개 ,"너무 좋아요
말이 필요 없습니다",1주 전
 별표 3개 ,청소가 잘안되어있어요,1주 전
 별표 5개 ,,1달 전
 별표 4개 ,바다를 바라보며 힐링타임,1달 전
 별표 5개 ,"미포끝의 바다뷰카페
여기 앉아있으면 시공간의 뒤틀림을
느끼는거같이 시간가는줄 모름😀",1달 전
 별표 5개 ,,1달 전
 별표 5개 ,"뷰는 좋음 주차 편함
음료값은 살짝 비싼편임
뷰를 볼거면 그정도는 이해됨",1달 전
 별표 5개 ,,1달 전
 별표 5개 ,,2달 전
 별표 5개 ,해운대 뷰맛집,2달 전
 별표 5개 ,,2달 전
 별표 3개 ,커피맛나요,2달 전
 별표 3개 ,,3달 전
 별표 5개 ,매우 좋음,3달 전
 별표 1개 ,,3달 전
 별표 5개 ,,3달 전
 별표 5개 ,해운대야경맛집 ^^,3달 전
 별표 1개 ,"(Google 번역 제공) 우리는 서명 크림 라떼와 돌체 라떼를 먹었는데 둘 다 너무 비싸고 맛이 너무 부드럽습니다. 뷰 별 1개 🙏

(원문)
We had the signature cream latte and dolce latte both were so overpriced and tasted so bland…. 1 star for the view 🙏",3달 전
 별표 5개 ,,3달 전
 별표 5개 ,,4달 전
 별표 5개 ,,4달 전
 별표 3개 ,,4달 전
 별표 3개 ,"카페 앞 오션뷰가 좋음. 베이커리 종류는 다양한 편.
1층(엘리베이터 기준 지하1층)과 5 6층이 카페. 6층은 루프탑인데 차양막이 많이 없어 햇볕강한 날 앉기 힘듦.
당근케이크 별3개. 빵 다소 텁텁",4달 전
 별표 4개 ,,4달 전
 별표 5개 ,해운대 끝자락 미포에 위치한 루프탑이 있는 카페에요. 주차장도 있어 편리하고 바다뷰가 멋졌어요. 인테리어도 예뻐요. 다양한 차와 케익이 있고 직원듵도 매우 친절합니다.,4달 전
 별표 5개 ,,4달 전
 별표 5개 ,펜션 카페 바베큐장 주차 사진뷰까지 완벽합니다.,4달 전
 별표 5개 ,,5달 전
 별표 3개 ,,5달 전
 별표 4개 ,"해운대 야경 보기가 좋으며, 광안리까지 보입니다. 바다 파도소리와 커피마시기 좋습니다.",5달 전
 별표 4개 ,,5달 전
 별표 5개 ,"(Google 번역 제공) 보기는 아름다웠다. 분위기는 쌀쌀한 오후에 딱이었습니다. 그리고 밀크티도 맛있었어요!! 우리는 우연히 이곳을 만났습니다.

(원문)
The view was beautiful. Ambiance was perfect for a chill kind of afternoon. And the milktea was good too!! We just ran into this place accidentally.",5달 전
 별표 3개 ,,6달 전
 별표 3개 ,,6달 전
 별표 5개 ,바다를 보면서 차 마시는 아름다운 곳입니다.,6달 전
 별표 5개 ,,6달 전
 별표 4개 ,,7달 전
 별표 5개 ,바다뷰가 아주 멋진 카페입니다^^,7달 전
 별표 5개 ,,8달 전
 별표 4개 ,바다 전망 좋습니다.,8달 전
 별표 3개 ,"생각보다 음료와 케이크가 맛있음. 카페 내 인테리어는 하나의 컨셉보다는 여러 분위기가 섞여있다. 하지만 창문 뒤 바다의 풍경이 모든걸 어우른다.

창가에 한낮에 또는 해질녘에 앉는다면 타버릴것 같은 뜨거움은 아시죠?",8달 전
 별표 5개 ,부산광역시 해운대구 중동 달맞이길62번길 78,8달 전
 별표 3개 ,"뷰가 엄청나게 좋다던지, 커피맛이 굉장히 뛰어난다던지 하는건 없음. 다만, 끝집이라 그 뒤쪽으로 비슷한 불빛을 가진 카페형태가 보이지 않는다는 정도?  바로 옆에 블루라인이 왔다갔다해서 멍때리기 좋음. 루프탑은 원래 바 였던것 같은데......온갖 얼룩이 있어서....",8달 전
 별표 3개 ,주변 분위기는 좋은데.. 음료값이 너무 비싸요..,8달 전
 별표 5개 ,"(Google 번역 제공) 좋은

(원문)
Good",9달 전
 별표 5개 ,,9달 전
 별표 4개 ,전망좋은 카페,9달 전
 별표 4개 ,저녁은   야외바베큐장에서  편하고 조용하게 즐길수 있었다. 뷰역시  최고였다,9달 전
 별표 3개 ,5층으로 뛰어가세욥,9달 전
 별표 5개 ,,9달 전
 별표 3개 ,,9달 전
 별표 5개 ,분위기있고~^^ 해지기전에 계단사진찍기하셔용~~^^ 창가에 모노레일등 지나가니 왠지 손흔들어주고싶은 욕망이 속구치는~~ㅋ,9달 전
 별표 5개 ,,9달 전
 별표 5개 ,비오는 바다를 바로 옆에서 볼 수 있는 뷰맛집 ㅡ 카페인이 부담스러운 오후에 라벤더티 추천♡,9달 전
 별표 5개 ,"최고의뷰와 최고의 실내분위기.그리고 친절함까지
대박인곳",10달 전
 별표 1개 ,,10달 전
 별표 3개 ,"좋아요
뷰맛집 맞는것 같아요",10달 전
 별표 5개 ,"사진도 잘 나오고, 커피도 괜찮은 곳
빵은 조금 비싸요
근데 자릿값 생각하면 그마저도 착한 가격입니다.",10달 전
 별표 5개 ,노을 뷰 맛집 ㅋㅋㅋㅋㅋ,10달 전
 별표 5개 ,파도소리듣기좋네요,10달 전
 별표 5개 ,,10달 전
 별표 5개 ,,10달 전
 별표 5개 ,"오션뷰 죽여줌 가성비 짱 현금60,000원에 자고옴
토>일 1박",11달 전
 별표 5개 ,맛있는밥과 바찬이 좋네요,11달 전
 별표 5개 ,뷰가 좋아요,11달 전
 별표 5개 ,,11달 전
 별표 5개 ,루푸탑과 펜션이 있고 주변 먹거리가 좋은곳,11달 전
 별표 4개 ,,11달 전
 별표 4개 ,뷰 맛집 비싸서 별 하나 뺌,11달 전
 별표 5개 ,"(Google 번역 제공) 아름다운 음악을 들으면서 커피를 마시십시오. 전망이 매우 좋고 아름다운 다리도 볼 수 있어 휴식을 취하기에 적합합니다.

(원문)
ดื่มกาแฟพร้อมกับฟังเพลงเพราะๆ วิวดีมากและยังมองเห็นสะพานแสนสวยอีกด้วยเหมาะแก่การหยุดพักใฟ้หายเหนื่อย",11달 전
 별표 4개 ,,11달 전
 별표 5개 ,,11달 전
 별표 2개 ,웬만한 운전 실력으로는 가기 힘든 해운대 제일 구석집으로 전망 외는 특이란 것 전혀 없음.,1년 전
 별표 5개 ,남자 직원분들이 친절하세요~ ^^,1년 전
 별표 5개 ,,1년 전
 별표 4개 ,"음료 괜찮음
디저트 괜찮음
뷰 맛집
한적하게 쉬려고 왔지만 사람이 정말 많아서 한적하게는 포기
지하 1층이 까페
2-4층은 객식
5층과 루프탑은 까페로 이용 가능하다
그러나
날 더운 때는 루프탑이 매우 힘들다 ㅠ
데이트로 오기 좋다
단 오는 길(미포 입구)이 많이 막힐 수 있으니 조심",1년 전
 별표 4개 ,"작은 카페..좋은 뷰..
좋지 못한 인파..",1년 전
 별표 4개 ,"해운대 끝에 있는 카페이자 팬션이에요.1층 5층 루프탑이 카페고 2 3 4층이 팬션인거 같아요. 주차공간 넓고 전망 좋고, 비교적 한산해요. 조용하고 좋아요.",1년 전
 별표 5개 ,,1년 전
 별표 4개 ,,1년 전
 별표 4개 ,,1년 전
 별표 5개 ,,1년 전
 별표 4개 ,오션뷰 최고. 허름한 겉모습이지만 내부는 쾌적하고 좋습니다~,1년 전
 별표 5개 ,경치 너무 좋네요~^^,1년 전
 별표 4개 ,,1년 전
 별표 4개 ,커피는 그냥그냥 전망은 100점,1년 전
 별표 5개 ,,1년 전
 별표 5개 ,,1년 전
 별표 1개 ,"시설이 여관수준 사진에 속지마세요
불친절에 비쌉니다  추가요금도 많아요 한영당2만 바베큐 인당5천원ㅠㅠ",1년 전
 별표 5개 ,음료 가격은 비싼편이지만 맛도 괜찮고 뷰가 너무 이뻐요,1년 전
 별표 1개 ,커피 맛이 별루,1년 전
 별표 5개 ,루프탑에서 보는 낙조풍경이 기가 막혔습니다. 다른 분도 저와 같은 랭눈을 누릴 수 있으시기를.,1년 전
 별표 5개 ,풍경이 너무 아름다워서 감탄이났어요   곧 한번 찾아갈생각입니다,1년 전
 별표 4개 ,,1년 전
 별표 5개 ,,1년 전
 별표 5개 ,"(Google 번역 제공) 감독자

(원문)
Super",1년 전
 별표 5개 ,뷰가 최고임,1년 전
 별표 5개 ,,1년 전
 별표 3개 ,"메뉴가대체로다비싼편입니다
5층은노키즈존이고
6층루프탑은가능해요
뷰는진짜좋아요",1년 전
 별표 5개 ,,1년 전
 별표 4개 ,"여기 루프탑 최고 전망 정말 깡패입니다
커피는 쏘쏘합니다",1년 전
 별표 5개 ,,1년 전
 별표 4개 ,"미포 끝자락에있는 커피샾,
바닷가에 인접해있어 보이는경관이 매우좋앗씀,
포토죤이 3-4군데있었고 사진찍기도좋은거같음,커피맛도그런데로좋앗고 한번쯤가볼만한곳 이더군요.",1년 전
 별표 4개 ,,1년 전
 별표 5개 ,뷰맛집!좋아요,1년 전
 별표 5개 ,,1년 전
 별표 5개 ,,1년 전
 별표 5개 ,"최고뷰
커피맛도 좋음",1년 전
 별표 4개 ,,1년 전
 별표 5개 ,,1년 전
 별표 5개 ,"시그니처 메뉴: 바나나라떼
멋진 곳, 멋진 음악, 멋진 풍경!
커피맛도 좋고!
디저트도 풍부하고!
바다 바람과 함께.
좋은 사람들과 함께.
감사합니다!",1년 전
 별표 5개 ,"오션뷰 끝판왕 카페였어요. 지하1층(입구), 5층, 루프탑이 카페였고 1층부터 4층까지는 펜션이었어요. 5층은 노키즈존이고 bar가 있습니다. 탁트인 전망은 루프탑을 추천드립니다.

지하1층에서 주문을 한 다음 음료를 '받고' 올라갈 수 있었습니다. 음료 가격이 저렴한 편은 아니었어요. 미포 끝자락에 위치해 있는 카페라 접근성이 떨어진다는 점 빼고는 정말 다 좋았습니다.",1년 전
 별표 5개 ,뷰맛집,1년 전
 별표 5개 ,,1년 전
 별표 4개 ,,1년 전
 별표 5개 ,뷰가좋은 해운대 카페~,1년 전
 별표 4개 ,,1년 전
 별표 5개 ,,1년 전
 별표 5개 ,,1년 전
 별표 5개 ,,1년 전
 별표 4개 ,,1년 전
 별표 1개 ,"넘 좋았어요,.",1년 전
 별표 4개 ,"낮엔 커피
밤엔칵테일",1년 전
 별표 5개 ,예쁜 오션뷰 카페. 펜션도 한 번 묵어보고 싶다,1년 전
 별표 5개 ,,1년 전
 별표 4개 ,,1년 전
 별표 5개 ,,1년 전
 별표 2개 ,,1년 전
 별표 4개 ,풍경이 정~말 좋더라구요. 계단은 포토존인데 저는 좀 못 찍었지만 잘 찍는 분들은 대박이실듯. 가격은 경치비 포함인가요. 단가가 좀 쎕니다 다른 유명 커피브랜드보다 1~2천원 비싼느낌?,1년 전
 별표 5개 ,,1년 전
 별표 5개 ,바닷가에 있어서 너무 경치도 커피맛도 좋았습니다,1년 전
 별표 3개 ,,1년 전
 별표 2개 ,야경은 좋은데 ...,1년 전
 별표 5개 ,,1년 전
 별표 1개 ,"커피 진짜 맛없어요.
아메리카노 , 나나라떼 비싼데 진짜 노맛",1년 전
 별표 4개 ,바다 풍경 맛집인대 커피맛과 가격이 흠 서울뺨치는듯,1년 전
 별표 5개 ,미포끝자락에 있는 커피엔루프바. 루프탑의 전망은 해운대 최고.,1년 전
 별표 5개 ,,1년 전
 별표 4개 ,,1년 전
 별표 4개 ,,1년 전
 별표 1개 ,"음식을 안시키고 커피만 시키면 무조건 테이크아웃, 그렇다고 맛있지도않음. 시그니쳐 나나뭐시기가 수준이하, 너무 달다",1년 전
 별표 5개 ,,1년 전
 별표 5개 ,"너무 이쁜곳이에요. 또 가고싶어요. 미포의 끝자리에 있어서  조용하게 커피마시고 야경즐기고 놀기도좋고, 숙박도 되니깐 아쥬 편해요.",1년 전
 별표 4개 ,,1년 전
 별표 5개 ,,1년 전
 별표 5개 ,"루프탑 야경 너무 예쁘고 음료 맛도 좋았어요
덕분에 하루 마무리를 기분 좋게 할 수 있었어요",1년 전
 별표 5개 ,완벽한 바다뷰에 음료도 괜찮고 친절해요~^^,1년 전
 별표 4개 ,"(Google 번역 제공) 아주 좋은 전망

(원문)
วิวสวยมาก",1년 전
 별표 4개 ,전망이 좋아요,1년 전
 별표 4개 ,노을이 이쁜 카페,1년 전
 별표 5개 ,해운대 미포 끝,1년 전
 별표 5개 ,,1년 전
 별표 5개 ,맑은 날 오후에 가서 푸른 바다 그 후 노을지는 모습을 보면 굿,1년 전
 별표 4개 ,"(Google 번역 제공) 좋은 바다 전망, 옥상 좌석, 음악은 약간 시끄러 웠습니다. 커피 한 잔당 약 5000 원. 괜찮은 화장실 ...

(원문)
good ocean views, rooftop seating, music was a bit loud, about 5000 won for a coffee.  decent restrooms...",1년 전
 별표 5개 ,,1년 전
 별표 5개 ,,1년 전
 별표 5개 ,,1년 전
 별표 5개 ,,1년 전
 별표 3개 ,,1년 전
 별표 4개 ,"멋진 해운대 전망, 6층 엘시티뷰 굿.",1년 전
 별표 5개 ,부산의 광안리 해운대 야경을 한눈에 보기 좋은 카페,1년 전
 별표 4개 ,,1년 전
 별표 5개 ,,1년 전
 별표 5개 ,"가격은 좀 비싸지만 전망이 넘좋아요
가격대비짱",1년 전
 별표 4개 ,"루프탑카페
가격은 적당한편
5층과 루프탑 이용가능
경치 좋음
주차장넓은편
펜션도 같이함
화장실깔끔함

들어오는길이 외길인데 좁아서 불편함",1년 전
 별표 4개 ,"5층 뷰가 훌륭하나, 음료값이 조금 비싸고 특별한 것은 없음. 비싼 음료에 비해 컴퓨터금지 책금지 표시가 되어있던게 인상적임",2년 전
 별표 4개 ,바디와 야경  구경하기  딱이네요.  다만 커맛에  조금  신경써야될 듯~~~,2년 전
 별표 5개 ,,2년 전
 별표 5개 ,"주차도 바다 보이는 곳들 중에는 괜찮은 편이고, 낭떠러지에 세워야하는 것도 아니에요. 다만 날씨가 안 좋은 날에는 파도가 치면 물이 튈 것 같기도 하네요. 음료가 비싼 편이긴 합니다. 아메리카노가 5500원이에요. 자리도 편안하고 음료가 맛 없는 편도 아니라서 저는 너무너무 만족해요. 뷰가 사방으로 끝내주고 의자나 가구도 예쁘고 편안하네요 ㅎㅎ 케이크 빵류는 비싸서 안 먹어서 모르겠어요 ㅋㅋ커피는 괜찮아요~!! 바다 보이는 뷰가 너무 좋고 이런 뷰를 가진 곳 치고 구석에 있지 않아서 재방문 할 것 같아요 :) 오는 길이 구불구불하지 않아서요ㅋㅋㅋ 뷰 자체만으로도 개인적으로는 오후의 홍차보다 나은 것 같아요..ㅎㅎ 개인적으로 느끼는 가성비나 서비스도요..",2년 전
 별표 5개 ,세상 이런 뷰가 어딨나용 너무좋아요,2년 전
 별표 4개 ,루프탑 경치 좋아요,2년 전
 별표 2개 ,불친절,2년 전
 별표 5개 ,,2년 전
 별표 5개 ,"커피는 보통
뷰 좋아요",2년 전
 별표 4개 ,경치가 다함. 뷰맛집,2년 전
 별표 5개 ,뷰도 좋고 커피도 맛있고 좋아요,2년 전
 별표 5개 ,앞에 바다에 카페 자체도 진짜 예뻐요,2년 전
 별표 4개 ,주차시설이불편했지만 그거빼고는 좋았어요.,2년 전
 별표 5개 ,,2년 전
 별표 5개 ,,2년 전
 별표 4개 ,뷰는 최고이네요^^,2년 전
 별표 5개 ,,2년 전
 별표 5개 ,좋아요,2년 전
 별표 3개 ,"창가에서 보는 뷰 좋아요. 너무 더울때가서 루프탑은 엄두가 안났어요. 1층, 옥상, 그 아랫층이 카페였고 다른층은 게하? 호텔? 로 이용중인 건물인데 엘리베이터가 하나라 꽤나 기다려야해요",2년 전
 별표 5개 ,"뷰가 이뻐용. 층수도 높은데 뷰 진짜 짱 bb
사람들이 뷰만 맛집이라 했는데 핫초코..그 뭐시껭이가 진짜 달달합니다 안에 버터가 들어있습니다 진짜 맛있어요",2년 전
 별표 4개 ,"너무 좋은 위치, 너무 비싼 커피와 음료의 가격.
하지만 동네가 동네인지라...",2년 전
 별표 5개 ,,2년 전
 별표 4개 ,갔다올만한 곳. 사람이 많았다,2년 전
 별표 5개 ,해운대 끝자락 펜션...뷰가좋아요,2년 전
 별표 5개 ,"낮에가면 더 좋을것같아요
커피도 최고👍",2년 전
 별표 5개 ,,2년 전
 별표 4개 ,완전좋음,2년 전
 별표 5개 ,경치가 끝내줘요.,2년 전
 별표 5개 ,"탁트인 뷰가 너무너무 좋았어요
주차 도와주시는 분이 계셔서 편했습니다!",2년 전
 별표 5개 ,"해운대에 도착해서 식사후 제일먼저 들른 카페입니다.
들어가는 차도가 1차선이고 안쪽깊숙히 자리잡고있어 진입하기 힘들지만 주차장은 꽤나 넓고 카페뷰도 훌륭합니다. 루프탑도 있어 바닷바람을 맞으며 커피를 마실수있습니다.
커피한잔 마시며 바라보는 해운대 바다의 잔잔함이 말로 표현할수 없고 사진으로조차 담을수 없습니다.
인생카페중에 한곳이지 않을까싶네요.",2년 전
 별표 3개 ,주차공간 부족하고 가격대가 너무 비쌈,2년 전
 별표 4개 ,,2년 전
 별표 4개 ,,2년 전
 별표 5개 ,"엣지 993 - 달맞이 루프탑 카페.

풍경 좋은 카페.
맑을 때 가면 더 좋을 듯.^^

커피 무난.
사람 많아 조용한 곳 원한다면 비추.",2년 전
