rating,review,duration
 별표 5개 ,,1주 전
 별표 4개 ,,3주 전
 별표 5개 ,"(Google 번역 제공) 독특한 장식과 가구가 있는 정말 미학적인 커피 명소입니다. 사진은 맛있었던 가오 스패너 음료.

(원문)
Really aesthetic coffee spot with unique decorations and furniture. Pictured are Gao Spanner drinks which were delicious.",1달 전
 별표 5개 ,서면에서 오전에 이만큼 쉴만한곳 없을듯,1달 전
 별표 5개 ,"(Google 번역 제공) 우리는 비건 음료인 Doko 햇살(Doko의 햇빛)을 먹었고, 그것은 사랑스러웠습니다! 고소하고 크리미한! 우리는 그 풍부한 맛에 완전히 매료되었습니다. 매우 넓은 내부와 음료를 마실 수있는 테라스 공간이 있다고 생각합니다. 비건 음료를 드시고 싶다면 이 음료를 강력히 추천합니다. 🌱

(원문)
We had Doko haetsal(sunlight in Doko), the vegan drink, and it was lovely! Nutty and creamy! We were totally attracted by its rich flavour… Very spacious inside and I think they have terrace area on which you can drink. Strongly recommend this drink if you want to try vegan drink. 🌱",1달 전
 별표 5개 ,음료도 디저트도 너무 맛있습니다 분위기도 좋구요,1달 전
 별표 3개 ,원두는 산미랑 쓴맛 중에서 고를수 있어요. 저는 원래 산미 나는 원두 좋아하는데 여기 산미는 별로입니다.. 물에 식초탄 맛이에요. 쓴맛 고른 일행은 맛있었다고 하네요. 가게 안은 시원하고 직원 분들도 친절합니다.,2달 전
 별표 5개 ,맘이 편안해지는 카페네요,2달 전
 별표 5개 ,,2달 전
 별표 4개 ,전반적으로 커피에 신맛이 납니다. 1층에 지어진 카페치고 분위기가 좋네요.,2달 전
 별표 4개 ,,3달 전
 별표 5개 ,,4달 전
 별표 5개 ,,4달 전
 별표 5개 ,,4달 전
 별표 5개 ,,4달 전
 별표 4개 ,도심속 오아시스 같은곳이에요^^,6달 전
 별표 5개 ,,6달 전
 별표 5개 ,,6달 전
 별표 4개 ,베리음료는 가격이 비해서는 너무 평범했어요. 인테리어가 편안한 느낌을 줘서 좋았어요.,6달 전
 별표 5개 ,,7달 전
 별표 5개 ,"자주 들리고 싶은 까페
레몬파운드 맛있어요!
부산에서 애정하는 카페 중 한 곳",8달 전
 별표 4개 ,"분위기도좋고ᆢ빵ㆍ커피맛도
좋은곳ᆢ서면끝자락이라도굿",8달 전
 별표 5개 ,겨울이라그래서글치 분위기도좋고커피도맛잇고 좋네요,8달 전
 별표 4개 ,커피맛있어요. 원두 고를수 있는점 좋습니다. 여자직원분들 바쁜지 좀 친절하지않지만... 그점은 바쁘니까 이해합니다. 외부에도 좌석이잇는데 담에는 따뜻할때 방문할게요,8달 전
 별표 5개 ,내부 인테리어도 좋고 좌석도 많아서 좋았습니다ㅎㅎ 커피맛은 쏘쏘!!!  괜찮았습니다ㅎ,8달 전
 별표 4개 ,,10달 전
 별표 4개 ,"커피맛은 쏘쏘.
내부 분위기좋음. 실외도 좋음.
특별히 간판도없는곳인데 잘찾아옴.
사람많음.",11달 전
 별표 5개 ,쩐당,1년 전
 별표 5개 ,,1년 전
 별표 5개 ,맛집,1년 전
 별표 4개 ,넘좋아요^^분위기짱,1년 전
 별표 5개 ,,1년 전
 별표 4개 ,인테리어 굿,1년 전
 별표 5개 ,,1년 전
 별표 3개 ,커피맛은좋은데 직원들 얘기소리가 넘 크게 들리네요 ㅠ,1년 전
 별표 4개 ,,1년 전
 별표 4개 ,,1년 전
 별표 5개 ,"시간 가는줄 모르고 밖에서 커피 마심
더티초코 넘 맛있음 쿠키는 그저그럼",1년 전
 별표 4개 ,"검색해보고 일요일저녁6-7정도에 방문했는데 빵다팔리고 없었어요 겨우 찰떡쑥빵하나있어서 먹었어요.
주말인데 빵이 없어서 쫌 아쉬웠어요.
넉넉히준비해주세요.....
그릭요거트랑 유자요거트맛있어요^^
찰떡쑥빵도맛있어요^^
남자직원친절한느낌은없어요~~~~
분위기랑맛은조아요!",1년 전
 별표 3개 ,,1년 전
 별표 5개 ,블라썸 아이스티가 진짜 향이 좋고 맛있다!,1년 전
 별표 5개 ,,1년 전
 별표 4개 ,"가게 이름처럼 시내
중심가에 위치해 있지만
한적한 교외에 있는듯한
느낌이 드는가게
음료와 케익 모두 만족스럽다.",1년 전
 별표 4개 ,"비와서 바깥에서 못먹어서 아쉬웠어요
디저트도 맛있고 아메리카노도 두종류여서 선택할 수 있어요",1년 전
 별표 4개 ,가격이 좀 있는 편이지만 나름대로 비건 카페로 잘 구성한 것 같음. 그릭요거트가 꾸덕하고 맛있었음👍👍,1년 전
 별표 5개 ,,1년 전
 별표 5개 ,"골목을 지나 들어가면 예쁩니다
2층은 커피를 뽂고 1층은 내리는데 맛이 좋더군요",1년 전
 별표 3개 ,"커피맛 그저그랫음
노천장소가 있다는 점이 장점",1년 전
 별표 4개 ,"도심 한 가운데 있는데, 들어가면 마치 전원 주택처럼 꾸며져 있고 아늑합니다. 야외석도 넓직하고 이쁘게 꾸며져 있는데 제가 방문했을 때는 비가 너무 많이 와서 앉지 못해 아쉬웠습니다. 커피 맛도 괜찮고 다른 곳에서 보기 어려운 시그니처 메뉴들이 있습니다.",1년 전
 별표 4개 ,,1년 전
 별표 4개 ,,1년 전
 별표 5개 ,분위기에반하고 특별하게 딸기 케이크가 매우매우 맛있슴 진촤루 그거먹을려고 생각나서 또 가고 싶을 지경 여기 맛있고 분위기 젛고 다해용 모두 알아주목~!!,1년 전
 별표 5개 ,맛있어용 따뜻하구요. 커피종류많아요 그래서 좋아요,1년 전
 별표 5개 ,,1년 전
 별표 5개 ,밀크티가 맛있어요!,1년 전
 별표 5개 ,바리스타이신것 같은데 외국인 여성분 한국어 구사는 물론 손님에 대한 서비스가 와우~ 한국사람보다 더 낫네요. ^^,1년 전
 별표 5개 ,,1년 전
 별표 4개 ,"조용하고 카페가있을것같지않은곳에 있다
꽤 큰데 로스팅도 직접하고 티 종류도 꽤있다.
특히 오렌지유자요거트 기대안하고 먹었는데
오 꽤 맛있었다 다시방문의사있음!",1년 전
 별표 4개 ,커피가 맛있어요,1년 전
 별표 5개 ,분위기 좋네요. 코로나땜에 샌드위치 시켜야만 테이블 이용할수 있어요 .,1년 전
 별표 5개 ,부산 서면  커피 맛 최고 중의 한곳,1년 전
 별표 5개 ,,1년 전
 별표 5개 ,"(Google 번역 제공) 엄청난

(원문)
great",1년 전
 별표 5개 ,,1년 전
 별표 5개 ,,1년 전
 별표 3개 ,"집이 근처라면 힐링장소로 날씨 따뜻한날 야외에 있기 좋운 장소네요..
시기가 시기라 야외정소가 있는곳으로 주로 찾아 가는데요
이곳은 건물과건물사이 좁은 통로를 따라 이동하면
나오는 공간으로 만족쓰~~
제가 갔을땐 일충 밖 야외 에 고양이두마리가 쉬고 있었어요
길양이라 예민하더라구요^^
그리고
야외 공간은 응달이라..
야외에 계신다면
좀 따뜻한날추천
빵은 쑥떡쑥떡먹었는데..기대보단...ㅎ",1년 전
 별표 5개 ,이쁘고 음료도괜찮음,1년 전
 별표 5개 ,,1년 전
 별표 4개 ,빵이 별로였어요. 빨간빵이요ㅜ,1년 전
 별표 3개 ,,1년 전
 별표 5개 ,,1년 전
 별표 3개 ,생각햇던거보단 카페가 작지만 나름다녀와볼만한곳,1년 전
 별표 4개 ,"(Google 번역 제공) 가게의 인테리어가 좋네요. 외부 석도 리조트 호텔 같은 분위기였습니다.

음료 등의 가격이 조금 높은구나라고 느끼고 있지만 분위기와 외형 대라고 생각하면 좋다고 생각합니다.

(원문)
お店のインテリアが良いですね。外の席もリゾートホテルみたいな雰囲気でした。

ドリンクなどの価格が少しお高いなぁと感じますが、雰囲気と見た目代だと思ったら良いと思います。",2년 전
 별표 5개 ,"굉장히 마음에 드는 카페, 음료도 굉장히 맛있었어요.",2년 전
 별표 5개 ,,2년 전
 별표 4개 ,,2년 전
 별표 5개 ,,2년 전
 별표 5개 ,,2년 전
 별표 5개 ,분위기좋고 가격좋고 가끔지나가는 길냥이도 귀엽고 ㅎㅎ,2년 전
 별표 4개 ,,2년 전
 별표 5개 ,"서면 외곽에서도 숨겨진 카페.
좁은 입구 통로를 따라서 들어오는 곳. 이쁘고 맛도 좋고 사람들 만나기 좋은 장소.",2년 전
 별표 2개 ,"다 괜찮은데, 2층 벽쪽에 2인테이블 다리 불균형으로 흔들거리는거 한달전에도 그러더니 어제 갔는데도 안고쳤네요...",2년 전
 별표 4개 ,,2년 전
 별표 5개 ,"커피도 맛있고, 케이크도 좋았음. 그리고 내부인테리어가 정말 마음에 들었던 카페",2년 전
 별표 5개 ,도심속 아름다운 카페,2년 전
 별표 5개 ,"원두 가오로 아아가 맛있었구 홍차쿠키가 별미였어요 별로 안단거 좋아하는 사람들한테 추천해요
바나나카라멜케익?도 맛있었어요",2년 전
 별표 5개 ,분위기 좋은 카페,2년 전
 별표 4개 ,좌석도 편하고 외관과 내부 공들인게 보임 ㅎㅎ 날이 더워 안에 있었지만 선선할 때 밖에서 즐겨도 운치 있을 듯,2년 전
 별표 5개 ,,2년 전
 별표 3개 ,인스타용인 낮은 테이블 ㅜㅜ 저를 공손하게 만듭니다...바닐라빈 라떼인가 시켰는데 그냥 진한 믹스커피 맛 나요. 분위기 괜찮긴한데 손님들 득실거리고 맛도 그냥저냥이라 두번 가진 않을 곳...,2년 전
 별표 5개 ,,2년 전
 별표 5개 ,서면에서 이야기하기 좋은 한적한 카페,2년 전
 별표 5개 ,커피맛있고 공간이 좋아요 쑥인절미?케익 최고,2년 전
 별표 5개 ,부산에서 제주도를 느끼다,2년 전
 별표 4개 ,,2년 전
 별표 5개 ,,2년 전
 별표 5개 ,,2년 전
 별표 3개 ,,2년 전
 별표 4개 ,"디저트도 맛있고, 커피도 밀크티도 맛있어요!! 인테리어도 예쁘고 최고bb 다만 자리가 잘 없을 때도 많아요",2년 전
 별표 5개 ,사람 넘 많지만 이쁘고 음료도 맛있음~~,2년 전
 별표 5개 ,숨겨진 카페인데 좋았어요,2년 전
 별표 4개 ,앉는 자리가 좀불편하고 테이블이 작지만 디저트랑 커피 맛있어요!,2년 전
 별표 5개 ,,2년 전
 별표 4개 ,,2년 전
 별표 5개 ,,2년 전
 별표 5개 ,넓고 시원하고 맛있고,2년 전
 별표 5개 ,,2년 전
 별표 4개 ,,2년 전
 별표 5개 ,좋아요,2년 전
 별표 5개 ,커피도 맛있고 우드톤 분위기가 너무 마음에 드네요,2년 전
 별표 3개 ,인테리어가 좋고 휴양지느낌..근데 남자 알바생이 불친절하고 쫓기듯 주문받음 가뜩이나 메뉴판이 테이블 옆에 쪼그맣게 하나라 고를시간도 부족한데..남자 알바생 불친절한거 빼고는..한두번 더갈만함,2년 전
 별표 5개 ,캬라멜라떼가 제일 맛남 직원도 친절 인센티브 줘야할듯,2년 전
 별표 5개 ,,2년 전
 별표 5개 ,"입구가 좁아 초행 길에는 찾기가 어렵지만
커피도 맛있고 분위기가 살아있어요
그리고 조용히 얘기하기도, 편하게 앉아 있기도 좋습니다.",2년 전
 별표 5개 ,,2년 전
 별표 3개 ,,2년 전
 별표 5개 ,"(Google 번역 제공) 약간 비싸지 만 가치가 있습니다! 매우 세련되고 멋진 분위기. 우리가 가진 티 리마 스는 맛 있었다! 나는 초콜릿 라떼가 정말 좋았습니다. 자연 채광을위한 많은 창문이있는 매우 그림 같은 곳. 휴식을 취하기 좋은 곳.

(원문)
Slightly pricier but well worth it! Very chic and nice atmosphere. The tirimasu we had was delicious! I had a chocolate latte it was really good. Very picturesque place with lots of windows for natural light. Great place to relax.",2년 전
 별표 5개 ,,2년 전
 별표 5개 ,저녁의 앞마당풍경이 예뻐요^-^ 날따뜻할땐 밖에서마셔도좋을듯합니다~,2년 전
 별표 4개 ,,2년 전
 별표 4개 ,,2년 전
 별표 4개 ,,2년 전
 별표 5개 ,비가오는날에  가서  그런가  운치있고  분위기도  좋네요,2년 전
 별표 4개 ,,2년 전
 별표 5개 ,맛도 좋고 분위기 좋음 ! 대신 자리가 무자비하게 안남 !,2년 전
 별표 4개 ,"(Google 번역 제공) 앉아서 채팅 할 곳을 찾고 있다면 좋은 곳입니다. 비건 채식 옵션에 진심으로 감사하지만 거짓말하지는 않을 것입니다.

(원문)
Great place if you are looking for a place to sit down and chat. Really appreciate the vegan options but not gonna lie, the pastries taste better visually..",2년 전
 별표 5개 ,"맛있고 분위기 최곱니다!!!!! 좋아요 아무튼 좋아요
겨울이라 바깥쪽 인테리어를 제대로 구경하지 못한 점이 너무너무 아쉬워서 다음에 봄 여름 가을 중에 꼭 다시 가고싶어요! 케이크도 이쁘게생겼고 커피도 맛있어요!",2년 전
 별표 4개 ,,2년 전
 별표 5개 ,서면에 있는 카페 중에 아주 추천하는 곳. 봄가을철에 와서 야외에서 커피한잔해도 아주 좋을 듯 함.  커피맛도 괜춘. 넓은 공간 대비 앉을곳이 아주 많지는 않다. 그래서 좋기도 함.,2년 전
 별표 5개 ,분위기도 좋고 테이블마다 좌석 간격도 널찍해서 좋아요,2년 전
 별표 5개 ,"생각보다 맛있는 커피와 도시속의 여유로운 인테리어가 인상적입디다. 커피.. 맛있습니다만.. 산미를 별로 안좋아하시는 분들은 생각이 다르실수도 있겠지만..
저정도 커피집이라면 대안을 갖춰놓으셨겠죠^^
힐링여행의 한장을 맡아주셔서 감사합니다~^^",2년 전
 별표 4개 ,테이블이 전환되면 딱아 놓아야 할듯합니다,2년 전
 별표 4개 ,,2년 전
 별표 5개 ,,2년 전
 별표 4개 ,,2년 전
 별표 4개 ,,2년 전
 별표 5개 ,,2년 전
 별표 4개 ,,2년 전
 별표 5개 ,,2년 전
 별표 4개 ,,2년 전
 별표 5개 ,,2년 전
 별표 5개 ,,2년 전
 별표 3개 ,,2년 전
 별표 5개 ,아늑하고 세련진곳.커피도 베이커리종류도 다 맛있어요.서면에서 보물같은 곳,2년 전
 별표 4개 ,,2년 전
 별표 4개 ,,2년 전
 별표 3개 ,,2년 전
 별표 5개 ,아주 훌륭합니다,2년 전
 별표 4개 ,이쁜데 사람이 많아서 자리가 없네요,2년 전
 별표 5개 ,구석져서 아늑함. 사람은 많은편. 뷰가 좋진 않지만 마당이 아담함. 시향 샘플을 제공한게 인상적임. 티라미슈 케이스가 마음에 듬.,2년 전
 별표 5개 ,,2년 전
 별표 3개 ,주차장 없다고 보면 됨 카페 밖 건물 화장실 수유실이있으나 여자화장실 안 수유실 안에 전자레인지 기저귀갈이대있음 아기의자 있음 2층 노키즈존 뱅쇼 너무 진함,2년 전
 별표 5개 ,,2년 전
 별표 4개 ,,2년 전
 별표 5개 ,분위기 좋고 커피도 맛있었어요!!!,2년 전
 별표 1개 ,,2년 전
 별표 4개 ,좋네요,2년 전
 별표 3개 ,"인스타용. 친구끼리와서 사진찍고 쉬다가기좋게되어있었어요 커피랑 맛은 쏘쏘
친절도 쏘쏘네요",2년 전
 별표 2개 ,분위기만... 커피맛은 비슷비슷,2년 전
 별표 3개 ,,2년 전
 별표 3개 ,카페라떼는 먹을만하나 티라미수가 달기만 하고 커피맛은 하나도 안남,2년 전
 별표 5개 ,"커피, 티라미수 맛있어요♡
분위기 좋고 사람도 많아요 😚",2년 전
 별표 5개 ,분위기가 진짜좋네요^^,2년 전
 별표 5개 ,,2년 전
 별표 3개 ,커피가 약간 신맛입니다. 케이크 종류는 직접만들어서 그런지 좀 특이하고 맛있습니다. 라떼는 괜찮았고 테이블간격도 적당해서 좋았습니다. 무난한 카페디만 웨이팅을 할정도는 아닙니다.,2년 전
 별표 5개 ,"요기 들어오느길이랑 외부에 드럽게 이쁜데 있는데
커플이랑 오는걸  추천함.가격이 쬐금 비싼거빼면 다 좋았음.",2년 전
 별표 5개 ,,2년 전
 별표 3개 ,테이블의 의자보다 낮아요 ㅠㅠ,2년 전
 별표 5개 ,,2년 전
 별표 4개 ,,2년 전
 별표 3개 ,위치와 시설이 좋아서 그런가 손님들이 꽤 있음 ~ (특히 여자 손님들) 참고로 필자는 비건옵션이 돼서 비건 빵을 사먹으러 이곳에 몇번 간 적이 있는데 갠적으로 빵먹고 난 후 속이 더부룩하고 배가 아팠음 ㅠㅠ 왜 글치? 너무 기름져서 그런가?,2년 전
 별표 2개 ,,2년 전
 별표 4개 ,"도시농가코페도코
Brewing Coffee
KRW 5500
Yorkshire Gold Milk Tea
KRW 6500
Matcha Terrine
KRW 6500",2년 전
 별표 2개 ,"재방문 의사 20%

메뉴 연구가 필요한 카페 그릭요거트가 그릭요거트가 아니라 마트에서 파는 요거트 같아요 커피는 무난하네요 굳이 다시 가진 않을거 같아요",2년 전
 별표 3개 ,좀 가격대가 있다... 밀크티가 6500원 2잔 티라미수 5500원 1개 합해서 18500원 나옴  하지만 괜찮고 자리도 넓었다 재방문의사 ㅇㅇ,2년 전
 별표 5개 ,,2년 전
 별표 5개 ,분위기 좋구 빵도 맛있어요 커피는 말할것두 없네요,2년 전
 별표 5개 ,,2년 전
 별표 4개 ,,2년 전
 별표 4개 ,,2년 전
 별표 5개 ,,2년 전
 별표 4개 ,"(Google 번역 제공) 다양한 비건 구운 식품 (케이크 이외의 모든 것 같이 보입니다)이있는 매우 멋진 카페-이것이 내가 거기에 갔을 때 아주 좋았습니다. 나는 그들이 식물 우유가 없었기 때문에 실망했다. .. 실제로 그것은 조금 이상하다고 생각했다.

(원문)
Very nice cafe with a wide variety of vegan baked goods (seemed like everything but the cakes) - which is why I went there and they were quite good. I was disappointed that they didn't have any plant milk...actually found it a bit strange.",2년 전
 별표 3개 ,인테리어나 분위기는 괜찮다. 커피맛과 빵도 괜찮은편. 다만 직원들이 불친절하다. 한명뿐만 아니라 여러명이 전부 퉁퉁거리며 대답해서 혼자 민망해졌다. 오늘(19/10/25) 오전에 방문했으니 혹시 사장님이 본다면 참고해서 교육하시길 바란다. 손님이 아니더라도 누군가가 질문을 하면 최소한의 친절은 갖고 대답하는 방법을 배우시길.. 엄청난 친절을 바라는 손님 갑질 아님.,2년 전
 별표 5개 ,,2년 전
 별표 5개 ,,2년 전
 별표 5개 ,커피맛있고 빵맛있는데 주차장이...내리막 앞범퍼긁혀요 조심,2년 전
 별표 5개 ,,2년 전
 별표 5개 ,,2년 전
 별표 5개 ,여유가 가득한 공간,2년 전
 별표 4개 ,,2년 전
 별표 5개 ,분위기 깡패에 콜드브루 마저 맜있음,2년 전
 별표 5개 ,,2년 전
 별표 5개 ,,2년 전
 별표 4개 ,야외가 좋아요 커피안좋아하는사람은 딱히 먹을만만게없어요,2년 전
 별표 5개 ,,3년 전
 별표 5개 ,밤이 더 낭만적인 곳,3년 전
 별표 5개 ,,3년 전
 별표 3개 ,장소는 너무 이뿐데..케이크.빵.커피 제 기준엔 soso합니다. 직원응대교육도 다시하셔야할 듯 해요. 기본응대가 '싸우자'느낌이네요.,3년 전
 별표 4개 ,인테리어 좋음. 애정행각 많음. 커피 비쌈.,3년 전
 별표 5개 ,,3년 전
