rating,review,duration
 별표 5개 ,,6시간 전
 별표 5개 ,,1일 전
 별표 5개 ,,2일 전
 별표 2개 ,사람이 너무 많음. 예전에는 그래도 방문 할 만 했었는데 요즘은 너무 유명해져서 사람이 정말 많음. 사람 많은 곳을 싫어하면 비추,2일 전
 별표 5개 ,,2일 전
 별표 3개 ,분위기는 좋으나 커피 맛은 평범,2일 전
 별표 3개 ,음료도 그닥 별로 였지만 북적이는 손님에 실내외 앉을 자리도 부족해서 불편햇어요,3일 전
 별표 4개 ,,4일 전
 별표 2개 ,,4일 전
 별표 4개 ,항상 좋습니다~,5일 전
 별표 5개 ,"뷰맛집이에요.
야외에서 청량한 공기마시며 가을바다를 만끽했습니다~
아메리카노 마셨는데 드립커피네요.
디저트도 맛있네요.",5일 전
 별표 5개 ,좋았음,6일 전
 별표 5개 ,커피 맛 상. 뷰로 유명.  이번에는 평일에 가서  별채에서 마심.,1주 전
 별표 4개 ,,1주 전
 별표 4개 ,장사가 너무잘되는집. 바다경치도 좋고 분위기있다. 하지만 손님이 너무많아 좌석도 없고 참뭐라 말해야되나,1주 전
 별표 5개 ,,1주 전
 별표 4개 ,,1주 전
 별표 4개 ,,1주 전
 별표 5개 ,,1주 전
 별표 4개 ,,1주 전
 별표 5개 ,,1주 전
 별표 5개 ,"부산 여행때 찾은 커피 뷰 맛집 야외테이블이랑 침대가 있어서 바다 와 서핑하는 사람들을 보며 커피 한잔
이미 유명한 집인지 사람들이 바글거리지만 평일에 가면 한가하니 사색하기에는 굿",1주 전
 별표 4개 ,"분위기 아이러니~
바다의 향취
파도의 라이브
바람의 숨결
풍광의 매혹
그리고 왼쪽 가장자리에 시선을 잡는 우리나라에서 가장 위험한 고리원전의 자태.
맛의 질과 양을 제외하면 오케이.
주차는 편하고 살짝 노을이 질 때 가면 분위기 완벽.",1주 전
 별표 5개 ,제가 제일 좋아하는 곳이에요  집이랑 멀어 자주 갈수는 없어도 너무좋아요,1주 전
 별표 5개 ,,1주 전
 별표 4개 ,,2주 전
 별표 5개 ,뷰가 넘 좋아요~~~,2주 전
 별표 4개 ,"뷰맛집.
음료가격 터무니없이 비싸요.",2주 전
 별표 5개 ,,2주 전
 별표 4개 ,"(Google 번역 제공) 고급 카페 - 건축상 수상.

(원문)
High end cafe - winner of architectural award.",2주 전
 별표 5개 ,,2주 전
 별표 5개 ,주변 경관이 아주 좋다. 특히 야간에,2주 전
 별표 5개 ,"커피도 맛있고, 바다뷰도 좋았어요.
커피값에는 뷰 값도 포함이라 비싸더라구요.
관광지 카페는 관리가 되지않아 비위생적인 곳도 많은데, 여기는 관리가 잘되어 화장실도 깨끗해서 좋았어요. 평일이라 여유로워서 더 좋았어요.",2주 전
 별표 2개 ,사람이 너무 만아서 그냥 돌아옴ㅠ,2주 전
 별표 5개 ,,3주 전
 별표 5개 ,전망도 좋고 아주 편안하게 즐길수 있습니다,3주 전
 별표 3개 ,음료는 기대말고 그냥 쉬다오는곳,3주 전
 별표 5개 ,커피 케이크 정말 맛있는 대형카페는 여기가 처음이에요,3주 전
 별표 4개 ,매우 친절하여 아침식사 잘하고 왔어요,3주 전
 별표 5개 ,,3주 전
 별표 4개 ,,3주 전
 별표 5개 ,대기업 커피점이나 뷰가 너무 좋네요 바닷가가 보이는 곳,3주 전
 별표 5개 ,"사람은 많지만 뷰 굿👍
카카오 주문 하세여",3주 전
 별표 4개 ,,3주 전
 별표 1개 ,,3주 전
 별표 5개 ,커피보단  멍때리기 좋은곳,3주 전
 별표 3개 ,"장소 리뷰만 좋아요 커피는 비싸요 7천원 가격비해  바닐라
라떼 시켰는데 진짜 맛없었어요
뷰만본다면 뭐 차나 케익은 비싸요",3주 전
 별표 5개 ,"(Google 번역 제공) 부산 최고의 카페입니다. 카페가 바다와 가깝기 때문에 멋진 전망. 건물이 크고 디자인이 독특합니다. 매우 친절하고 도움이되는 직원. 밖에서 밖을 내다보며 시그니처 커피를 마시는 동안 무료 담요를 위해 두 엄지손가락을 치켜세웁니다. 여기 티라미수 푸딩과 치즈 케이크가 최고입니다.

(원문)
This is one of the best cafes in Busan. Amazing view as the café is close to the sea. The building is large and unique in design. Very friendly and helpful staff. Two thumbs up for their free blanket while looking out and drinking their signature coffee outside. Tiramisu pudding and Cheesecake here are the best.",4주 전
 별표 3개 ,"사람이 정말 많다
늦게까지 하고 나름 뷰가 좋으니 어쩔수없겠지만 진짜 사람이 늦은시간까지 굉장히 많다
특이한 좌석들이 많다. 빈백 좌석, 벤치 좌석, 드러눕는 좌석 등등...
음료는 오렌지에이드, 케이크는 얼그레이롤케이크임.
오렌지에이드는 뭐 우리가 다 아는 맛이고
얼그레이 롤케이크는 안에 견과류가 들어가기 때문에 견과류 못드시는 분들은 참고하셔라.
맛은 그저 그랬다..",1달 전
 별표 4개 ,"뷰가 정말 환상적입니다. 역시나 사람이 많습니다.커피나 음료, 디저트는 정말 별로입니다. 어떻게 이렇게까지 맛이 별로인가 싶습니다.정말 뷰가 맛과 가격까지 다 했다고 봅니다.",1달 전
 별표 5개 ,"(Google 번역 제공) 굿!!!!!👍👍👍👍👍

(원문)
GOOD!!!!!👍👍👍👍👍",1달 전
 별표 4개 ,커피 맛 좋고 뷰 좋고 건물 인테리어 좋음. 일하는 분들 역시 대부분 시니어 느낌으로 잘 하는 느낌. 다만 방문자 볼륨에 비하여 화장실은 턱없이 부족하고 방문자가 많은 날은 관리 조차 안됨.,1달 전
 별표 5개 ,,1달 전
 별표 3개 ,,1달 전
 별표 3개 ,의자가 더러움. 질서가 없음. 커피값이 너무 비쌈. 한번정도 올만하다. 더이상은 별루다.,1달 전
 별표 4개 ,,1달 전
 별표 5개 ,일행들과 커피도 마시구 3층에 올라가서 푹신한 의자와 한몸되어 바다가 내려다보이는 멋진곳에서 푸욱쉬구 왔습니다 층별루 화장실도 있습니다,1달 전
 별표 5개 ,,1달 전
 별표 5개 ,,1달 전
 별표 4개 ,뷰  맛집!!,1달 전
 별표 5개 ,뷰가 멋지다.,1달 전
 별표 5개 ,,1달 전
 별표 4개 ,,1달 전
 별표 5개 ,"기장 오션뷰카페,주차장넓음,카운터에 독채예약하면 비가오나눈이오나 상관없이 오션뷰 보면서 연인,가조과함께 커피를 즐길수 있음,에어컨히타완비",1달 전
 별표 4개 ,,1달 전
 별표 5개 ,,1달 전
 별표 5개 ,염색 하러 갔는데 드라이까지 넘 맘에 듭니다,1달 전
 별표 2개 ,"사람이 엄청 많습니다.
무조건 일행과 같이 입장해야하고 주말이라 그런지 자리가 부족하네요.
사람들이 오션뷰 자리 잡으려고 지키고 있어 오랫동안 앉아서 커피 마시기가 힘듭니다.
풍경만 좋습니다.",1달 전
 별표 4개 ,"엄청난 뷰를 자랑하는 기장의 카페.
부산에서 30분정도 운전해서 가면 나옴.
사람이 어마어마 많음.",1달 전
 별표 3개 ,유명하다길래 가봤는데 음료값 비싸고 빵도 없고 사람은 많고...기장은 워낙 뷰좋은 카페들이 많아서 굳이 웨이브온커피를 찾아가지 않아도 될것 같아요,1달 전
 별표 5개 ,,1달 전
 별표 5개 ,"사람이 너무 너무 너무 많아서 불편하지만
그래도 갈 가치가 있는 곳
별채도 있어 좋았다",1달 전
 별표 5개 ,커피 맛있오 !! 다음에 또 와야지,1달 전
 별표 1개 ,"사람 너무 많아 자리도 거의 없는데 손님은 꾸역꾸역 다 받고 있는 곳.

핫플이라고 이모가 가자고 해서 갔다가 대실망.
비추.",1달 전
 별표 5개 ,가격은 다소 높으나 장소가 정말 이쁩니다,1달 전
 별표 5개 ,"바다뷰가 바로앞에  푹신한자리
까지 커피 마시며  수평선 바라보며 도란도란 얘기에  시간이 아깝게 흘러  다시오고싶은  카페입니다♡",1달 전
 별표 4개 ,"커피 맛이 뛰어난 집은 아니지만
바다전경은 뛰어난 장소이다
주차 안내 직원들의 친절은 좋은 집이다
이 지역 바닷가의 온도와 바람은 매우 선선하다 기장 아난티 해변 가는 후덥지근 하지만 이지역은 매우 선선하다",1달 전
 별표 4개 ,위치랑 분위기가 좋습니다. 커피는 맛이 없으니..이 점은 참고하세요. 한잔 거의 안마셨습니다. 바다를 바라보며 편한 자리에 음료한잔 마시기 좋고 무릎담요도 준비되어 있어 좋습니다. 주차요원도 계십니다.,1달 전
 별표 5개 ,경치 굿,1달 전
 별표 5개 ,바다가 괌보다 좋다~~~~,1달 전
 별표 5개 ,사람이 아주 많다. 풍경이 이쁘다. 날이 선선해지면 다시 오고 싶다. 커피맛은 잘 모르겠음... 가격이 저렴한 편은 아님,1달 전
 별표 5개 ,난리났다 정말.. 한여름인데도 바람이 너무시원해서 야외에서 좋은풍경보고 커피는 왜이리맛있는지 꼭 가야할곳으로 추천드려요,1달 전
 별표 5개 ,,1달 전
 별표 5개 ,,1달 전
 별표 5개 ,,1달 전
 별표 5개 ,,1달 전
 별표 5개 ,,1달 전
 별표 5개 ,"맛도 최고 양도 최고 뷰도 최고
1시간 기다림이 용서되는 곳",1달 전
 별표 5개 ,,1달 전
 별표 1개 ,"자리는 부족
손님을 너무 상업적으로 관리항",1달 전
 별표 4개 ,,2달 전
 별표 5개 ,,2달 전
 별표 5개 ,시설 좋고 뷰 좋고 가격도 좋다. 자주 가볼만 한 곳.,2달 전
 별표 4개 ,풍경을 좋다,2달 전
 별표 5개 ,,2달 전
 별표 5개 ,,2달 전
 별표 4개 ,"사람이 너무 많음. 담요가 너무 더러움.유리창의 새똥과 거미줄이 안습. 하지만 그 모든 것을 뛰어 넘는 파도, 바람, 포말, 바다 냄새, 하늘...그래서 별 4개",2달 전
 별표 4개 ,,2달 전
 별표 1개 ,사람 너무많고 주차할 자리도 없고 매장내 시끄럽고 전혀 여유롭게 바다를 바라볼 분위기가 아님. 음료도 더럽게 비쌈.,2달 전
 별표 5개 ,,2달 전
 별표 4개 ,"웨이브온 3층에서 야외로 나가면
루프탑이 복층으로 이어져있어요!
루프탑 공간에도 빈백과 파라솔이 설치되어 있어 편안하게 휴식할 수 있어요💙

직접 로스팅한 웨이브온 컴페티션 블랜딩 원두를 사용해 쌉싸름하고 고소한 맛이 특징인 웨이브온 아메리카노!
아메리카노, 라떼, 드립커피 모두에 잘 어울리는 강배전 원두로
고소하고 산미가 적은 맛이 특징이에요!
(호불호 갈림)

해가 진 저녁, 그리고 밤에도 밤바다와 함께 영업 중 밤 12시까지 쭉 계실수 있어요",2달 전
 별표 5개 ,메뉴가격이 꽤 비싸긴 하지만 바다뷰 때문에 용서? 합니다 ㅋ,2달 전
 별표 4개 ,좋아요 사람없을땐.. 규모에 비해 화장실이 너무 적네요,2달 전
 별표 4개 ,"별채가 있어서 좋았고, 뷰 맛집입니다!",2달 전
 별표 5개 ,,2달 전
 별표 4개 ,,2달 전
 별표 5개 ,,2달 전
 별표 2개 ,직원들 전반적으로 싸가지가 없음. 주인장이 뷰 좋다고 교육 안 시키는듯. 에어컨도 하나 고장나서 실내가 안 시원함,2달 전
 별표 5개 ,,2달 전
 별표 4개 ,,2달 전
 별표 5개 ,,2달 전
 별표 2개 ,"뷰값
자리도 없고
커피는 맛이 없음",2달 전
 별표 5개 ,좋아요 뷰ᆢ,2달 전
 별표 4개 ,주변 경치가 멋짐. 커피는 비싼편.,2달 전
 별표 5개 ,커피와 함께 힐링할수 있는 바닷가의 멋진 카페,2달 전
 별표 5개 ,바다를 배경으로 위치한 카페인데 그만큼 주변 활용을 잘해서 빈백과 야외 테이블들이 많아요. 주차 관리해주는 분들이 있어서 주차하기는 쉽지만 그만큼 손님이 많아요. 커피맛도 좋고 뷰도 좋고 모든것이 좋은 장소예요~자주 가보지 못해서 아쉽네요~,2달 전
 별표 5개 ,,2달 전
 별표 5개 ,,2달 전
 별표 5개 ,"(Google 번역 제공) 아름답고 즐거운 곳.
나는 여기 있는 것을 좋아한다.

(원문)
Красивое, приятное место.
Люблю здесь бывать.",2달 전
 별표 4개 ,경치가 좋아요.,2달 전
 별표 5개 ,"커피 맛 나쁘지 않고요
바다 뷰가 최고입니다.
별채 이용은 private한 공간을 원하시는게 아니라면 굳이 추천은 안 드려요",2달 전
 별표 4개 ,,2달 전
 별표 5개 ,경치가 좋고 야외 쿠션 자리들이 편합니다,2달 전
 별표 3개 ,풍경 굳..... 날씨좋을때 가면 아주 좋을듯,2달 전
 별표 5개 ,편안한 곳,2달 전
 별표 4개 ,"멋진 바다뷰 많은 사람들
주말 붐비는 시간은 피하시길 바랍니다.
바다뷰는 힐링이네요",2달 전
 별표 4개 ,"맛      ☆☆☆☆☆
가격  ☆☆☆
주차 ☆☆☆☆☆
경치 ☆☆☆☆☆
커피맛을 느끼고 케잌맛을 느끼고
할 틈이 없이
경치에 푹 빠져듭니다
정말 경치좋은 카페입니다
지나는 코스라면 꼭 커피한잔하며
시간 보내세요",2달 전
 별표 4개 ,,2달 전
 별표 5개 ,,2달 전
 별표 5개 ,,2달 전
 별표 1개 ,카카오맵에 후기 닫아버렸네요,2달 전
 별표 5개 ,"(Google 번역 제공) 매우 차가운 장소

(원문)
Chỗ chill cực luôn á",2달 전
 별표 3개 ,사람이 너무 많았어요 카페에서 적정인원을 유지시키면 더 좋을거 같네요 앉을때가 없어요,2달 전
 별표 5개 ,,2달 전
 별표 4개 ,,2달 전
 별표 3개 ,,2달 전
 별표 5개 ,바다 좋아하는 분이라면 무조건 콜,2달 전
 별표 4개 ,바다와 어울리게 잘 해놨어요,2달 전
 별표 4개 ,,2달 전
 별표 5개 ,,2달 전
 별표 5개 ,,2달 전
 별표 5개 ,뷰맛집이네요~~ 분위기가너무좋아요,2달 전
 별표 5개 ,,2달 전
 별표 5개 ,망중한....,2달 전
 별표 5개 ,,2달 전
 별표 4개 ,,2달 전
 별표 5개 ,"(Google 번역 제공) 바다 n 인테리어 n 편안한 테이블과 좋은 전망

(원문)
Good view with sea n interior n relaxing table",2달 전
 별표 5개 ,,2달 전
 별표 5개 ,,2달 전
 별표 5개 ,,2달 전
 별표 2개 ,"넘 예쁘고 편한 곳 이였어요
편한 느낌 넘 좋았어요
좋은사람 과 행복한 시간 이였어요^^",3달 전
 별표 5개 ,,3달 전
 별표 4개 ,,3달 전
 별표 5개 ,아름다운 추억이 되는 곳,3달 전
 별표 4개 ,,3달 전
 별표 5개 ,,3달 전
 별표 2개 ,,3달 전
 별표 4개 ,,3달 전
 별표 5개 ,,3달 전
 별표 2개 ,,3달 전
 별표 5개 ,,3달 전
 별표 5개 ,,3달 전
 별표 5개 ,멋진바다풍광과 함께 바닷가에서 바람을 맞으며 커피를 즐길수도 있고방갈로처럼 되어있는곳에서 바다를보면서 커피도 마실수 있어서 충분한 휴시과 향기로운 커피향을  즐길수 있는곳입니다,3달 전
 별표 4개 ,,3달 전
 별표 5개 ,"부산 기장하면 웨이브온이라는 친구말을 듣고 갔는데 이국적인 풍경에
바다가 바로앞에 있어서 너무 좋았습니다
인생샷 명소",3달 전
 별표 4개 ,"(Google 번역 제공) 좋은 카페! 크고 넓으며 좋은 해변 전망과 좌석 배치가 있습니다. 대중 교통(버스)이 있지만 자동차로 가는 것이 좋습니다. 특히 주말에는 혼잡할 수 있으니 주의하세요. 방문하기 가장 좋은 시간은 평일이나 아무 때나 이른 아침에 가장 좋은 자리를 잡고 좋은 사진을 찍을 수 있는 시간입니다. 1인당 음료를 구매해야 합니다. 커피와 사막은 비쌀 수 있습니다. 그러나 좋은 곳입니다. 나는 건축물과 전망을 좋아했습니다. 추천!

(원문)
Nice caffee! Big, spacious, with good seaside views and seating arrangements. Although there is public transportation (buses) it is better to get there by car. Be aware that it can be crowded,especially on weekends. The best time to visit is either on a weekday or anyday early in the morning, to grab the best seats and take good pictures. Must buy a drink per person. Coffee and deserts can be pricey. However, it is a nice place. I loved the architecture, and the views. Recommended!",3달 전
 별표 5개 ,,3달 전
 별표 5개 ,"경치도 좋고 조용하니 좋았네요
가격이 점점...ㅠ",3달 전
 별표 4개 ,분위기짱~~~~,3달 전
 별표 4개 ,,3달 전
 별표 3개 ,,3달 전
 별표 5개 ,,3달 전
 별표 4개 ,,3달 전
 별표 5개 ,"히히  평일에가니 자리여유가있어좋네요!!바람도좋쿠
베리굿♡",3달 전
 별표 5개 ,기장 1대장 인정합니다 바다색 이쁠때 가면 진짜 시원한 파도 볼 수 있어요,3달 전
 별표 4개 ,"분위기 좋아요
스콘 맛나요",3달 전
 별표 5개 ,👍,3달 전
 별표 5개 ,,3달 전
 별표 5개 ,"(Google 번역 제공) 고요한 경험을 원하신다면 이곳이 바로 이곳입니다! 😍 꼭 추천합니다! 바다를 바라보며 커피를 마신다!

(원문)
If you are looking for a tranquil experience, this is the place! 😍 Definitely would recommend! Drink your coffee with an ocean view!",3달 전
 별표 5개 ,,3달 전
 별표 5개 ,,3달 전
 별표 5개 ,,3달 전
 별표 5개 ,자리값 때문에 가격은 사악하나 좋은 풍경으로 갈만한 곳으로 추천,3달 전
 별표 5개 ,뷰 대박입니다 커피도 맛있고 독립적 공간이 있는것도 새로웠습니다,3달 전
 별표 4개 ,평일에 는자리여유잊음 늦은시간.,3달 전
 별표 5개 ,"분위기 너무좋은 카페, 바다보면서 쿠션에 드러누워 커피마시면서 멍때리기 좋음",3달 전
 별표 5개 ,,3달 전
 별표 3개 ,,3달 전
 별표 5개 ,뷰 좋음,3달 전
 별표 5개 ,기장에 가면 꼭 가봐야하는 핫플레이스ㅎ 커피와 음료와 케이크는 맛있어요 저희는 별채에서 단독으로 조용히 바다보면 먹었답니다 ㅎ,3달 전
 별표 4개 ,"이런 절경이 있을수가~^^

최고의 커피숍",3달 전
 별표 5개 ,분이기맛모두만족,3달 전
 별표 5개 ,"(Google 번역 제공) 멋진 전망과 맛있는 케이크가 있는 멋진 커피 장소.

(원문)
Fancy coffee place with great view, tasty cakes available.",3달 전
 별표 2개 ,차마시고 나왔다가 화장실 이용하러 들어가려는데 입장불가! 영수증보여달라는ㅠ 인심꽝!,3달 전
 별표 5개 ,기장에 여행갔다가 저녁에 커피마시러 갔는데 분위기가 너무 좋았어요 야외벤치가 너무좋았어요 꼭 외국휴양지같은 느낌 이랄까~사장님 센스 굿^^,3달 전
 별표 5개 ,"비오는날이였는데도
사람들이 줄을서서ㅎㅎ
바닷풍경이 보이는 자리는
없었어요ㅠㅠ",3달 전
 별표 5개 ,지형과 어우러진 멋진 건물 맛있는 커피 훌륭한 전망 어느 하나 빠지는 것이 없어요 빵은 케익종류만 있음,3달 전
 별표 5개 ,"경치가 매우 좋음.
하지만 좋은 경치를 편히 볼 수 있는 자리는 한정되어 있으니 치열한 눈치싸움이 벌어진다.",3달 전
 별표 5개 ,뷰가 정말......... 환상적이었어요. 사람이 너무 많아서 앉을 자리 찾기가 힘들었지만 경치가 다 한 곳입니다. 너무 좋았어요.,3달 전
 별표 5개 ,사람이 많은이유를 알겠더라구요,3달 전
