rating,review,duration
 별표 1개 ,"(Google 번역 제공) 카페는 현재 폐쇄되어 Hash라는 새로운 카페로 변경되었습니다.

(원문)
The cafe is currently closed and changed to a new cafe called Hash.",4달 전
 별표 5개 ,,5달 전
 별표 3개 ,,11달 전
 별표 4개 ,ㅇㅇㅇㅇㅇ,1년 전
 별표 4개 ,ㅎ,1년 전
 별표 4개 ,,1년 전
 별표 4개 ,나쁘지 않음,1년 전
 별표 3개 ,,1년 전
 별표 5개 ,,1년 전
 별표 5개 ,,1년 전
 별표 5개 ,"아늑하고 사진 찍기 좋은 까페.
빵이 느므느므 맛남ㅜ",1년 전
 별표 3개 ,,1년 전
 별표 5개 ,,1년 전
 별표 5개 ,처음보는 음료가 있어 마셔보니 생각보다 더 맛이있었고 분위기도 좋아요~,1년 전
 별표 4개 ,,1년 전
 별표 4개 ,,2년 전
 별표 5개 ,,2년 전
 별표 5개 ,"개인적으로 애정하는 공간, 좋다.
특이한건 와이파이도, 콘센트도 없는 카페라는 점.",2년 전
 별표 5개 ,맛있는대 음료 양이 적어요ㅡㅡ,2년 전
 별표 5개 ,매우 분위기좋음,2년 전
 별표 4개 ,"분위기, 서비스, 맛까지...서면 커피숍에선 어느정도 상위권 수준임..",2년 전
 별표 5개 ,커피맛좋고 분위기 좋아요~ 야외테라스도 있구 서면에서 이런 분위기는 독보적인듯요~ 대신 정문이  안쪽에 있어서 길가에 있는 작은 간판 잘 봐야해요~,2년 전
 별표 5개 ,,2년 전
 별표 2개 ,사진찍는 곳,2년 전
 별표 5개 ,,2년 전
 별표 5개 ,,2년 전
 별표 4개 ,분위기괜찮아요,2년 전
 별표 5개 ,,2년 전
 별표 3개 ,"커피와 도넛이 가격대비 맛이 별로
(그 맛에 그 가격은 비싼 편)
분위기는 젊은 언니오빠들 가기 딱인듯
도넛은 비주얼만 좋음",2년 전
 별표 2개 ,카페를 이쁘게 잘 만드셨는데 10명이서 여러가지 음료를 시켜보고 케이크와 빵도 여러가지 먹어봤는데... 음료는 한잔만 맛나고 다른건 걍 별로였고 케이크도 별로였구 빵 5가지중 한가지만 맛나더라구요....,2년 전
 별표 1개 ,"코로나로 난리인데 디저트 케이크들을 아무 덮개도 없이 내놓고 그 앞에서 마스크 안하고 침 튀기면서 주문하는 손님을 보고 있으니 맛이 다 떨어지더라고요

다른 곳들은 적어도 코로나 이후 다 덮개는 해두던데
여기는 위생이 별로입니다",2년 전
 별표 5개 ,커피가 맛있습니다.,2년 전
 별표 4개 ,"와이파이 없고 콘센트없어요
커피 맛있고 디저트류도 맛있어요 당근케이크 별로 안 달고 맛있어요 도넛류도 괜찮은데 꽤 달아서 취향탈 것 같네요
친구들이랑 같이 오는 것 추천",2년 전
 별표 5개 ,,2년 전
 별표 5개 ,맛있어요,2년 전
 별표 4개 ,,2년 전
 별표 4개 ,"에스닉 감성, 맥심커피같은 착붙맛",2년 전
 별표 3개 ,날씨도좋은데 정원을보며 커피도마시고 좋았습니다,2년 전
 별표 4개 ,,2년 전
 별표 2개 ,"분위기는 정말 좋았는데
주말 저녁에 갔더니 바쁘셔서 그런가...친절함이 없었어요..(남자분, 여자분 두 분 계셨는데 카운터 보시는 여자분이 너무 불친절했어요ㅠㅠ) 저는 플랫화이트 시켰는데 우유에 물 섞은 맛...커피 너무 좋아하는데 여기 커피는 저랑 안맞네요..친구는 블랙라떼?시켰는데 투게더 녹인맛이라네요..",2년 전
 별표 3개 ,분위기 좋습니다만 커피 맛은 그다지...,2년 전
 별표 5개 ,인스타감성카페,2년 전
 별표 5개 ,분위기 커피 디저트. 모두 완벽함,2년 전
 별표 5개 ,,2년 전
 별표 4개 ,"분위기도 좋고 커피도 맛있으나, 메뉴들이 전반적으로 다소 비쌈. 야외 가든이 멋지게 관리 되어 있고 내부 인테리어도 근사함. 테이블이 너무 가깝게 구성되어 있고, 의자 밑 테이블의 노후화가 심해서 쾌적하지는 않음.",2년 전
 별표 4개 ,,2년 전
 별표 5개 ,"분위기도 커피맛도 좋아요ㅎ 노키즈존,노 와이파이, 노플러그임",2년 전
 별표 3개 ,,2년 전
 별표 4개 ,,2년 전
 별표 5개 ,커피 맛있네요,2년 전
 별표 5개 ,"(Google 번역 제공) 아름답고 맛있고 맛있습니다

(원문)
漂亮，好吃，好喝",2년 전
 별표 3개 ,2호점이 낫네요,2년 전
 별표 5개 ,편안하고 맛있는 커피를 즐길 수 있는 장소입니다.,2년 전
 별표 5개 ,도심속의 평온 짱짱,2년 전
 별표 4개 ,존맛입니다,2년 전
 별표 4개 ,"라라관옆골목으로 올라가면 있어요^^
커피도 맛있고 라즈베리크림 듬뿍 들어간 빵도 맛있었어요ㅎㅎ
인기맛집인지 빵은 엄청 빨리 매진되더라구요.
인테리어도 심플하고 예뻤어요",2년 전
 별표 4개 ,인테리어 이쁘고 좋았구 케이크도 좋았는데 안쪽에 약간 자리가 협소한 느낌도 있었지만 자리만 잘잡는다면 좋을거같습니다,2년 전
 별표 5개 ,"(Google 번역 제공) 서면역의 카페가 사면에 나타 났는데, 딸기는 당근 케이크로 밀고, 커피는 밀고, 검은 색과 흰색 컵은 달콤하고, 가게는 크고 정원은 전체적인 경험이 그렇습니다. 모두 앉아서 편안하게 오후의 차를 즐길 가치가 있습니다.

(원문)
在西面站的咖啡廳，是在一個斜坡走上來，比較不明顯一些，草莓可頌跟胡蘿蔔蛋糕很推，咖啡也推，黑白色那杯偏甜，店面很大還有花園，整體體驗很不錯，值得大家來坐坐享受悠閒的下午茶。",2년 전
 별표 5개 ,"(Google 번역 제공) 커피를 마시기에 좋은 곳. 이곳에는 멜버른 같은 커피 숍 분위기가 있습니다. 추천합니다.

(원문)
Great place to have coffee. This place has a melbourne-like coffee shop vibe. Recommended.",2년 전
 별표 5개 ,"(Google 번역 제공) 이것은 한국에서 가장 좋아하는 커피 명소 중 하나였습니다.
꼭 방문 할 가치가 있습니다.

(원문)
This was by far one of our favorite coffee spots in Korea.
Definitely worth visiting.",2년 전
 별표 4개 ,,2년 전
 별표 3개 ,,2년 전
 별표 5개 ,,2년 전
 별표 5개 ,"음료도 치즈케이크도 맛이 좋았어요!
처음가고부터 종종 가고있어요",2년 전
 별표 5개 ,,2년 전
 별표 5개 ,분ㅇ위기야 항상 좋고 부산라떼는 제 입맛엔 달았어요,2년 전
 별표 5개 ,"(Google 번역 제공) 그런 아름다운 카페! 안타깝게도 서두른 사진을 찍을 수 없었습니다. 확실히 데이트, 냉기, 사진 장소.

(원문)
Such a beautiful cafe! It’s unfortunate I couldn’t take any pics cuz I was in a hurry. Definitely a date, chill, photogenic place.",2년 전
 별표 3개 ,,2년 전
 별표 4개 ,다들 사진을 많이 찍는데는 이유가 있는 것 같습니다. 저녁에 예쁩니다. 빵도 맛있습니당.,2년 전
 별표 3개 ,,2년 전
 별표 4개 ,,2년 전
 별표 5개 ,,2년 전
 별표 4개 ,"(Google 번역 제공) 맛있고 기분 좋았지 만, 역시 화장실은 더러웠다

(원문)
美味しくて居心地よかったけど、やはりトイレは汚かった",2년 전
 별표 3개 ,괜찮아요 ㅎㅎ,2년 전
 별표 3개 ,,2년 전
 별표 3개 ,,2년 전
 별표 5개 ,,2년 전
 별표 4개 ,원두 고를수 있어서 좋음. 커피맛 괜찮음. 더티초코빵은 웬만큼 단거 좋아하지 않으면 못먹을듯.,2년 전
 별표 4개 ,"분위기가 아주 좋은 카페
서면에 갔다면 마틴으로!",2년 전
 별표 4개 ,좀 비싸지만 맛도 분위기가 참 좋아요,2년 전
 별표 5개 ,"빵 빨미카레랑 이거 먹었는데 둘다 넘맛있구요ㅠ
제발 빵 최소 2개이상 드세요
분위기더 넘예뿌고 ㅜㅜ흑흑
커피도 맛좋아여 :)",2년 전
 별표 4개 ,,2년 전
 별표 5개 ,깔끔. 맛있음.,2년 전
 별표 5개 ,,2년 전
 별표 5개 ,"(Google 번역 제공) 빵이 맛있다! 장식은 아름답고 공간은 작지 않으며 친구들과 대화하기에 좋은 곳입니다.

(원문)
麵包好吃 ！裝潢很美空間也不小適合和朋友聊天的好地方",2년 전
 별표 5개 ,"(Google 번역 제공) 완벽한 햇빛을 차단하는 2 개의 고층 빌딩이있는 이유는 무엇입니까? 😭😭😭

(원문)
Why there are two tall buildings blocking the perfect sunshine???!!! 😭😭😭",2년 전
 별표 5개 ,,2년 전
 별표 5개 ,앙버터맛잇어옹,2년 전
 별표 5개 ,"(Google 번역 제공) 케이크는 매우 좋으며 마틴 화이트는 필수품이며 부산 최고의 커피 숍 중 하나라고 할 수 있습니다.

(원문)
蛋糕很不錯，matin white更是一絕，可以說是釜山數一數二美味的咖啡店。",2년 전
 별표 4개 ,아메리카노 먹었는데 약간 연한것 같음. 가게 분위기는 좋음.,2년 전
 별표 3개 ,,2년 전
 별표 5개 ,맛있는 커피와 분위기 좋은 인테리어와 어울어진 카페,2년 전
 별표 5개 ,"(Google 번역 제공) 우리가 부산에서 방문한 최고의 커피 장소, 넓고 훌륭한 분위기, 훌륭한 커피, 매우 맛있는 디저트!! 부산에 다시 간다면 꼭 재방문할 것입니다!

(원문)
The best coffee place we visited in Busan, spacious and great ambience, excellent coffee, very tasty desserts!! If back in Busan, I will certainly return!",2년 전
 별표 4개 ,"커피맛이 특별하고 생각은 안드는데 나쁘지않은것 같아요..원두를 좋은걸 쓰는것 같습니다. 은은한 맛이 있습니다.
정원이 나름 멋집니다.
pm12시 open. 참고하세요.",2년 전
 별표 4개 ,,2년 전
 별표 4개 ,"커피, 디저트 다 맛있어요. 다만 자리가 비좁고 답답합니다.",2년 전
 별표 5개 ,커피맛 좋고 인테리어 예쁘고 야외는 바람도 좋고 파이도 맛있어요.,2년 전
 별표 4개 ,,2년 전
 별표 4개 ,대기만 없다면 괜찮은 맛을 갖춘집 예전보다 대기도 많이 없는듯,2년 전
 별표 5개 ,,2년 전
 별표 5개 ,"커피 종류 다양
꾸덕한 치즈케잌 진짜 맛남
커피와 케잌 퀄리티가 높음
종류는 다양하지 않아도 괜찮음
야외정원이 시원하게 있어 답답한감 없음
와이파이 안되는 것, 콘센트 없는것이  단점",2년 전
 별표 3개 ,,2년 전
 별표 5개 ,,2년 전
 별표 5개 ,,2년 전
 별표 5개 ,,2년 전
 별표 5개 ,,2년 전
 별표 5개 ,"(Google 번역 제공) 실내와 실외에 좌석이 모두 있는 카페를 위한 아름다운 공간입니다. 커피는 맛있었고 특히 Matin 화이트를 좋아했습니다. 놀랍도록 부드럽습니다. 우리는 케이크를 가지고 있지 않았지만 그들은 아름답게 보였습니다.

(원문)
Beautiful space for a cafe with both seating in and outdoors. The coffees were delicious, especially loved the Matin white. Incredibly smooth. We didn’t have the cakes but they looked beautiful.",2년 전
 별표 5개 ,시그니쳐 메뉴도있고 소소하게 앉아서 차마시기 좋은 공간입니다.,3년 전
 별표 5개 ,"정말 친절, 음료나 디저트도 추천할만함.
다만 낮에가면 햇볓이 잘드는 편인 점만 참조하세요",3년 전
 별표 5개 ,"(Google 번역 제공) 인상적인 장식! 완벽한 분위기. 커피는 표준적이고 매우 맛있는 디저트였습니다.

(원문)
Impressive décor! Impeccable ambience. Coffee was standard, super tasty desserts.",3년 전
 별표 5개 ,숨겨진 핫플~,3년 전
 별표 3개 ,,3년 전
 별표 4개 ,,3년 전
 별표 3개 ,,3년 전
 별표 5개 ,커피도 디저트도 분위기도 너무너무 좋았습니다! 디저트 하나하나 설명해주시고 ㅎㅎ 다른 디저트도 다 먹어보고 싶네요 😋😋,3년 전
 별표 4개 ,,3년 전
 별표 5개 ,"(Google 번역 제공) 이 장소를 사랑하십시오! 정말 좋은 커피와 분위기를 즐기십시오 ~ 방문하기 위해 다시 돌아올 것입니다.

(원문)
love this place! truly enjoy the great coffee and the atmosphere~ will definitely be back again to visit.",3년 전
 별표 3개 ,,3년 전
 별표 4개 ,,3년 전
 별표 5개 ,,3년 전
 별표 5개 ,분위기 너무 좋아요 굳굳,3년 전
 별표 4개 ,,3년 전
 별표 5개 ,"(Google 번역 제공) 멋진 커피와 디저트.

(원문)
Awesome coffee and dessert.",3년 전
 별표 5개 ,"분위기 좋고, 메뉴도 특이하고 맛있어요! 조용히 할일하기에는 별로고, 약속이 있을 때 좋을 것 같아요",3년 전
 별표 3개 ,,3년 전
 별표 3개 ,,3년 전
 별표 5개 ,"(Google 번역 제공) 5stars 커피, 디저트, 직원, 분위기

(원문)
5stars coffee,desserts,staff,atmosphere",3년 전
 별표 5개 ,,3년 전
 별표 5개 ,"부산지인이 추천한 카페!
사진속 음료는 미스터 브라운!
테일러커피의 블루지같은 음료! 맛있음!
아기자기한 공간! 다 맛있어보이는 디저트까지!",3년 전
 별표 5개 ,,3년 전
 별표 4개 ,,3년 전
 별표 5개 ,,3년 전
 별표 5개 ,,3년 전
 별표 5개 ,,3년 전
 별표 5개 ,"당근케익 정말 너무 맛났어요 레드앤버터 빵도 맛나고 후식을 다 먹어보고 싶을 정도였어요
여름엔 수플레가 나온다는데 오후 2시부터 주문 가능이였어요",3년 전
 별표 4개 ,,3년 전
 별표 5개 ,진짜 힙한 장소다 노키즈존이라 정신없지도않고,3년 전
 별표 3개 ,,3년 전
 별표 5개 ,사진 잘 나옴. 디저트 맛있음. 인테리어 이쁨. 다만 접근성이 좀 떨어지고 일사량이 많아 더울 수 있음. 인스타 핫플,3년 전
 별표 4개 ,인스타핫플치고 맛이좋고 깔끔하다 솔티드카라멜라떼 맛있네요ㅎ,3년 전
 별표 4개 ,인테리어 이쁘고 친절해요. 물컵이 종이컵이라 약간 불편하고 커피들이 가격대비 양이 너무 적은게 단점이네요.,3년 전
 별표 4개 ,,3년 전
 별표 5개 ,,3년 전
 별표 3개 ,,3년 전
 별표 5개 ,,3년 전
 별표 4개 ,"(Google 번역 제공) 분위기가 좋아서 아늑한 장소에서 뻐꾸기와 채팅을 즐겨보세요.

(원문)
Cosy place to have a cuppa and chit chatting, like the ambience.",3년 전
 별표 4개 ,"(Google 번역 제공) 아주 좋은 당근 케이크, 좋은 에스프레소와 매우 아늑한 위치. 편안한 휴식에 이상적입니다.

(원문)
Sehr guter Karottenkuchen, guter Espresso und sehr gemütliche Lokation. Ideal um etwas zu entspannen.",3년 전
 별표 5개 ,,3년 전
 별표 3개 ,,3년 전
 별표 3개 ,,3년 전
 별표 5개 ,,3년 전
 별표 4개 ,정원이 있어 좋음,3년 전
 별표 5개 ,,3년 전
 별표 2개 ,,3년 전
 별표 5개 ,,3년 전
 별표 3개 ,,3년 전
 별표 4개 ,,3년 전
 별표 5개 ,"(Google 번역 제공) 어디에 있는지 모르고 한번 지나가했습니다. 언덕을 올라가는 입구가 있습니다. 세련되고 귀여운 가게였습니다. 평일 이었기 때문인지 인기 점은 없는가? 손님 두세 조로 매우 침착 조용한 가게였습니다.

(원문)
どこにあるか分からず一度通りすぎてしました。坂を上ると入り口があります。おしゃれでかわいいお店でした。平日だったからなのか人気店ではないのか？お客さんは二、三組でとても落ち着く静かな店内でした。",3년 전
 별표 4개 ,"케이크맛있고 인테리어 깔끔하고 이뻐요
테이블다리가 흔들리는것때문에 불편합니다
화장실도 깔끔하고요
커피맛은 쏘쏘",3년 전
 별표 5개 ,커피 맛있고 치즈케익 맛있음 분위기좋음,3년 전
 별표 4개 ,,3년 전
 별표 4개 ,,3년 전
 별표 5개 ,저렴하고 맛도 좋네요,3년 전
 별표 4개 ,커피가 맛있고 분위기가 편안하다,3년 전
 별표 5개 ,"(Google 번역 제공) 좋은 환경! 사진 미미을 촬영할 수 있습니다
디저트 케이크도 매우 讚喔입니다!
마틴은 흰색 반점 마틴 여전히 뜨거운 라떼와 함께 검은 색에 갔다
이 디저트가 있습니다, 원래 그 그물 미국 매장 생각
다행히도, 케이크 맛있는 ~ ^^ 칭찬에 예기치을 기대하지 않았다해야한다
화이트 마틴 특수 톤에 속하는 ~ 두꺼운 크림 + 좋은 강한 커피 음료의 작은 컵, 블랙 마틴 성분은 달콤한 커피 (커피 광장) 아름다운 사진! 부산, 빛 비 맛 모르겠어요 ! 보냈다 점에서 매우 즐거운 시간을 추천합니다!

(원문)
很棒的環境!!  可以拍出美美的照片
甜點蛋糕也很讚喔!!
這次去點了黑馬汀跟白馬汀  還有熱拿鐵
還有兩個甜點， 原本以為這種網美店
蛋糕應該還好~ 沒想到出乎意料的好吃^^  給讚
白馬汀屬於特調~小小一杯， 濃濃的奶油+濃郁的咖啡  很好喝，黑馬汀  成份不知道是什麼  喝起來像甜咖啡(咖啡廣場)拍照很美! 在釜山的時候，下著小雨!在那度過了很愉快的時間!!  推薦",3년 전
 별표 5개 ,언제봐도 신기하고 달콤한 블랙커피♥,3년 전
 별표 5개 ,,3년 전
 별표 4개 ,"(Google 번역 제공) 좋은 환경
커피가 좋다
디저트도 좋다
피곤한 곳
한 시간 동안 앉아있을 수 있습니다

(원문)
環境不錯
咖啡不錯
甜品也不錯
累了休息的好地方
可以坐一個鐘頭",3년 전
 별표 5개 ,"(Google 번역 제공) 그레이트 커피. 가장 아름다운 카페 분위기. 내 관점에서 볼 때 전 세계에서 가장 아름다운 카페 중 하나

(원문)
Great coffee. The most beautiful cafe atmosphere ever. من أجمل المقاهي تصميما حول العالم من وجهة نظري",3년 전
 별표 5개 ,"블랙, 부산커피 도심속 작은 정원커피 ! 내가 아끼는 공간♡",3년 전
 별표 5개 ,"여기 당근케잌 맛집입니다요
이렇게 맛있는 당근 케잌 먹어보지 못 했음!
히말라야핑크소금 들어간 커피도 맛있음 !✨

Cafe where the carrot cake taste is amazing!!!
🍰🍰🍰🍰🍰 crazyy tasty",3년 전
 별표 5개 ,,3년 전
 별표 3개 ,,3년 전
 별표 5개 ,,3년 전
 별표 5개 ,"(Google 번역 제공) 인상적인 카페! 아름답고 고요한. 커피는 놀랍게도 (한국에서 본 대부분의 커피에 비해) 좋았으며 에스프레소가 거의 옳았다. 디저트도 꽤 좋습니다. 직원은 영어를 구사합니다!

(원문)
Impressive café! Beautiful and serene. The coffee is surprisingly good (compared to most of what I’ve seen in Korea) and they even got the espresso mostly right. The desserts are pretty good too. The staff speaks English!",3년 전
 별표 4개 ,,3년 전
 별표 5개 ,"(Google 번역 제공) 이곳은 ""순간 즐기기""를 강조하는 서면 카페입니다. 그 슈퍼마켓의 위치는 위층에 있으며 멀리서 찾기가 어려울 수 있습니다. 아래층에서 어떻게 보이는지 보여 드리고, 고양이의 로고와 슬로프의 상점 문을 알아 보겠습니다.

서면 카페 : Matin Coffee Roaser의 장식은 우아하고 신선합니다 지금 ""지금 즐기세요""를 기억하십니까? 따라서이 카페에는 WIFI가 제공되지 않으므로 친구, 테라스 및 상점 외부의 태양과 함께 시간을 즐길 수 있습니다.

커피 한잔과 함께 맛있는 오후를 즐기거나 우유가 든 차 한잔도 즐기십시오 (컵을 집으로 가져갈 수 있음). 번화 한 부산에 숨어있는이 카페에서 함께 모여 즐거운 시간을 보내십시오.

(원문)
這是一間強調「享受當下」的西面咖啡廳呢。其位置是在一間超市的樓上，遠遠看過去可能較難以發現。這邊給大家看看樓下看過去的樣子，認那隻貓的標誌，還有一旁斜坡的店門口吧。

西面咖啡廳：Matin Coffee Roaser的裝潢雅致、清新，大家記得剛剛說的「享受當下」嗎？所以這間咖啡廳並沒有提供WIFI，讓客人可以好好享受和朋友的相處時光，甚至是店門外的露臺與陽光。

可口的甜派加上一杯咖啡，甚至點上一杯奶茶（杯子還可以自己帶回家），度過一個優閒的下午吧。藏身在繁華的釜山市區，一起過來這間咖啡廳「享受當下」吧。",3년 전
 별표 4개 ,,3년 전
 별표 5개 ,노키즈 노플러그 노와이파이,3년 전
 별표 5개 ,,3년 전
 별표 5개 ,,3년 전
 별표 5개 ,커피가 맛있는곳,3년 전
 별표 5개 ,"(Google 번역 제공) 비오는 날 오후에는 사람도 적고 아주 조용하고 디저트도 비주얼도 좋고 의외로 맛있습니다.

(원문)
下大雨天的下午, 人少, 很幽靜, 甜點看起來還好, 出乎意料之外都蠻好吃的",3년 전
 별표 5개 ,,3년 전
 별표 5개 ,,3년 전
 별표 4개 ,직원분들이 친절하심 인테리어 예쁨 사람들이 매우 많음 주차장없음 화장실 내부에 있음 음료맛은 그저그럼,3년 전
 별표 5개 ,커피맛도 인테리어도 굳,3년 전
 별표 5개 ,"(Google 번역 제공) 방문하기에 좋은 곳. 훌륭한 커피 특선 요리. 당근 케이크도 좋았어. 다시 방문 할 것입니다. 아니 와이파 이와 플러그.

(원문)
Cool place to visit. Great coffee specialties. Had carrot cake, was good too. Would revisit. No wifi and plugs though.",3년 전
 별표 5개 ,분위기좋고 음식맛좋고,3년 전
 별표 5개 ,,3년 전
 별표 5개 ,,3년 전
 별표 3개 ,,3년 전
 별표 5개 ,커피도 맛있고 분위기도 좋네요,3년 전
 별표 4개 ,커피맛 좋고 분위기 좋고^^,3년 전
 별표 4개 ,,3년 전
 별표 5개 ,친절하고   맛나고그래요   서빙하는분들   그리고배려   감사합니다,3년 전
 별표 2개 ,노와이파이존이라서 3개깎음 . 다른건 먹을 만함 . 가성비 따지려면 오지마셈,3년 전
 별표 4개 ,,3년 전
 별표 5개 ,,3년 전
 별표 5개 ,"(Google 번역 제공) 좋은 분위기의 넓은 카페 😍 그것은 차가운 시간을 보내고 싶어하는 단체 및 단독 여행자 모두에게 좋습니다. 분명히 와이파 이는 그들이 서로 이야기하는 시간을 보내는 것이 좋습니다. 날씨가 좋을 때 앉을 수있는 야외 공간도 있습니다. 나는 마티 화이트를 주문했고 맛있었습니다 - 커피와 달콤한 크림의 완벽한 균형 🤤 나는이 멋진 장소에서 평화로운 오후를 보내고 완전히 다시 올 것입니다.

(원문)
spacious cafe with great ambience 😍 it’s good for both groups and solo travelers who just wanna spend some chill time. apparently there’s no wifi bc they encourage you to spend time talking to each other. there’s also an outdoor area where you can sit when the weather’s good. i ordered a matin white and it was delicious - perfect balance of coffee and sweet cream 🤤 i spent a peaceful afternoon at this wonderful place and will totally come back again",3년 전
