rating,review,duration
 별표 3개 ,색다른 분위기의 커피숍,1주 전
 별표 5개 ,,3주 전
 별표 4개 ,"맛있는데 가격이 비싼 편이고 의자랑 테이블이 굉장히 불편했습니다..
네ㅇㅂ에서 보고 간 오픈행사메뉴는 주문 불가능했습니다.",1달 전
 별표 4개 ,흠 굿,1달 전
 별표 4개 ,장소가 되게 의외인 곳이엇음. 브런치 메뉴는 맛났고 분위기도 괜찮앗는데 오션뷰를 생각하고갔는데 이건 뭐지?,1달 전
 별표 5개 ,,1달 전
 별표 5개 ,"영도의 한적한 바다 넘좋아요
커피도 음식도 맞좋습니다.",2달 전
 별표 5개 ,숙소 근처여서 한번 가보았는데 비도 오는 날이여 손님이 이 꾀 많았음 특히 프렌치 토스트가 무척 맛이이ㅛ었음 그리고 분위기가 예전 공장같은 건물을 잘살린 임테리어여서 분위기 있었습니다,2달 전
 별표 4개 ,"예뻐요😆 조용하고 커피가맛있어요
디저트종류가 많이줄어서 아쉽지만
만족스러웠어요",3달 전
 별표 4개 ,,3달 전
 별표 5개 ,맛있고 분위기 좋아요,3달 전
 별표 5개 ,"(Google 번역 제공) 멋진 커피와 멋진 분위기

(원문)
Nice coffee and great ambience",3달 전
 별표 5개 ,,3달 전
 별표 2개 ,,4달 전
 별표 4개 ,,5달 전
 별표 3개 ,빈티지 분위기와 잠봉뵈르 프렌치토스트 맛이 괜찮았던 곳,5달 전
 별표 4개 ,천고높고 깔끔하고 안시끄러워서 좋았어요 ㅎㅎ,6달 전
 별표 5개 ,,6달 전
 별표 4개 ,"부산영도숙소 근처에 브런치맛집 찾다가 발견한 곳
커피도 맛나고 메뉴대부분 무난한맛 입니다.
인테리어가 너무 제취향은 아니더라구요^^;;",6달 전
 별표 4개 ,영도의 구석진 곳에 이런 곳이 있을 줄이야....^^,6달 전
 별표 3개 ,,7달 전
 별표 5개 ,"분위기좋구
감성있는브런치집입니당",7달 전
 별표 4개 ,인테리어 독특하고  잠봉뵈르도 굿굿^^,7달 전
 별표 4개 ,일반카페랑 다른 느낌이였네요ㅎ,7달 전
 별표 5개 ,"(Google 번역 제공) 독특하고 맛있는 카페 경험

(원문)
Unique and delicious cafe experience",7달 전
 별표 3개 ,공장을 개조한곳인데 그럭저럭 운치있어요~~근데 요즘은 워낙 괜찮은 커피숍들이 많아서~~그래도 근처에서는 괜찮은편,7달 전
 별표 4개 ,,8달 전
 별표 4개 ,"커피 맛은 아주 아주 좋음 !! 브런치들이 가격에 비해 퀄리티가 조금 떨어짐,, 😳",8달 전
 별표 5개 ,추웠지만..ㅡ,8달 전
 별표 5개 ,,9달 전
 별표 5개 ,영도에서 맛있는 브런치나 커피를 즐기고 싶을때 갑니다.   영도에 많은 카페중 제일 자주 가는 곳이예요.  특히 주말에 여유롭게 브런치 즐기기 아주 좋습니다.,9달 전
 별표 1개 ,오지마라,10달 전
 별표 5개 ,,11달 전
 별표 3개 ,,11달 전
 별표 5개 ,"(Google 번역 제공) 좋은

(원문)
Good",11달 전
 별표 5개 ,"차분해지는 영도의 카페 입니다.
친절한 직원 분들의 따뜻한 차는 일품입니다",1년 전
 별표 3개 ,"직접 방문해서 가서 먹었는데 음.. 제 기대에는 못미쳤던것 같아요. 잠봉뵈르는 맛있었는데 공장을 리모델링한 가게이다 보니, 특유의 그리스 냄새라던지 오래된 목침냄새같은게 마스크를 벗으니 올라오더라구요. 곳곳에 빈티지라 해야할지 앤틱이라 해야할지 너저분하게 널려있는 골동품도 정돈되지 않은 느낌이라 좀 그랬어여,,,",1년 전
 별표 5개 ,좋아요,1년 전
 별표 3개 ,,1년 전
 별표 5개 ,"이선균 목소리 사장님 남자가 봐도 친절하시고 매력있으십니다 카페랑 잘 어울리는 느낌.
공업소 같은 곳을 카페처럼 잘 꾸민 인테리어인데 정말 감성카페 느낌  있고요. 자연채광에 사진 잘 나옵니다!
셀카찍거나 인스타 맛집 사진찍기 좋고 커피 뿐만 아니라 음식 맛도 좋아요.
오랜만에 대만족했고요.
저는 쉽게 주차 성공했는데 주말은 주차공간 마땅치 않을까봐 그게 유일한 아쉬운 점!
그래도 저는 만족요.",1년 전
 별표 5개 ,,1년 전
 별표 5개 ,브런치맛집  여러가지 브런치 모두  맛있어요,1년 전
 별표 3개 ,음료는 딸기라떼도 로얄밀크티도 그저 그랫어요 ㅎ 과일 타르트는 그래도 맛있엇어요 ㅎ 카페 분위기도 엄청 특색이 있고 좋은지는 모르겠으나 한번쯤 가볼만 하네요 ㅎ,1년 전
 별표 3개 ,,1년 전
 별표 4개 ,,1년 전
 별표 3개 ,,1년 전
 별표 3개 ,,1년 전
 별표 4개 ,,1년 전
 별표 5개 ,,1년 전
 별표 4개 ,,1년 전
 별표 5개 ,,1년 전
 별표 4개 ,인더스트리얼한 분위기. 주변 동네느낌과 묘하게 어울려서 독특한 느낌. 커피종류는 괜찮은데 디저트는 그닥.,1년 전
 별표 4개 ,의자가 불편해서 1점 깎았어요 근데 감성은 매우 뛰어납니다.,1년 전
 별표 3개 ,"딸기무스생각하고갔는데 복숭아무스로 시즌변경됬었음. 카페 규모 큰편. 카페옆으로 철공소있어서 주차 및 운전 조심.
가격대는 높은편. 생각보다 복숭아무스 무맛.
밀푀유 드시는게좋을듯함. 인스타하시면 무스드시는것도 괜찮. 커피보다는 에이드, 차종류퀄리티가 더좋은편.",1년 전
 별표 3개 ,"프렌치토스트 생각 나면 가끔 찾는 곳입니다.
디저트류 종류가 많은데 가성비가 그다지 좋은편은 아닌 것 같아요... (특히 디저트세트는 딱 한 번 시키고 끝)
커피는 그나마 아메리카노 두 종류 중 고를 수 있어서 보통은 하는 듯 해요~",1년 전
 별표 4개 ,샌드위치가 맛있음,2년 전
 별표 5개 ,맛있습니다,2년 전
 별표 3개 ,"위치도 배가 오가는 곳이라 불편하고
의자도 딱딱하여 오래 앉아 있지 못하고
빵도 그냥 평범
에이드도 평범",2년 전
 별표 3개 ,솔직히 맛은 별로,2년 전
 별표 4개 ,,2년 전
 별표 4개 ,괜찮아요,2년 전
 별표 5개 ,맛있고 분위기좋아요ㅎㅎ,2년 전
 별표 5개 ,고풍스런 디자인에 곳곳에 예쁜 소품과 자리가 즐비한 예쁜 카페. 디저트 세트메뉴가 존재하고 1인 디저트 세트도 있으니 혼자 가보는것도 추천!,2년 전
 별표 4개 ,인테리어대박 분위기 깡패 커피숍입니다!,2년 전
 별표 3개 ,,2년 전
 별표 2개 ,주차가 노노 골목이 좁아서 ㅜㅜ,2년 전
 별표 5개 ,,2년 전
 별표 5개 ,디저트 마시쪄,2년 전
 별표 5개 ,분위기 깡패,2년 전
 별표 3개 ,가성비...는없음...맛은잇음 케익비쌈,2년 전
 별표 5개 ,"(Google 번역 제공) a.c.t 스튜디오는 디저트 카페이며 내부가 매우 아늑합니다.
디저트는 매우 다양하고 예쁘게 보입니다. 맛이 좋습니다! 특히 얼 제리 케이크와 드립 커피는 맛있었습니다. 웨이터도 매우 친절했습니다!
커피는 영도와 잘 어울립니다.

(원문)
a.c.t studio is a dessert cafe.It's very cozy inside.
Desserts are very diverse and look pretty.It tastes good!Especially Earl Gery cake and Drip coffee were delicious.The waiter was also very friendly!
The coffee goes well with yeong-do island.",2년 전
 별표 4개 ,"(Google 번역 제공) e.c.t는 대평동에 위치한 카페입니다.
메인 메뉴는 2단 디저트 드링크 세트입니다.
가격은 39,900원입니다.
가격은 음식의 양에 비해 매우 비쌉니다.
그래도 카페 분위기는 너무 좋다.

(원문)
e.c.t is a cafe located in Daepyeong - dong.
The main menu is a two-tiered dessert drink set.
The price is 39,900 won.
The price is very expensive compared to the amount of food.
Still, the atmosphere of the cafe is very good.",2년 전
 별표 5개 ,좋아요!,2년 전
 별표 4개 ,라떼 아이스크림이 어느집보다 맛있다,2년 전
 별표 5개 ,영도의 아름다운 카페,2년 전
 별표 3개 ,그렇게 사람이 많지 않았는데도 화장실 휴지통이 넘쳐 날만큼 청소가 안됨...옛날공장을 개조한 곳이라 그런가 녹슨 쇠? 냄새기름?냄새 같은게 납니다.2층은 환풍이 되지않아 되게 꿉꿉하며 냄새가 나요.디저트도 가성비에 못 미치는듯 합니다.,2년 전
 별표 3개 ,인테리어가 예뻐요. 커피맛은 그냥그래요,2년 전
 별표 4개 ,"창고형,,카페 커피맛도 괜찮고,디저트도 맛있어요.
다만,,디저트가 좀 비싼게 흠...ㅋ",2년 전
 별표 3개 ,,2년 전
 별표 5개 ,,2년 전
 별표 5개 ,좋습니다ㅎㅎ 조용하구요,2년 전
 별표 5개 ,,2년 전
 별표 5개 ,카페 너무 예뻐요 굿굿,2년 전
 별표 5개 ,"인테리어 준수하고, 커피와 디저트 모두 맘에 들었습니다. 특히 얼그레이 케이크랑 드립 커피가 너무 좋았어요!",2년 전
 별표 4개 ,,2년 전
 별표 5개 ,,2년 전
 별표 5개 ,커피도 디저트도 최고에요,2년 전
 별표 4개 ,옛날 공장을 개조해서 만든 카페. 깡깡이예술촌에 어울리는 카페다. 소품 하나하나 눈길이 가게 꾸며놓은 곳. 음료맛은 물론이고 (라떼가 정말 고소하다. 누군가는 기름지다 느낄) 디저트까지 비주얼+맛 잡음. 부산여행 영도여행 왔을때 가볼만하다고 생각.,2년 전
 별표 5개 ,"완벽한 까페‥빈티지 풍 분위기, 맛, 기타 등등",2년 전
 별표 5개 ,여기됴아,2년 전
 별표 5개 ,,2년 전
 별표 5개 ,,2년 전
 별표 5개 ,,2년 전
 별표 5개 ,,2년 전
 별표 3개 ,쏘쏘. 비오는 날. 비가 천장 때리는 소리가 예술~~. 가성비는 별로,2년 전
 별표 5개 ,디저트 맛집 구경거리도 많고 인테리어 익스테리어 모두 특이해서 좋습니다,2년 전
 별표 4개 ,여기에서 커플 사진 찍으면 조녜롭게 나올 것 같다. 그래 난 커플이 아니라서 몰랐던 내용,2년 전
 별표 5개 ,"빈티지 가구와 소품을 좋아한다면.
물론 커피도 맛있습니다",2년 전
 별표 3개 ,오묘한 분위기입니다,2년 전
 별표 1개 ,블로거 사진과는 다름  비추천,2년 전
 별표 3개 ,,2년 전
 별표 4개 ,,2년 전
 별표 4개 ,,2년 전
 별표 1개 ,"여기 카운터 주문받는 여직원 불친절함
디저트종류가 많아서 무엇인지 물어보니까
질문이 귀찮다는 뤼앙스의 행동과
디저트 처음 먹어보세요? 라는 말을함
얼떨결에 밀페유랑 초코 이글루음료 구매해서먹었는데
초코는 우유에 초코찍은수준이고 밀페유는 간의 기별도 안가는사이즈에 감칠맛만 났고
그 직원이한 말때문에 속에선 천불이 나고
화장실도 더럽고 여러가지로 불쾌해서 그 직원이름 물어봐서 사장한테 컴플레인걸음
진주씨 이 글을 보고있을지 모르겠지만 그런식으로 행동하지 마세요.",2년 전
 별표 4개 ,디저트 구성도 좋고 분위기도 좋아서 만족 스러웠습니다.,2년 전
 별표 4개 ,이쁜카페였습니다.,2년 전
 별표 5개 ,분의기 좋고 사진 잘나오고 토스트 존맛탱이에욤 (노래도 취저),2년 전
 별표 5개 ,,2년 전
 별표 4개 ,"(Google 번역 제공) 딸기의 계절에갔습니다.
일일이 귀엽습니다. 앤티크 가구도 유행이다. 남포동 영도 대교 버스 정류장 ⑥ 버스에서 두 번째 정류장에서 내려 바닷가에 있습니다

(원문)
いちごの季節に行きました。
いちいち可愛いです。アンティーク家具もおしゃれです。南浦洞 影島大橋バス停⑥バスから２つ目のバス停で降りて海沿いにあります",2년 전
 별표 5개 ,,2년 전
 별표 5개 ,,2년 전
 별표 5개 ,,2년 전
 별표 2개 ,,2년 전
 별표 4개 ,여행객들이 가볼만한 장소. 밀크티는 추천할만함,2년 전
 별표 5개 ,시그니처 존맛탱,2년 전
 별표 3개 ,"공간은 너무 좋지만 직원은 좀 불친절하네요
그리고 테이블과 의자가 바닥에 고정되어있는데
거리가 멀어서 불편해요

디저트는 너무 맛있어요.
커피는 굉장히 비싸구요",2년 전
 별표 5개 ,"분위기 좋아요.
영도대교 올라가는 거 보고 오기 좋은 장소",2년 전
 별표 4개 ,,2년 전
 별표 4개 ,,2년 전
 별표 2개 ,구석탱이. 비쌈. 맛은 쏘쏘.,2년 전
 별표 3개 ,"의자가 불편해요.디저트는 예쁘지만 맛은 쏘쏘쏘소,주차하기 어렵습니다 인테리어는 인더스트리얼st좋아하시면 가보세요.그럼 20000.",2년 전
 별표 5개 ,옛날 서양의 가정집 같은 분위기가 나면서 분위기가 너무 좋았습니다. 인테리어가 전체적으로 고딕한 느낌이있으면서 데이트하기 좋은곳이었습니다!,2년 전
 별표 5개 ,"(Google 번역 제공) 신 나는이 카페를 좋아한다! 가구와 사랑에 관한 이야기 인 뷰티 인사이드를 생각 나게합니다 !!
우리가 원했던 디저트는 모두 매진되었지만 (운이 좋았습니다) 음료는 훌륭했습니다!
나는 바닐라와 관련된 무언가를 가지고 있는데 기억이 나지 않습니다.

(원문)
God I love this cafe! Reminds me of 뷰티 인사이드 which is a story about furniture and love!!
Though the desserts we wanted all sold out(lucky us) the beverage was terrific!
I had one called something related to vanilla, can’t remember but good!",2년 전
 별표 5개 ,"(Google 번역 제공) 철공소 흔적일까요 공장을 리노베이션 한 카페. 일반 건축과는 달리 천장이 굉장히 높은 것이 좋다. 그러나 무엇보다 배가 모임 철공소가 많이 애수 감도는이 지역을 도보 후이 당돌한 세련된 공간이 갭 혹은 조화가 훌륭하다고 생각했습니다. 부산에서 마스트 고 카페입니다. 남포동에서 걸어서 다리를 건너도 갈 수있는 거리입니다. (피곤 분은 택시 붙잡 으면 바로입니다.)

(원문)
鉄工所跡でしょうか、工場をリノベーションしたカフェ。普通の建築とは違って天井が凄く高いのがいい。しかし何よりも船が集まり鉄工所がたくさんある、哀愁漂うこのエリアを歩いた後の、この唐突なおしゃれ空間、このギャップ或いは調和が素晴らしいと思いました。釜山でマスト・ゴーなカフェの一つです。南浦洞から歩いて橋を渡っても行ける距離です。(疲れている方はタクシー捕まえればすぐです。)",2년 전
 별표 5개 ,,2년 전
 별표 4개 ,디저트가 맛있고 디자인도 괸찮네요.,2년 전
 별표 5개 ,,2년 전
 별표 3개 ,빈티지한 인테리어에 유럽가구를 볼수있는곳,2년 전
 별표 4개 ,,2년 전
 별표 5개 ,,2년 전
 별표 4개 ,,2년 전
 별표 5개 ,,2년 전
 별표 4개 ,재생건축 기름 냄새가 좀 나긴하지만 특색이 있어요,2년 전
 별표 3개 ,"가게 이쁜건 알겠지만,
멀리서 찾아갔는데 전체적으로 너무 비쌈.",2년 전
 별표 4개 ,선박 수리점들의 낯선 풍경을 지나 나타나는 공장 카페.  천장의 자연채광 꿀떨어짐,2년 전
 별표 5개 ,커피원두맛이 상당하고 디저트도 좋음 인테리어는 더좋음,2년 전
 별표 5개 ,"앤틱을 좋아하시는 분에게는 아주 추천해요! 주차장이 없어서 주차하기 힘들수도 있어요.
디저트 맛있어요.",2년 전
 별표 4개 ,"(Google 번역 제공) 빈티지 스타일의 독특한 카페. 또한, 그들은 빈티지 상품 및 가구를 판매합니다. 커피 한 잔을 먹을 수있는 특별한 장소를 찾으려면 방문 할 가치가 있습니다.

(원문)
Vintage style unique cafe. Also, they sell vintage merchandise & furniture. If you want find some special place to have a cup of coffee, worth to visit.",2년 전
 별표 3개 ,,2년 전
 별표 5개 ,"(Google 번역 제공) 이 카페에는 빈티지 가구가 장식되어 있습니다. 항구 지역에서 발견되는 멋진 장소. 음식은 나쁘지 않고 커피는 좋습니다.

(원문)
Vintage pieces of furniture decors this cafe. Lovely place found in a port area. Food is not bad and coffee is great.",2년 전
 별표 5개 ,"(Google 번역 제공) 항구 옆에있는 커피 숍, 아름다운 복고풍 스타일, 커피 디저트가 훌륭합니다. 방문 할 가치가 있습니다! 바다 옆에서 보트를 볼 수 있으며 운이 좋으면 귀여운 야생 고양이를 만날 수 있습니다.

(원문)
海港旁邊的咖啡店，很美的復古風格，咖啡甜點都很棒，值得來一趟！可以看海看船，運氣好還能遇到可愛野貓。",2년 전
 별표 1개 ,엔틱느낌 카페 는좋은데.. 맛이없다 카푸치노도 라떼도 밀푀유도 그닥 사진찍기만 좋다 위치도 별로,2년 전
 별표 5개 ,엔틱한 카페~~^^,2년 전
 별표 4개 ,,2년 전
 별표 3개 ,,2년 전
 별표 4개 ,음료가 맛있습니다. 가격은 좀 많이 비싸네요,2년 전
 별표 4개 ,,2년 전
 별표 4개 ,대체적으로 괜찮습니다.,2년 전
 별표 4개 ,,2년 전
 별표 4개 ,이색적인곳  흐름함이 주는 편안함,2년 전
 별표 1개 ,커피 맛 최악,2년 전
 별표 5개 ,"철물소를 개조한듯 보이는데 실내는 굉장히 모던하고 분위기 좋네요.
바닷가라는 이점도 보는듯합니다",3년 전
 별표 4개 ,"외관과 분위기는 독특하고 좋았는데 음료와 디저트 맛은 그닥? 이었습니다.

디저트를 좀 기대하고 갔는데 먹고 싶었던게 다 품절되서 다른걸 먹었긴한데 그래도 조금 부족한 느낌이긴 했었습니다.",3년 전
 별표 5개 ,"생각외로 커피도 맛있고 디저트도 맛있었어요
듣기로 사장님께서 프랑스에서 유학하셧다고 ~~
엔틱한 분위기도 좋았습니다
빈티지 물건들도 전시뿐만 아닌 판매도 하구요
저는 빈티지 키링하나 득템해 갑니다",3년 전
 별표 3개 ,"아아 뜨아 아포가토 레몬티 시키고 27000원...ㅋㅋ빵 세개 시켰는데 돈 오마넌 가까이 나옴ㅋㅋㅋㅋㅠㅠ
인테리어 세련되고 멋진것 보다 엔틱합니다.
가운데 저 테이블 의자는파는거라 못 앉음",3년 전
 별표 4개 ,갬성 커피 맛집,3년 전
 별표 3개 ,엔틱한데 글쎄,3년 전
 별표 5개 ,,3년 전
 별표 4개 ,,3년 전
 별표 5개 ,,3년 전
 별표 3개 ,그냥 그래요.사진찍으러 많이 오시는데 포토존인거도 모르겠고 식음료는 맛에 비해 기대 이하이며 가격은 비싼편.,3년 전
 별표 5개 ,,3년 전
 별표 5개 ,"매력적인 곳입니다
커피도 너무 맛있네요",3년 전
 별표 4개 ,에끌레어도 정말 맛있는데 공간이 좀 협소한 편 3명이서만 가도 앉을데가 마땅치않다 두명이서 가면 괜찮을듯!,3년 전
 별표 4개 ,,3년 전
 별표 4개 ,공장건물을 카페로사용 이층은 정말 독특함 여자 침실을 컨셉으로함,3년 전
 별표 5개 ,,3년 전
 별표 5개 ,,3년 전
 별표 4개 ,"(Google 번역 제공) 잘 리모델링 된 오래된 작은 공장의 우수 사례
맛있는 커피, 음료 및 디저트
초콜렛이 얹은 커피는 커피 자체가 즐거웠습니다.
사람들의 숫자와 같은 수량을 주문해야한다 또한 나쁜 점도 가격이 심각하게 충분히 높습니다

(원문)
Excellent example of well remodeled old small factory
Good taste coffee, beverages and desserts
Chocolate topped croissant with coffee was pleasant itself
Have to order the same quantities with the numbers of people is bad point also the price is severely high enough",3년 전
 별표 4개 ,디저트가 이쁜......,3년 전
 별표 5개 ,,3년 전
 별표 5개 ,"에쎄떼
a.c.t studio

특이한 디자인이다
영도초입 정도
남포동과
광복 롯데가 보이는 뷰의 카페다
2층으로 되어있고
개인이라 그런지
오래까지 하진 않는다

안에 디자인이 굉장이 앤틱?
고전미 있는 느낌
수집광의
호더호더한 분위기를 풍긴다
디저트와 같이 파는듯 하지만
너무 배불러 음료만 먹었다
음료자체는 뭐 딱히 월등한 맛이다 하기 어렵지만
1층의 의자덕후 의자의자와
손님 앉으라기보단
내 물건 장식하기위한 테이블들을 구경할 수 있고
2층은 방처럼 꾸민 공간에서
바다뷰를 보며 먹을 수 있다
전체적으러 분위기가
압살하니
갬성용으로 가볼만 한 곳이다",3년 전
 별표 4개 ,,3년 전
 별표 4개 ,엔틱한 분위기가 좋았어요~ 2층에 사진찍기도 좋았어요 ㅎㅎ,3년 전
 별표 4개 ,"디저트류가 괜찮고 커피도 괜찮았음
주변 주차장 1시간 무료",3년 전
 별표 5개 ,,3년 전
 별표 5개 ,,3년 전
 별표 5개 ,분위기 특이하고 바라가 많이 안달고 찐함  맛있어요^^,3년 전
 별표 4개 ,"엔틱한 카페 좋아하시는분들에게는 추천
디저트가 맛잇어요",3년 전
 별표 4개 ,,3년 전
 별표 5개 ,"(Google 번역 제공) 특별 디저트 가게

(원문)
特別的一間甜點店",3년 전
 별표 1개 ,커피가 맛이없어..  예쁜쓰레기,3년 전
 별표 5개 ,커피랑 쥬스도 케익도 맛있다. 커피맛은 정말 최고임. 깡깡이 마을의 주옥같은 장소다. 2층에서는 영도대교를 볼 수도 있다. 인테리어 소품들이 아기자기하고 재미있다. 장소도 넓고 자리도 많아서 여유있게 자리를 잡고 쉴 수 있다.,3년 전
 별표 5개 ,,3년 전
 별표 3개 ,"깡깡이 마을에 있는까페. 의자가 좀 불편했어요.
그래도 옛스런 느낌. 2층에서 보는 뷰도 괜찮은듯.",3년 전
 별표 5개 ,남항 명소. 폐공장 리모델링 카페,3년 전
 별표 4개 ,,3년 전
 별표 4개 ,,3년 전
 별표 4개 ,"빵은 크기가 작고 비싸나 단맛이 없고 맛있다. .커피도 드립이 고소+산미가 좋고, 라떼도 고소하다 물먹는  종이컵도 예쁘다. .공장 리모델링한 공간에 소품이 진열되어 이색적이고 항구가 창너머로 보이는 유니크함이 있다. 주차도 용이...",3년 전
 별표 5개 ,분위기가 너무 좋네요,3년 전
 별표 5개 ,"오랜만에 인생카페 한곳 찾았네요
커피도 디저트류도 매장도 너무너무 좋아용
특히 크림종류에 디저트가 기가맥힘",3년 전
 별표 4개 ,디저트 굿,3년 전
 별표 4개 ,분위기가 좋음,3년 전
 별표 5개 ,"부산 영도카페 에쎄떼 폐공장을 리모델링한 카페로
맛있는 음료와 베이커리가 유명하고, 곳곳의 포토존들이 있다
Dessert Set - 2단 디저트 단품, 음료 2장포함 2단 디저트 셋트 (착즙쥬스, 아포가토 제외 모든 음료 가능)
Brunch - 에쎄떼 프렌치 토스트, 크루아상 샌드위치
Dessert - 과일 타르트, 바닐라 타르트, 코코넛 파인무스, 라즈베리 요거트 무스, 체리 포레누아, 치즈 케이크, 밀푀유, 몽블랑, 당근 케이크, 뺑오 쇼콜라, 초코 크루아상, 크루아상
Coffee - 에쎄떼 드립 커피, 에스프레소, 아포가토, 아메리카노, 더치아메리카노, 플랫화이트, 카페라떼, 바닐라라떼, 에쎄떼라떼
Non Coffee - 100%착즙하우스쥬스, 수제로열밀크티, 에쎄떼밀크베리, 유기농오미자티, 자몽티, 레몬티, 자몽에이드, 레몬에이드, 패션프루트에이드, 말차라떼, 초코라떼, 로네펠트티",3년 전
 별표 5개 ,디저트 맛집,3년 전
 별표 3개 ,커피가 맛있더라구요. 좋았습니다. 인테리어가 참 특이했고 2층의 뷰가 좋아서 시간여유두고 머물기 참 좋아보입니다. 외진곳에 있어서 가는길에 젊은 사람을 목격한다면 열에 아홉은 이 가게에 가고있거나 갔다가 돌아나오는 거라고 봐도 무방할 정도로 젊은 사람들에게 인기 있는 장소입니다.,3년 전
 별표 5개 ,,3년 전
 별표 4개 ,"인더스트리얼에 엔틱함이 더해진 분위기의 까페에요 멋진듯하면서 뭔가가 약간 아쉬운듯(?) 외진항구에 위치해있어서 까페들어서까지 좀 망설여지기도 했구요(항구풍경이 익숙치 않은 분은 이색적이라 좋을수도 있을것 같아요)
근데 커피랑 디저트가 맛있어서 이런 애매한 느낌이 싹 사라졌네요 영도에 유명한 까페 몇곳과 비교했을때 커피맛이 젤 괜찮아요~ 나쁘지않네요",3년 전
 별표 5개 ,,3년 전
 별표 4개 ,부산 영도에 있는 분위기 있는 카페! 폐공장을 개조하여 분위기 있는 카페로 변신했네요. 부두가 앞이라 그런지 앞에 배들이 많고 바다가 있습니다. 일단 베이커리도 종류가 많아서 먹을만한게 많습니다. 직접구워서 향긋한 커피향과 베이커리향이 풍겨져 냄새가 좋더군요. 스냅샷찍기 아주 좋은 장소인거 같습니다. 매장은 1층과 2층 이렇게 되어있는데 1층도 아주 넓고 많은 사람들을 수용이 가능합니다. 2층은  소규모 단체손님등이 이용할수있을정도에요. 커피도 맛있고 빵도 맛있지만 베이커리가 좀더 맛이 있더군요,3년 전
