rating,review,duration
 별표 5개 ,"와우
나도 인스타** 맛집 탐방
맛있어요 진짜",4일 전
 별표 4개 ,"에스프레소 바에 대해 알고 가면 좋은 곳 모르고 가면 이런 곳이구나 할수 있습니다. 협소한 공간이라 커피향이 매우 진합니다.
저는 오네로소 마셔봤는데 옛날 자판기 커피 맛이 나길래 ""?"" 이랬습니다. 근데 크림 우유 들어가서 원두향미가 희석되어 그 익숙한 느낌이 맞다고는 하네요. (백원짜리 몇개로 마시던 옛날 자판기 커피는 지금이랑 맛이 다릅니다.)다음에 다시 들려서 수정해보겠습니다. 카페 피에노가 카카오 향과 커피향이 조화롭게 섞여 추천드립니다.",4일 전
 별표 5개 ,"주차공간빼고 다 좋음.
가본이 2잔.",1주 전
 별표 3개 ,,1주 전
 별표 5개 ,"에스프레소가 정말 맛있습니다.
에스프레소는 샷에 설탕을 넣어서 나오고요, 꼼빠냐는 크림이 쫀득하고 부드러워요. 매장은 크지 않고, 주문 후 영수증 놓으면 그자리로 가져다 주셔서 서서 마시게 되어있어요. 오전 일찍 말고는 사람들이 많아서 좀 기다려야 합니다.",3주 전
 별표 5개 ,2000원의 행복,3주 전
 별표 4개 ,"서서커피이고 사람이 너무 많지만 맛있어서 또 갈것 같다
에스프레소 초보는 아포가토 괜찮음",1달 전
 별표 5개 ,"약수동에 위치한 리사르, 훌륭한 에스프레소를 제공하는 곳. 지나가다 한두 잔 들이키기 딱 좋다. 오래 머무르거나 이야기 나눌 환경은 아니지만 너무 맛있기 때문에 그런 건 중요하지 않다.",1달 전
 별표 4개 ,,1달 전
 별표 5개 ,"한국에서는 보기 드문 스탠딩 에스프레소 바입니다
진하고 맛난 다양한 에스프레소를 맛볼수 있어요",1달 전
 별표 5개 ,,1달 전
 별표 5개 ,,1달 전
 별표 4개 ,,1달 전
 별표 5개 ,가성비와 맛이 훌륭한곳,1달 전
 별표 4개 ,,2달 전
 별표 4개 ,"가격 대비 맛있어요
약간  깊은 맛이 있습니다..",2달 전
 별표 5개 ,,2달 전
 별표 4개 ,"(Google 번역 제공) 장사가 너무 좋아서 일찍 문을 닫네요 ㅋㅋㅋㅋ 여기까지 왔지만 열리지 않았지만 다시 돌아올 것입니다

(원문)
Business is so good they close so early haha. Came all the way here but it wasn’t open but will be back again",2달 전
 별표 5개 ,"훌륭한 원두...합리적 가격.
거지같은 주차와 골목안에 숨어잇는 불편함
의자따위 없는 카페
카페인 섭취하고 바로 나와야한다는...
현대에서 카페의 목적과는 안맞는것",2달 전
 별표 5개 ,"수식어가 필요 없는 커피, 황홀한 맛",2달 전
 별표 4개 ,"에스프레소 맛을 제대로 알게 해 준 곳이예요. 자꾸 찾게 되는 곳, 다른 곳 커피는 안 마시게 되는 곳 ! 집 근처면
매일 아침마다 들려 마시는 행복을 느끼고
싶어요.",2달 전
 별표 5개 ,일단 이탈리아 남부식 커피 아닙니까ㅋ,3달 전
 별표 4개 ,커피 맛이 정말 좋아요,3달 전
 별표 4개 ,커피맛있음 여름이라 시원한게 땡겨서 아포카토먹으려다 생크림올라간거 먹음,3달 전
 별표 5개 ,"자전거 라이딩 후 동호회원과 가봤는데
정말 맛도 좋고 깔끔했습니다.",3달 전
 별표 3개 ,가성비로는 좋아요. 그런데 명성에 비해서 커피맛은 평범했어요,3달 전
 별표 5개 ,"에스프레소는 쓰다고만 생각했는데, 부드러워요. 가격도 합리적이어서 자주 들를 것 같아요",3달 전
 별표 5개 ,,3달 전
 별표 5개 ,예전부터 가던 곳입니다. 커피맛있어요. 가성비는 더 좋죠.,3달 전
 별표 5개 ,가격도 괜찮고 맛도 좋음. 나중에 청담도 가봐야지.,3달 전
 별표 5개 ,,3달 전
 별표 5개 ,"항상
최고입니다",3달 전
 별표 5개 ,,4달 전
 별표 5개 ,,4달 전
 별표 5개 ,에스프레소를 많이 마셔보진 않았지만 단연 한국에선 최고의 맛의 에스프레소 맛집인것 같다.,4달 전
 별표 5개 ,약수시장골목 로컬 맛집:),4달 전
 별표 5개 ,직원분들 친절하시고 커피도 맛있습니다.,4달 전
 별표 5개 ,,4달 전
 별표 4개 ,다양한 에스프레소 커피를 즐기는 색다른 방법,5달 전
 별표 3개 ,"최근 명동점이 생겼고 명동점이 맛은 괜찮았다,
괜찮았다 정도가 아니라 새로운 메뉴에도 손이 많이 갔다,
그러나 여긴 뭔가 조금 달라졌다,
약수에서 명동으로 명동에서 약수까지 다시 돌아왔지만 조금 달라졌다,
느낌이면 좋겠지만 아직은 잘 모르겠다,
내겐 약수도 멀고 명동도 멀지만 약수를 다시 갈지는 의문이다,
커피를 내리는 방식에 관해 얘기해봤지만 기존의 놀라운 맛을 내주는 방식에 대한 의문은 끝이 없다,
애초에 커피에 대해 깊이 모르는 사람이 말하는게 무슨 의미가 있겠냐만은,
비싸지 않은 가격의 에스프레소를 맛볼 수 있는데 굳이 라는 생각도 들겠지만,
그 차이가 크다,
커피를 먹고 놀라운 맛이다라는걸 느꼈었는데 못내 아쉬움을 감출수가 없었다,",5달 전
 별표 5개 ,"좋아하는 메뉴 : 피에노, 오네르쏘

비추메뉴 : 슬러쉬류

보통 가면 두세잔은 기본으로 마신다. 식후커피로는 넘버원 아닐까",5달 전
 별표 5개 ,,5달 전
 별표 5개 ,스탠딩 에스프레소바는 처음인데 강추입니다. 약수본점은 마감이 빨라요,5달 전
 별표 5개 ,,6달 전
 별표 5개 ,맛있는 에스프레소바,6달 전
 별표 5개 ,맛으로 승부,6달 전
 별표 5개 ,"(Google 번역 제공) 친절한 직원과 매우 맛있는 에스프레소. 설탕을 원하지 않으면 그들에게 말해야 합니다.

(원문)
Friendly staff and extremely delicious espresso. If you don't want sugar, you need to tell them.",6달 전
 별표 5개 ,"에스프레소, 콘판나, 피에노 순서대로 한 잔씩 마시고 갑니다. 맛있어요!!",6달 전
 별표 5개 ,"최고의 커피!

무슨 다른 설명이 필요없어요",6달 전
 별표 5개 ,집앞이라 넘 행복해요. 리세권,6달 전
 별표 3개 ,,6달 전
 별표 3개 ,,6달 전
 별표 5개 ,,6달 전
 별표 5개 ,,7달 전
 별표 5개 ,,7달 전
 별표 5개 ,"너무 맛있는 에스프레소, 요즘 에스프레소 바에 빠져있는데 이 붐의 시작이라고도 할 수 있는 리사르~ 넘 좋았어요
오손도손 앉아 느긋하게 마실 수 있는 카페는 아니지만, 이탈리아 여행 때 봤던 에스프레소 바처럼, 서서 후다닥 한잔씩 마시고 갈 수 있는 곳이에요~ 입구에서부터 커피향이~ 너무 좋았는데 마셔보고 더 좋아졌어요. 에스프레소가 이렇게 맛있었다니! 늘 아메리카노만 마셨는데, 이제는 에스프레소 맛도 알아가 보려구요. 콘 판나도 맛있었고 피에노도 맛있었어요. 오리지널 에스프레소에는 설탕을 넣어주시는데 넘 맛있어요… 각 두잔씩 마시고 나왔는데 한잔 더 마실 걸 그랬어요.

주차는 어려운 편이에요. 상가 앞에 자리있으면 가능하지만 입주민 차량들로 인해, 거의 없고 길이 골목이라 상당이 좁아요. 저희는 근처 공용주차장에 주차하고 5분 정도 걸어왔어요 ~",7달 전
 별표 5개 ,"에스프레소 맛집 리사르 커피!

이탈리아에서 사먹던 그 갬성이 느껴지네요!
에스프레소 종류도 다양하고 맛도 괜찮습니다!

다만 장소가 조금 협소하여 줄을 서서 기다리다가 이탈리아 사람들처럼 홀짝 마시고 바로 나가야 합니다!

일반 커피숍 갬성을 원하시면 다른 곳을 추천드립니다!

주차는 4대 정도 주차할 수 있는 공간이 존재하는데 매우 협소합니다. 참고하세요!",7달 전
 별표 5개 ,에스프레소와 티라미수의 절묘한 만남!,7달 전
 별표 5개 ,진짜 맛나욥!,7달 전
 별표 4개 ,그동안 내가 먹은 에스프레소는 탄맛이었구나..,7달 전
 별표 5개 ,"(Google 번역 제공) 작은 장소, 서서 마시는 에스프레소 애호가를 위한

(원문)
مكان صغير ، تشرب وانت واقف ، لمحبي الاسبريسو",7달 전
 별표 3개 ,왕십리 쪽에 있을때와는 달리 초심을 잃은듯. 커피는 맛있으나 에스프레소 콘파냐 크림을 실온에 보관해 크림이 죽처럼 제공. 다시 가고 싶지 않다.,7달 전
 별표 5개 ,"단언코 조선 최고의 에스프레소를 맛볼 수 있는 곳입니다
주차 안되니 대중교통 또는 인근 공영주차장 이용!",7달 전
 별표 5개 ,"맛이 꾸준하다

줄이 있으면 급한데

오늘은 완전여유있는 월요일 오후2시",7달 전
 별표 5개 ,,7달 전
 별표 5개 ,"커피탄 맛 없고 커피 비린내가 없는 최고의 에스프레소를 파는 곳

이탈리아 로마의 3대 커피하우스 타짜도르와 견줄만한 한국에너 찾아보기 힘든 놀라운 맛",7달 전
 별표 5개 ,"(Google 번역 제공) 커피맛이 아주 좋습니다

(원문)
The coffee tastes very good",7달 전
 별표 3개 ,,7달 전
 별표 2개 ,"커피 한 잔이 너무 작은 것
서서 먹어야 한다는 점
커피는 설탕없이 마시면 제맛이 나는 것이
특징인 작은 커피하우스",8달 전
 별표 5개 ,매장이 조금 좁고 협소하지만 맛은 좋았습니다 회전율도 빠르구요 !! 사람이 없을때가서 더 즐겁게 마시고 왔어요 ~,8달 전
 별표 5개 ,,8달 전
 별표 4개 ,남알바가 잘생김,8달 전
 별표 5개 ,,8달 전
 별표 5개 ,에스프레소 바입니다.정말 서서 커피만 마시는.가격도 싸고.항상 기다려야하는것이 번거롭지만,8달 전
 별표 5개 ,"고품질의 에스프레소를 착한가격에 제공하는 스탠딩 바 입니다 서울의 약수시장 골목 안쪽에 위치해 있어요 평일 오후1시쯤 방문했는데 대기없이 들어갈수 있었어요
에스프레소의 향도 좋고, 궁극의 부드러운 맛이 잊혀지지않는 곳입니다
'에소프레소는 쓰기만하다' 라는 선입견을 바꿔준 곳이네요
테이블없이 스탠딩 바에 기대서서 잠시나마 여유를 갖고 에스프레소를 즐기는 방식이 오래전 이탈리아와 스페인 여행을 떠올리게 해서 즐거웠어요",8달 전
 별표 5개 ,,8달 전
 별표 5개 ,비쌀줄 알았는데 2~3천원으로 마실 수 있어서 놀랐음. 흔히 생각하는 에스프레소보다는 연해서 마시기 편함.,8달 전
 별표 4개 ,늘 사람이 많다. 하지만 리사르의 에스프레소와 오네로소를 이길 타 커피지점을 찾지 못했다.,8달 전
 별표 5개 ,"(Google 번역 제공) 정통 이탈리안 에스프레소 바 경험과 맛. 내가 서울에 살았다면 그냥 이 동네에 살았을텐데 그냥 여기서 매일 커피를 경험할 수 있었을 텐데.

(원문)
Authentic Italian espresso bar experience and taste. If I lived in Seoul, I might just live in this neighborhood just so I could have that daily coffee experience here.",8달 전
 별표 1개 ,맛도 써비스도 별로.커피줄생각이 없너요,8달 전
 별표 4개 ,,9달 전
 별표 4개 ,,9달 전
 별표 2개 ,,9달 전
 별표 5개 ,커피향과 맛은 좋은듯 근데 스탠딩으로 홀짝 먹고가는 컨셉이라 살짝 아쉽.그래도 나름의 컨셉은 있는거라 뭐~ 회전률은 빠른편 빌라밖에 없을거같은 곳에 덩그러니 있음 주차골목은 좀 좁은편 공간이 영 아쉬워서 그냥 근처 아파트에 세우고 갔었음.,9달 전
 별표 5개 ,"에스프레소의 신세계
세상에 대한민국에서 에스프레소 전문점이라니
게다가 수준까지 높다니!",9달 전
 별표 4개 ,한참을걸려 걸어갔던곳... 에스프레소는 맛있었던.,10달 전
 별표 5개 ,오랜만에 커피맛을 느낄수있는 카페,10달 전
 별표 5개 ,,10달 전
 별표 5개 ,"좋아요~^^
에스프레소는 취향이 아니었는데
풍미도 좋고 생각을 바뀌주네요",10달 전
 별표 3개 ,가격이 좋아 근처에 있으면 갈만한 곳이지만 찾아갈 만한곳은 아니다. 그냥 근처 카페에 가도 된다..,10달 전
 별표 5개 ,자리는 없고 호로록 마시고 나왔습니다!,10달 전
 별표 5개 ,,10달 전
 별표 4개 ,커피 맛있습니다,10달 전
 별표 5개 ,,10달 전
 별표 5개 ,,10달 전
 별표 5개 ,에스프레소 짱 맛있어요~ 👍👍👍,10달 전
 별표 5개 ,커피향이진짜 너무 좋아요. 커피가 이렇게 맛있다니ㅜ 매일 아침 편하게 마시러 가고싶어요.. (너무 멀어서 아쉽네요ㅠ) 친절하고 맛있고 👍🏻 또 갈게요,10달 전
 별표 5개 ,여기커피 먹기시작하면 다른커피는 못먹어여,10달 전
 별표 5개 ,,10달 전
 별표 4개 ,,11달 전
 별표 5개 ,에스프레소의 참맛을 배우고 왔습니다 너무 맛있음ㅠ,11달 전
 별표 5개 ,,11달 전
 별표 5개 ,,11달 전
 별표 5개 ,,11달 전
 별표 5개 ,에스프레소의 인식을 바꿔준 가게입니다,11달 전
 별표 5개 ,달콤,11달 전
 별표 4개 ,샵이  작아서 앉아서 먹을데가 없지만 커피맛은진짜 좋음요  ^^,11달 전
 별표 5개 ,스탠딩 에스프레소 전문 카페,11달 전
 별표 5개 ,,1년 전
 별표 5개 ,,1년 전
 별표 1개 ,"별로 입니다.
맛도 변했고요",1년 전
 별표 4개 ,😋자주 찾고 싶은곳,1년 전
 별표 4개 ,,1년 전
 별표 3개 ,,1년 전
 별표 5개 ,정말정말 맛있는 에스프레소,1년 전
 별표 5개 ,"약수역 7번출구에서 3분거리에 있어서 청담점과 고민하다가 대중교통으로는 이곳이 더 좋을꺼 같아서 다녀왔습니다
에스프레소, 카페 피에노 , 카페 오네로소 이렇게 3잔 마시고 나왔습니다 커피를 정말 좋아하시는 분들에게는 꼭 방문해 보시라고 하고싶네요",1년 전
 별표 5개 ,"앉을 자리도 거의 없는 스탠딩 에스프레소바.
Lovely. So lovely.
집앞에 있다면 매일 몇 번이라도 갈 의향 있음.",1년 전
 별표 5개 ,최고의 에스프에소 하나의 단점은 운영시간,1년 전
 별표 4개 ,,1년 전
 별표 5개 ,커피가 달라봐야 얼마나 다르겠어 라고 생각했던 편견을 박살 내주는 집. 평일 밖에 운영 안해서 너무 아쉬워요... 😭,1년 전
 별표 5개 ,맛있다,1년 전
 별표 4개 ,에스프레소는 여기!,1년 전
 별표 5개 ,진한 에스프레소가 아주 굿~!!!,1년 전
 별표 5개 ,한번도 안가본 사람은 있어도 한번만 가는 사람은 없지요. ㅎ.ㅎ,1년 전
 별표 5개 ,,1년 전
 별표 5개 ,"이런 커피숖도 있구나 느끼게해준. 에스프레소만으로도 충분히
매력이 넘치는 곳.",1년 전
 별표 5개 ,"자칫 옆사람들 따라서 여러잔 시키면 그날 못 주무십니다. 하지만 참 즐거운 경험, 맛있는 에스프레소 였습니다.",1년 전
 별표 5개 ,,1년 전
 별표 5개 ,"(Google 번역 제공) 맛있는

(원문)
delicious",1년 전
 별표 5개 ,,1년 전
 별표 5개 ,최고의 에스프레소 커피...한국에서 맛볼수있는 최고의맛,1년 전
 별표 5개 ,최고에요. 이탈리아에서 먹는 에스프레소 감성과 느낌이에요.,1년 전
 별표 5개 ,독특한 경험을 했다. 에스프레소는 쓰다!라는게 편견이라는걸 깨닫게 만든 곳 피에노랑 계절메뉴인 그라니따는 꼭 드셔보세요 자주 갈듯,1년 전
 별표 5개 ,"에스프레소 한잔 빠르게 마실 수 있는 곳. 풍미가 아주 좋아요. 처음이라 기본 에스프레소 한잔만 마셨는데, 다음에는 우유 섞인 것도 마셔보고싶어요!",1년 전
 별표 5개 ,,1년 전
 별표 5개 ,맛있다! 매장 오픈 시간이 짧은게 아쉬움,1년 전
 별표 5개 ,,1년 전
 별표 3개 ,,1년 전
 별표 5개 ,한국에서 이렇게 오리지널 에스프레소바를 만나게 되다니 그 자체만으로 영광스럽고 감격이다,1년 전
 별표 4개 ,마치 이태리같은 곳!,1년 전
 별표 5개 ,리사르 커피는 사랑입니다♡,1년 전
 별표 5개 ,,1년 전
 별표 5개 ,오메 맨날가야지,1년 전
 별표 5개 ,난 이곳커피는 예술이라 생각합니다~~,1년 전
 별표 5개 ,,1년 전
 별표 5개 ,에스프레소 존맛...근처로 이사가고 싶은맛,1년 전
 별표 4개 ,,1년 전
 별표 5개 ,맛있어요,1년 전
 별표 5개 ,맛있는 에스프레소,1년 전
 별표 5개 ,"에스프레소바 종류별로 2~3잔 마시면 좋아요.
맛에 부담없는 메뉴도 있어서 크리미하게 마실수 있습니다.
워낙 유명한 곳이라~~ 역시!!",1년 전
 별표 5개 ,에스프레소를 사랑하는 사람들을 위한 사랑스러운 곳~~ 에스프레소의 다양한 블렌딩의 즐거움을 맛볼수 있어요.,1년 전
 별표 5개 ,제일 자주가는 약수점입니다. 커피를 좋아하시는분이라면 꼭 방문하세요!,1년 전
 별표 5개 ,말이 필요없음. 엑설런트! 성동군 약수동 이태리 감성 ㅎ,1년 전
 별표 5개 ,"리사르커피로 에스프레소 입문한 사람이예요~^^ 맛 훌륭하고 밸런스좋아서 자주 가고 싶은데,, 늘 손님이 많아서 몇번은 성공하고 몇번은 되돌아와요. 그래도 그럴만한 가치가 있는 맛이라 자주 가보게됩니다  👍",1년 전
 별표 5개 ,너무 좋아요,1년 전
 별표 5개 ,좋아요,1년 전
 별표 5개 ,,1년 전
 별표 3개 ,한 잔이 정량,1년 전
 별표 5개 ,진짜 맛있어요. 누구든지 데리고 가고 싶어요.,1년 전
 별표 5개 ,한국최고의 에스프레소,1년 전
 별표 4개 ,스탠딩 테이블에서 맛보는 에스프레소...주변에 주차가 힘드니 참조하세요,1년 전
 별표 4개 ,,1년 전
 별표 5개 ,,1년 전
 별표 5개 ,"리얼 에스프레소를 찾는다면 이곳만큼 추천할곳 별로 없어요.
오로지 커피만을 위한 곳!
장단점 ㅡ 좌석이 없는거~~",1년 전
 별표 1개 ,"불친절하구 불친절하구 불친절하구 ....,,",1년 전
 별표 4개 ,에스프레소 바이다보니 라테나 아메 없어요ㅎ근데 진짜 찐하고 달짜근하니 넘 맛탱이! 주위가면 들려보세요,1년 전
 별표 5개 ,정말 합리적인 가격 아니 그보다 경제적인 가격으로 훌륭한 커피를 빠르게 즐길 수 있는 장소. 기다림은 길지만 입장하면 빠르게 마시고 나올 수 있다. 건물에 무료 주차가 가능하나 자리가 많은 편은 아니다.,1년 전
 별표 5개 ,,1년 전
 별표 2개 ,,1년 전
 별표 5개 ,"리사르커피 약수동~ 에스프레소바 ~
이태리를 가보지 않았지맘 말로만듣던 스탠딩바...
에스프레소 취향대로~ 콘판나 오네로소 아주 취향저격~
오전7시에 오픈하는데도 사람많구나~역쉬 커피매니아들은 좋아하겠구나 다들 몇잔씩 마시네~ 아메리카노만 마시던 나에게 센세이션~ 강츄~ 가볼만한곳  청담점도있다고 하니 강츄~",1년 전
 별표 4개 ,날마다 때마다 커피 맛이 다름,1년 전
 별표 4개 ,,1년 전
 별표 5개 ,짧고 굵직한 맛을 볼 수 있는 곳!!!,1년 전
 별표 4개 ,"리사르 커피 본점
이탈리아 스타일의 스탠딩 에스프레소 전문 바
좌석 없이 서서 에스프레소를 가볍게 마실 수 있는 곳
그렇다고 맛이 가볍지 않다
맛은 굿굿
카페 에스프레소, 카페 스트라파짜토
에스프레소도 좋고 스트라파짜토의 크레마와 카카오 토핑의 조화도 굿굿
에스프레소는 당연히 진하고 강한 맛을 즐긴다고 생각해서 설탕을 추가해서 마셔본 적이 없었는데 추천해주신대로 설탕을 조금 넣어 저어서 마셔보니 이것도 신세계였다
리사르커피 청담에 가면 아포가토 같은 아이스크림과 같이 나오는 메뉴도 있다고 한다
여튼 에스프레소 맛집 인정!!
Leesar coffee in sindang-dong.
Italian style standing bar specializes in espresso.
Cafe espresso and cafe strapazzato was great.
Harmony of crema and kakao topping was new experience for me.
#에스프레소 #리사르커피 #카카오 #신당 #신당동 #약수 #약수역 #카페 #카페투어
#espresso #leesarcoffee #kakao #sindang #yaksu #cafe #cafetour",1년 전
 별표 5개 ,,1년 전
 별표 5개 ,"스탠딩으로 제대로 맛있는 에스프레소를 맛볼 수 있는, 커피 좋아하시는 분들 혹은 이탈리아 여행의 추억을 그리워 하는 분들에게 강력하게 추천드림니다. 에스프레소 한잔 마시러 갔다가 두잔 마시게 되는 곳. 게다가 가격까지 착해서 더더 좋습니다!",1년 전
 별표 5개 ,"약수본점 기준입니다.
월~금 7시-10시,  12시-15시 (토, 일, 공휴일 휴점)
최근 한달사이에 바뀐 스케줄이니 꼭 참고하셔야해요.
오픈 및 마감시간은 정확히 지키는 곳이니 빠듯하게 가시면 그냥 돌아올 가능성 100%입니다.

에스프레소바의 특성상 앉아서 마실 수 있는 공간이 없습니다.

주문에서 마시는 행동까지 대기없다는 기준으로 10분 안쪽으로 소요되기 때문에 4~5잔을 마시는 것이 아니라면 사진 찍고 마시고도 충분히 여유롭습니다.

직원들 친절하고 위생관념 철저합니다.

처음 가시는 분들이라면 위치부터가 생소할 수 있는데 골목으로 50m를 들어와서 또 그 사이 골목 30m정도를 들어와야하는 터라 '여기가 맞어?' 하실 수 있는데 딱 그런 곳에 존재합니다.

처음 가신 분들이라면 메뉴판을 달라고 하시고 주문하시면 되는데 사람 없을때는 맘껏 시켜도 좋지만, 바쁠 땐 1잔만 시키게 되더라구요.

일단 저는 전 메뉴가 맘에 들기 때문에 특별히 추천기 힘들긴 하지만, 원두 자체 로스팅 향도 좋기 때문에 기본적으로 에스프레소는 드시고 시작하는 걸 추천합니다.

설탕을 싫어하시는 분은 설탕은 빼고 달라하시면 됩니다.

즐겁게 커피를 즐기세요.",1년 전
 별표 4개 ,분위기있게 에스프레소 한잔. 청담점 보다 더 맛있어요! 앉을 수 없다는게 아쉬울뿐...,1년 전
 별표 5개 ,"호로록 커피 마시고 지나가기 좋아요.
휴일이 자주 바뀌는 느낌이고 브레이크타임이 있으니 주의하세요.",1년 전
 별표 4개 ,싸고 맛있는   커피집,1년 전
 별표 5개 ,"남부이탈리아 여행의 추억을 새로운 장소에서.
스트라파짜토에 페이스트리, 이건 못 참지! 하면서 어제 방문했습니다.
스폴리아텔레는 당분간 안하시는 걸 모르고 방문해서 너무나 아쉬웠습니다.
커피는  즐겁게 마셨습니다😎",1년 전
 별표 5개 ,"비추천: 원두커피는 다 똑같은 맛이라고 느끼시는 분
추천: 원두커피 좋아하는데 에스프레소는 싫어하시는 분
추천: 모든 커피 좋아하시는 분",1년 전
 별표 3개 ,영업시간이 아니라 ㅜ ㅜ,1년 전
 별표 5개 ,"에스프레소 바입니다. 좌석은 없이 스탠딩입니다.
원두도 판매하고 있습니다.
평일 7ㅡ10시, 12ㅡ15시만 오픈하구요.
청담동은 토요일도 합니다.
에스프레소 입문 완료합니다.",1년 전
 별표 5개 ,,1년 전
 별표 5개 ,저렴한 가격의 고품격 에스프레소를 맛볼 수 있습니다,1년 전
 별표 5개 ,,1년 전
 별표 5개 ,"이탈리아에서맛있는 에스프레소 먹어보고 처음이다
또가고싶은 또마시고싶은 에스프레소 ^^",1년 전
 별표 5개 ,저녁형 인간인 내가 아침일찍 일어날 이유를 만들어주는 곳,1년 전
 별표 5개 ,"이태리 여행 갔을 때 가볍게 스탠딩으로 마셨던 에스프레소 추억을 떠올리는. 에스프레소 종류별로 맛나고 가격도 1,500원. 2,000원에 큰 즐거움을 줍니다. 쉬는 시간 잘 체크해서 방문하세요. 에스프레소 공장도 같이 운영해서 신선한 커피를 마실 수 있어요.",1년 전
 별표 5개 ,,1년 전
 별표 5개 ,인생 에스프레소...,1년 전
 별표 5개 ,,1년 전
 별표 5개 ,한국에서 이태리 본토 커피의 맛을 느낄 수 있는 곳,1년 전
 별표 5개 ,커피 너무 맛있네요 집근처였으면 정말 좋겠어요,1년 전
 별표 4개 ,,1년 전
 별표 5개 ,에스프레소 스탠딩바. 에스프레소가 이런 맛이었다니~~!!!,1년 전
 별표 5개 ,석잔마셨어요 너무괜찮은 곳입니다,1년 전
 별표 5개 ,"(Google 번역 제공) 서울 최고의 커피

(원문)
El mejor café en Seúl",1년 전
 별표 1개 ,"커피 맛은 좋으나.... 손소독제 비치 안되어있고 큐알코드입력, 명부 작성, 열체크 전혀 없어서 놀람. 협소한 바자리에 다닥다닥 사람들이 붙어있는데 이래도 되는건가 싶었음. 사장님께서는 기계처럼 구석에서 커피만 뽑으시고, 응대하시는 직원분께서는 손님이 많아 피곤하신지 신경이 곤두서있음. 편안한 분위기가 아님. 한번 가볼만은 했지만 두번가지는 않을 듯.",1년 전
