rating,review,duration
 별표 4개 ,,3일 전
 별표 4개 ,,2주 전
 별표 5개 ,"층고가 높아서 답답하지 않습니다
주차도 넉넉한 편이고 앉을공간도 많음
배불러서 커피만 마시려고 갔는데 빵굽는 냄새가 너무 강렬해서 먹어본 소금빵은 부드럽고 맛있었다
커피도 향이 좋고 맛있었음",3주 전
 별표 5개 ,,3주 전
 별표 1개 ,블로그보고 기대했는데 빵종류 진짜적고  야외자리 의자는 바닥에 붙은거마냥 낮아서 불편했어요,3주 전
 별표 4개 ,,3주 전
 별표 2개 ,,3주 전
 별표 1개 ,"라떼 많이 쓴편이고 깊은 맛은 없네요! 좌석이 3명은 괜찮지만 4인 이상 가족은 불편한곳 입니다. 규모에 비해 빵 종류가 적은편이며 빵맛은 기본 수준 입니다.
전반적으로 편리하거나 쾌적한 느낌은 것보기와 달리 불편한편 입니다. 가성비(하), 가심비(중하)",3주 전
 별표 4개 ,"책읽기 딱 좋아~^^ 둘이 가서 2만원이면 빵하나 고르고 음료 두잔 즐기고 올수 있는 곳. 노키즈존이라 책읽으러 갔더만 무슨 개소리인지? ㅎ 어린애들 뛰어 다니면 좀 말려줘~  애들이 귀여워도 한두번이지 ㅎ 계속해서 뛰어 다니게 할거면 놀이 공원을 가라규~ 도대체 뭘 배운 부모들인겨? 노키즈 존 간판좀 크게 달아 주세요.
사진은 이미 다른분들이 많이 올리셔서 생략~",3주 전
 별표 5개 ,빵들이 맛있고 맛있는커피 종류도 다양함,4주 전
 별표 3개 ,"엘리게이트 파이 6,000원
ICE 카모마일 6,000원
ICE 아메리카노 5,500원

무난함",4주 전
 별표 5개 ,,1달 전
 별표 4개 ,데이트하기 좋아요,1달 전
 별표 4개 ,,1달 전
 별표 5개 ,주차편하고 분위기좋은카페,1달 전
 별표 4개 ,카페 분위기는 좋으나 빵은 아쉬움,1달 전
 별표 4개 ,분위기 굳!,2달 전
 별표 3개 ,"대형 베이커리 카페. 커피, 빵 모두 평균에서 살짝 좋은편",2달 전
 별표 3개 ,,2달 전
 별표 4개 ,,2달 전
 별표 2개 ,,2달 전
 별표 5개 ,,2달 전
 별표 5개 ,맛나요.,2달 전
 별표 5개 ,,2달 전
 별표 4개 ,,2달 전
 별표 3개 ,,2달 전
 별표 4개 ,,3달 전
 별표 2개 ,의자불편하고 빵종류도 얼마없어서 별로에요,3달 전
 별표 4개 ,"창고형 브레드카페!!!
모던한 분위기가 좋은곳~~~
야외 테이블에서 반려견과  함께
커피마실수 있는 곳. 브레드가 수준급.
빵맛집카페",3달 전
 별표 4개 ,한가진 곳에 모던한 카페 커피 베이커리 무난하고 편안한곳~,3달 전
 별표 2개 ,"그냥 위치빨느낌
빵도별로없고 그냥그랬음",3달 전
 별표 4개 ,,3달 전
 별표 5개 ,,3달 전
 별표 4개 ,"탁트인 높은 천정이 맘에 쏙듭니다.
넓진 않지만 반려견 공간까지 갖추고 있어서 강아지 데리고 오셔도 좋을듯 합니다
답답하지 않아서 편안히 있다갑니다.
단지, 리필이 안된다는 점이 좀 아쉽습니다.
유료 리필도 안되서 같은 값으로 한잔 더 마셨네요;;",3달 전
 별표 3개 ,,4달 전
 별표 5개 ,,4달 전
 별표 2개 ,,4달 전
 별표 5개 ,"안산 상록구 반월호수 인근에 위치한 베이커리카페. 주차걱정 없는 꽤나 넓은 주차장이 있으며 카페 입구엔 거대한 회전문이 이색적인 곳이다. 그 큰 회전문 앞에서 ""열려라 참깨~""를 외쳐보고 픈 동화적 상상에.. 입장부터 설레던 기분이 좋았었다. 넓은 창고형 카페의 특징을 원근감있는 입체적인 계단식 좌석 배치로 꽤나 훌륭하게 꾸며 놓았다. 더 넓고 더 높아 보이는 공간감이 느껴져서 쾌적한 느낌이 배가되는 느낌이었다. 커피나 제빵류의 가격대가 좀 있는 편이다. 다만, 오늘 맛본 빵의 맛은.. 개인적으로 그 만큼 비례하여 맛있다고 느껴지지는 않았었다.
그 외 내외부 분위기 등은 모두 만족스러웠던 곳",4달 전
 별표 4개 ,,4달 전
 별표 4개 ,넓은 공간이 주는 개방감이 좋은 카페. 아인슈페너가 좀 아쉬운감이 있네요. 좀더 쫀쫀한 크림과 찐한 커피맛을 기대했는데...,4달 전
 별표 4개 ,층고가높아좋아요,4달 전
 별표 4개 ,,4달 전
 별표 3개 ,,4달 전
 별표 5개 ,건물  내부가  좀 특이히면서도   넓고쾌적하고  아주좋았어요  브런치도있고  시골이라  밤에는  밖에나오면  개구리도울고   시골냄새도나고   정말 정겨웠어요,5달 전
 별표 5개 ,,5달 전
 별표 5개 ,,5달 전
 별표 4개 ,,5달 전
 별표 3개 ,출입구가 매우 큽니다. 빵은 종류가 많지는 않아요. 커피는 향이 좋습니다.,5달 전
 별표 4개 ,"노키즈존이라 아쉽네요~
주차장도 실내공간도 넓어서 좋았어요. 창밖 안봐도 좋을만큼 커피도 만족했어요.",5달 전
 별표 5개 ,주차도  편하구 인테리어도 예뻐요,5달 전
 별표 4개 ,,5달 전
 별표 5개 ,,6달 전
 별표 4개 ,,6달 전
 별표 4개 ,빵종류가 좀 더 많았으면 하지만 전반적으로 만족해요.,6달 전
 별표 5개 ,,6달 전
 별표 4개 ,,6달 전
 별표 4개 ,"인테리어 깔끔하고 커피맛도 괜찮았습니다.
7시55분에 방문해서 빵을 구매했는데 빵이 조금은 비싸다는 느낌이었는데...8시부터 30%할인해준다고 해서
오히려 저렴하게 빵을 먹었네요. 빵맛은 괜찮았습니다.
공장형 카페라 층고가 높아 좀 싸늘한 느낌은 있었는데
공간이 워낙 쾌적하고 깨끗해서 맘에 드네요.
자가 차량이 없으면 방문이 힘들겠지만 저수지 근처 드라이브 왔다가
차한잔 마시기에 좋은 곳일듯합니다.",6달 전
 별표 5개 ,커피와 빵이 좋아요...,6달 전
 별표 4개 ,"바람 쐬러 가기는 좋으나, 주변에 볼건 없어요. 가성비로 따지면 별로고, 빵이나 커피는 평범합니다.",7달 전
 별표 5개 ,"의자가 고급스럽진 않아요..이케아의자..
음료 및 빵가격이 비싸요..
사람이 많아요..
주변이 멋지지 않아요..",7달 전
 별표 4개 ,사진스팟으로 좋을듯 빵맛 괜찬음,7달 전
 별표 4개 ,조용하고  한적한분위기  커피맛 좋음,7달 전
 별표 5개 ,분위기가 좋아요.계단식 테이블은 멋있었어요.빵은 개인적으로 제 취향인대 특히 버터 들어간 프레첼이 맛있었어요.,8달 전
 별표 4개 ,"분위기는 좋아요~
빵은 좀 비싸요~",8달 전
 별표 5개 ,"건물이 높고 깔끔합니다.

빵 종류가 많은건 아니지만, 있을건 다 있습니다.
( 맛도 괜찮구요 )

커피는 스페셜 / 기본(아메리카노) 주문
( 가격대는 조금 높습니다. )

콘센트가 많아서 노트북 작업이나 충전하기 좋네요

애완동물도 같이 이용할 수 있는 공간 있습니다.

화장실 남여 분리 / 시설 깨끗합니다.

주차장 넓습니다.

코로나 관련 방역지침 준수하는 모습이 보기 좋았습니다.

재 방문 의사 있음

끝!",8달 전
 별표 3개 ,,8달 전
 별표 5개 ,,8달 전
 별표 4개 ,"반월이쁜까페가자고 출발
커피 빵 모두 맛있고요

옆집 캠핑용품 판매정에서 지르시고
불멍쉘터가 있어서 낭만적",8달 전
 별표 3개 ,사람 많다,9달 전
 별표 2개 ,"커피맛 보통
빵맛 최악 ㅎㅎ 으이그 뭐냐
가격 사기
주위에 추전의향 없음",9달 전
 별표 3개 ,,9달 전
 별표 5개 ,가격 비싸지만 장소는 매우 훌륭함,9달 전
 별표 4개 ,,9달 전
 별표 5개 ,,9달 전
 별표 5개 ,,9달 전
 별표 5개 ,커피가 참 맛 있어요~,9달 전
 별표 4개 ,색다른 공간 인테리어,9달 전
 별표 1개 ,애견카페 맞긴한데 추운겨울 매장안에 들어가지 못하게해요. 겨울은애견카페 아니예요.ㅎ,10달 전
 별표 4개 ,"커피와 브레드 가격이 좀 쎄다 싶은데...음료와 빵 모두 맛있습니다.
위치가 좀 애매한듯 한데, 안에 들어서면 기분 설레지게 하는곳입니다.",10달 전
 별표 5개 ,커피  빵  맛 좋아요,11달 전
 별표 5개 ,,11달 전
 별표 5개 ,애완견ㆍ묘 있음 좋을듯~~^^,11달 전
 별표 4개 ,"기존 공장창고를 개조하여 만든 카페라 내부가 높고 넓다. 2층 계단형으로 꾸며져 있으며 2층은 노키즈존이다. 외부에 애완동물 놀이공간이 따로 있다.
1층 대형스크린에 아동용 애니메이션이 나오고, 긴 탁자에 콘센트, 충전기등이 갖춰져 있어 스터디하기에 편할 거 같다.
베이커리도 많이 준비되어 있는데 무엇보다 커피맛이 좋아 맘에 들었다.",11달 전
