rating,review,duration
 별표 5개 ,커피가 맛있고 테이블 당 간격이 넓어서 좋았어요,1주 전
 별표 5개 ,커피도맛있고 빵도맛있고 분위기도 좋았습니다.주차는6대만가능^^,1주 전
 별표 5개 ,"십여년 전 이곳이 처음 생겼을 때 놀라움을 기억합니다. 지금처럼 재생건축, 대형카페가 많이 않았을 때라 너무 놀랍고 신기했었어요. 이제 비슷한 곳이 많이 생겼다고 해도 앤트러사이트만의 고유 아이덴티티는 살아있다고 생각합니다. 오랜만에 갔는데 여전히 좋네요.",2주 전
 별표 4개 ,분위기있음,3주 전
 별표 4개 ,"(Google 번역 제공) 훌륭한 맛이지만 불친절한 직원

(원문)
Great taste but unkind staff",3주 전
 별표 3개 ,,1달 전
 별표 5개 ,,1달 전
 별표 4개 ,,1달 전
 별표 5개 ,"산미 있는 커피 너무 좋아하는데 에티오피아 드립커피 굉장히 맛있었고, 홍차 파운드도 정말 정말 최고..
쾌적한 실내, 다양한 형태 좌석이 있어서 대화 나누기에도 좋겠지만 저는 특히 노트북 사용가능하게끔 콘센트가 있는 좌석도 있어서 좋았어요. 작지만 주차공간도 있어요. 재방문 하고 싶어요 👍🏻",1달 전
 별표 5개 ,,2달 전
 별표 4개 ,합정동에서 상수동 가는 방면으로 위치한 조용한 곳에 있는 앤트러사이트. 매장 입구부터 내부 인테리어까지 공장식이라는데 내 느낌엔 엔틱하면서 힙하고 고급스러웠다. 오랜만에 콜드브루와 말차케이크를 시키고 맛있게 먹었다. 나머지는 오랜만에 서로 사진찍어주며 시간을 보냈다. 디자이너리한 합정동 카페다.,2달 전
 별표 5개 ,커피가 맛있음 컨셉 때문인지 어두워서 눈은 좀 아팠음,2달 전
 별표 3개 ,사람이 너무 많아서 정신없음 ㅜㅜ 혼이 쏙빠져서 커피맛을 즐길수가없..,2달 전
 별표 5개 ,예전부터 좋아하던 공간이 더 세련되어졌네요,2달 전
 별표 5개 ,장소가 예전의 제조업체 임을 알수 있게 인테리어도 있는 그대로가 좋았다,3달 전
 별표 5개 ,"(Google 번역 제공) 훌륭한 커피 🙆

(원문)
Great Coffee 🙆",3달 전
 별표 5개 ,,3달 전
 별표 5개 ,옛 연탄공장이었다고 하네요.,3달 전
 별표 4개 ,,3달 전
 별표 4개 ,"원두를 사면 아메리카노를 한잔  줍니다. 커피맛은 워낙에 좋아서 가끔 갑니다. 화장실이 밖에 있어서 불편해요. 스콘이 참 맛있어요. 커피와 같이 먹으면 너무 좋아요. 2층이 테이블 간 간격이 넓어서 좋아요
원두를 오늘은 산미가 적은 윌리엄 브레이크와 파블로 네루다 구매했어요",3달 전
 별표 5개 ,,4달 전
 별표 4개 ,,4달 전
 별표 1개 ,드립커피를 바리스타가 아닌 사람이 내려줬는지 맛이 없었습니다. 온도가 문제인지...어떠한 풍미도 느껴지지 않고 텁텁하기만 했어요. 그리고 원두를 구매했는데 계산하고 유료든 아니든 봉투 구매나 포장 여부도 묻지 않았고 인사도 없이 영수증만 쥐어 주고 바로 뒤돌아서 가시더라구요 원두 집지도 않았는데 그렇게 바쁜시간에 간것도 아니고 바뻐보이지도 않던데...혹 수다떠는게 주요 업무라면 이해합니다. 봉투 얘기 꺼내기도 민망할 정도로 순식간에 뒤돌더라구요 이런 태도는 좀 아쉽네요,4달 전
 별표 5개 ,,4달 전
 별표 5개 ,유니크한 창고 분위기. 넓고 자유롭고 애견도 동반된다. 산미가 좋은 디카페인 아메리카노와 라떼는 인생 커피 중 하나,4달 전
 별표 5개 ,고소한 컾한잔ㅎ,4달 전
 별표 3개 ,,4달 전
 별표 4개 ,다 좋은데요 아메 원두가 항상 다 있는게 아니라 2개만 한정상품식으로 팔아서 조금 아쉬워요 ㅎㅎ 이게 마케팅인가,5달 전
 별표 5개 ,,5달 전
 별표 5개 ,"(Google 번역 제공) 지금까지 이것은 서울에서 훌륭한 커피 한 잔을 위해 내가 가장 좋아하는 곳입니다. 당신의 커피를 위해 선택할 많은 콩과 집에 다시 살 커피 콩이 여러 개 있습니다. 직원들은 잘 알려져 있고 고객에게 세심한주의를 기울입니다. 나는 그들의 서비스 정신에 정말 감사합니다.

(원문)
So far this is my fav place for a great cup of coffee in Seoul. Many beans to choose for your coffee and they have several coffee beans to buy back home tho. The staff are well known and attentive to customers. I'm really appreciated by their service mind.",5달 전
 별표 2개 ,,5달 전
 별표 4개 ,"(Google 번역 제공) 내 친구는 여기에서 만든 커피가 마을에서 최고라고 말했습니다. 나는 버터 팻 트리오를 시도했다. 이것은 다른 커피 숍의 일반적인 커피와 같습니다. 내 친구는 공기와 꿈을 시도, 이것은 특별합니다. 다른 맛. 보시는 바와 같이 인테리어가 상당히 흥미롭습니다. 이 곳은 너무 큽니다. 커피를 즐기는 모든 사람들에게 충분합니다. 2층과 야외에서 날씨를 즐기며 술을 마실 수 있는 야외 공간도 있습니다. 하지만 주차장은 3대만 주차할 수 있습니다. 대중교통을 이용하여 오시는 것이 좋습니다.

(원문)
My friend said that the coffee made here is the best in town. I tried the Butter Fat Trio. This one is just like common coffee from another coffee shop. My friend tried air and dream, this one is special. Different taste. The interior as you can see, quite interesting. This place is so big. Enough for everyone who enjoys the coffee. They have 2nd floor and also outdoor places where you can drink outside while enjoying the weather. But the parking lot is only enough for 3 cars. Better come here by public transportation.",5달 전
 별표 4개 ,"(Google 번역 제공) 완벽한 분위기, 훌륭한 커피. 메뉴에 디저트를 더 추가할 수도 있습니다.

(원문)
Perfect atmosphere, great coffee. Maybe they can add more desserts to their menu.",6달 전
 별표 5개 ,분위기도 커피맛도 최고였습니다. 오늘의 드립커피 강추입니다.,6달 전
 별표 4개 ,무난해요 폐공장 분위기가 좋아요,6달 전
 별표 5개 ,"커피 원두를 사면 아메리카노 시음권을 줍니다. 500원 더하면 라떼로 변경 가능~원두도 상대적으로 다른 로스터리보다 싸서 가성비가 아주 훌륭해지죠.
커피맛도 원두별로 캐릭터 확실하고 매장 분위기 또한 힙해서 자주 애용하는곳입니다",7달 전
 별표 5개 ,커피맛도 분위기도 좋아요,7달 전
 별표 5개 ,,7달 전
 별표 4개 ,"플랫 화이트 시켜서 먹었는데
커피맛 깔끔하고 좋네요
친한 동생들이랑 왔는데 분위기도 좋았습니다
일이 있어서 얼마 안있다가 나갔는데
혼자 가면 더 많이 시간 보내고 싶네요",7달 전
 별표 4개 ,분위기 가격 내부편의성 좋지만 접근성과 맛이 5점까진 아니라 보고 4점.,7달 전
 별표 3개 ,핸드드립이 사라졌어요 ㅠㅠ,7달 전
 별표 5개 ,,7달 전
 별표 5개 ,분위기 갑 커피숍,7달 전
 별표 5개 ,굳,8달 전
 별표 4개 ,다양한 커피맛이 클래스 있음.  넓은 실내는 편한 느낌.  힙플레이스~,8달 전
 별표 5개 ,"(Google 번역 제공) 분위기를 좋아하십시오. 커피와 케이크도 맛있었어요!

(원문)
Love the ambience. The coffee and cake was good too!",8달 전
 별표 4개 ,,8달 전
 별표 5개 ,그냥 좋아요,8달 전
 별표 5개 ,,8달 전
 별표 3개 ,,9달 전
 별표 5개 ,체크중,9달 전
 별표 5개 ,"넓고 쾌적하고, 음료가 맛있었음. 다만 내부가 좀 어둡고 간판이 크지않아서 밤에 찾아가면 바로 옆 카페랑 헷갈리기 쉬울거 같음.. 그리고 화장실이 깨끗하지만 충격적임",9달 전
 별표 1개 ,직원들이 질문이나 요구에 퉁명스럽습니다. 사장님들이시거나 사장님이 안계시거나 했던것 같아요.,9달 전
 별표 4개 ,,10달 전
 별표 4개 ,"공장 카페
음료 4.5
분위기 3.5",10달 전
 별표 5개 ,핫플레이스,10달 전
 별표 5개 ,콜드브루 좋았어요~^^,10달 전
 별표 5개 ,분위기 좋고 커피맛은 더 좋음,10달 전
 별표 5개 ,,11달 전
 별표 4개 ,"(Google 번역 제공) 맛있는 커피와 시원한 분위기. 화장실이 밖에 있고 꽤 울퉁불퉁하고 약간의 편안함이 부족하기 때문에 1점 감점. 단지 오래된 공장 건물이기 때문에 약간 비어 있고 춥습니다.

(원문)
Leckerer Kaffe und coole Atmosphäre. Ein Punkt Abzug weil die Toilette draußen und ziemlich abgerockt ist und weil es etwas an Gemütlichkeit fehlt. Ist halt eine alte Fabrikhalle und daher etwas leer und kalt.",11달 전
 별표 5개 ,,11달 전
 별표 5개 ,"(Google 번역 제공) 너무 친절한 승무원. 좋은 커피

(원문)
So kind crews. Good coffee",11달 전
 별표 4개 ,,11달 전
 별표 4개 ,,1년 전
 별표 5개 ,주차도 가능하고 널찍해서 좋아요.,1년 전
 별표 4개 ,,1년 전
 별표 3개 ,"커피맛은... 나쁘지 않지만..
의자 불편
화장실.... 식겁. 최근 가는 식당이나 카페중 제일 안깨끗 했던듯...",1년 전
 별표 4개 ,,1년 전
 별표 5개 ,,1년 전
 별표 5개 ,"(Google 번역 제공) 좋은 커피와 함께 아늑한 장소

(원문)
cozy place with great coffee",1년 전
 별표 5개 ,"(Google 번역 제공) 애정

(원문)
Love",1년 전
 별표 4개 ,,1년 전
 별표 4개 ,강추 맛도 친절도 분위기도 최고요~~,1년 전
 별표 4개 ,,1년 전
 별표 5개 ,색다른 멋진 공간,1년 전
 별표 4개 ,,1년 전
 별표 5개 ,분위기조아요,1년 전
 별표 5개 ,,1년 전
 별표 5개 ,"오래된 신발공장을 카페로 활용해서 오랜전부터 핫플이었던 장소. 과거의 모습과 현재가 공존하는 듯한, 차가운듯 따뜻한듯한 분위기에서 마시는 커피한잔의 맛은 그 자체로 베리굿!",1년 전
 별표 3개 ,,1년 전
 별표 3개 ,,1년 전
 별표 4개 ,,1년 전
 별표 5개 ,,1년 전
 별표 4개 ,맛난 커피. 적당한 분위기.,1년 전
 별표 4개 ,,1년 전
 별표 4개 ,커피 맛 좋다.,1년 전
 별표 5개 ,자주 가는 커피전문점,1년 전
 별표 5개 ,쏘굿,1년 전
 별표 5개 ,좋네요,1년 전
 별표 4개 ,이제 오래됐다고 할 만한 개성있는 카페. 좀 너무 어두컴컴하고 의자가 불편한게 흠이지만 오래 영업하는 곳은 다 이유가 있는법.,1년 전
 별표 4개 ,향기 좋은 커피,1년 전
 별표 5개 ,커피맛이 너무 좋아요,1년 전
 별표 5개 ,인더스트리얼 인테리어의 정석~ 정말 공장같음^^,1년 전
 별표 5개 ,,1년 전
 별표 5개 ,ilysm 최애 카페 천장 높고 넓음 창의적 사고 가능,1년 전
 별표 3개 ,"화장실이 정말로 더러웠다.
커피는 괜찮은편
디저트는 기대없이 먹기엔 좋지만
기대하고 가진 말것.",1년 전
 별표 5개 ,"커피도 커피지만, 넓고 한적한 느낌의 공간이 너무 마음에 드네요.
여유있게 책 읽고 오기 아주 좋습니다.",1년 전
 별표 5개 ,,1년 전
 별표 5개 ,,1년 전
 별표 3개 ,대화하긴브금이 너무큼,1년 전
 별표 4개 ,,1년 전
 별표 4개 ,처음다니기시작했던게 십녅즘됐으려나 모르겠는데  커피맛은 예전에 비해 아쉽지만 장소가 좋은건 여전하다. 다양한 사람들과 많은대화가 오갔던 장소,1년 전
 별표 5개 ,,1년 전
 별표 3개 ,"평일 주차가능 했고
커피한잔하고 가기 좋으네요",1년 전
 별표 4개 ,"(Google 번역 제공) 팬시한

(원문)
Fancy",1년 전
 별표 5개 ,,1년 전
 별표 5개 ,여유있는 카페~,1년 전
 별표 5개 ,,1년 전
 별표 5개 ,"주차할 수 있는 공간이 3대 있습니다. 분위기
정말 좋고 음료 맛나요",1년 전
 별표 5개 ,굿굿굿 👍,1년 전
 별표 2개 ,그냥그냥,1년 전
 별표 4개 ,,1년 전
 별표 3개 ,,1년 전
 별표 4개 ,"산미있는 커피 잘 못 먹는데 아이스아메리카노 약간 산미있어도 맛있어요!!!
직원분이 한분은 친절하신 것 같았는데 다른 한분은 메뉴 실수하셨는데 저희탓 하는 것 같아서 기분이 좋진않았습니다..! 허허..",1년 전
 별표 5개 ,,1년 전
 별표 5개 ,,1년 전
 별표 4개 ,,1년 전
 별표 4개 ,,1년 전
 별표 5개 ,,1년 전
 별표 3개 ,분위기는 좋은데 사람이 너무 몰리는거 같아요,1년 전
 별표 3개 ,지저분하고 산만한 것 같지만 묘하게 매력있는 곳.,1년 전
 별표 4개 ,공장 컨셉의 커피숍은 여기가 처음 아닐까?,1년 전
 별표 4개 ,,1년 전
 별표 5개 ,,1년 전
 별표 4개 ,"좌석 간격이 넓어서, 옆 사람들 소음 방해 없이 대화 하기 좋음.
조명은 좀 어두운 편.
커피 맛은 평범.
근데 외관이...음산 할 정도로 낡았음.
무너질거 같음 ㅋㅋ
근데 사람이 엄청 많음.
이 구석까지 어떻게 온건지.
아주 바글바글 함.ㅋ",1년 전
 별표 4개 ,쏘쿨!! 커피 굿!!,1년 전
 별표 4개 ,"거친 공간의 느낌과 음악소리가 잘 어울립니다
어두껌껌한 분위기라 책 읽기에는 안좋아요 ㅎㅎ
커피도 다양하고 디저트 향기도 좋아요",1년 전
 별표 5개 ,,1년 전
 별표 4개 ,사람 4명 음료 4잔 빵 3개 시켰는데 포크 3개주는건 무슨 경우인가...,1년 전
 별표 3개 ,,1년 전
 별표 4개 ,여기 좋죠.,1년 전
 별표 3개 ,,1년 전
 별표 3개 ,"커피맛은 쏘쏘
가게 내부가 넓어서 그건 좋음",1년 전
 별표 3개 ,,1년 전
 별표 4개 ,분위기가 좋다,1년 전
 별표 4개 ,,1년 전
 별표 4개 ,,1년 전
 별표 3개 ,,1년 전
 별표 5개 ,"맛있는 커피, 좋은 분위기.",1년 전
 별표 5개 ,합정의 자랑이죠. 커피도 맛나고 원두도 저렴한데 최상 퀄리티. 반려동물 데리고 들어갈 수도 있고요. 넓고 멋진 장소입니다. 꼭 한번 들러보시길.,1년 전
 별표 5개 ,"(Google 번역 제공) 그들이 구운 콩은 매우 향긋하고 풍미가 훌륭합니다. 홈 브루어에게 콩을 맛볼 것을 추천하십시오.

(원문)
The beans they roasted is extremely aromatic and flavour is magnificent. Recommend home brewers to try their beans.",1년 전
 별표 5개 ,"커피 맛이 깊고, 고소합니다. 탄 맛이아닌 진한 맛~",1년 전
 별표 3개 ,"노출 콘크리트에 널찍하고 느낌있는 인테리어, 라마르조꼬 머신과 잘 되어있는 핸드드립스테이션. 코로나 때문에 투고만 가능하여 오래 머물지는 못했지만 좋았습니다.

오더 받아주신분이 매우 친절하였고 원두를 구매하였는데 원래 원두 구매시 아메리카노 증정이 된다며 따로 쿠폰을 챙겨주시는 걸 보고 재방문 의사가 생겼습니다.

핸드드립이 살짝 워터리하였으나 충분히 잘 내려주셔서 맛있게 마셨습니다.",1년 전
 별표 5개 ,,1년 전
 별표 3개 ,커피가ㅠㅠ생각보다ㅠㅠ,1년 전
 별표 5개 ,,1년 전
 별표 5개 ,"건물, 분위기 정말 신기한 곳. 사람들이 많아 앚을 공간이 없어요. 인기 많아요",1년 전
 별표 4개 ,,1년 전
 별표 4개 ,양 완전 혜자 위에 생크림이랑 같이먹으면 쫀맛인데 아래로 갈 수록 맛이 밋밋해져용 메이플 시럽 부어먹으라고 주시긴 했는데 메이플시럽은 내스퇄 아니었어용 그래도 핫케이크 빵만 먹기엔 밋밋했지만 음료랑 같이먹어도 잘 어울렸어용,1년 전
 별표 5개 ,분위기가좋다,1년 전
 별표 3개 ,분위기는 좋은데 의자가 매우 불편,1년 전
 별표 3개 ,"신발공장을 개조한 곳. 힙하다고 하던데 레트로라기 보다는 그냥 창고인 느낌이네요
개인적으로 어두운 거도 좀 별로입니다",1년 전
 별표 5개 ,"합정점은 저녁이 조용하니 좋네요
요샌 넘 번잡스러운건 별루",1년 전
 별표 5개 ,"(Google 번역 제공) 서울에서 이 보석 같은 커피를 발견하게 되어 기쁩니다! 창고 분위기를 좋아하고 커피는 확실히 시도해 볼 가치가 있습니다! 게다가 케이크, 쿠키, 마들렌도 잘 만들어졌습니다. 이 장소를 적극 추천합니다

(원문)
Glad to find this gem spot for coffee in Seoul! Love the warehouse vibe and the coffee is definitely worth trying! Plus the cake, cookies, and madeleines were well made. Highly recommend this spot",1년 전
 별표 5개 ,,1년 전
 별표 4개 ,직원들이 친절하고 커피가 부드러워요,1년 전
 별표 5개 ,,1년 전
 별표 4개 ,"(Google 번역 제공) 지난 2019 년 9 월 이곳에서 시간 친구를 만났고, 2 년 동안 만나지 못했지만 동시에 서울에 있었다는 것이 밝혀졌습니다. 확실히 산업적인 분위기와 넓은 공간을 좋아합니다. 다른 로스트를 시도해 볼 수 있기를 바랍니다.하지만 그들의 코르 타도는 완벽했고 말차 파운드 케이크는 신선하고 촉촉하고 훌륭한 말차 맛이었습니다.

(원문)
Met a time friend here last September 2019, we haven’t seen each other in 2 years but turned out we were in Seoul at the same time. Definitely love the industrial vibe and wide space, wish I can try their other roast but their cortado was just perfect and the matcha pound cake was fresh and moist, great matcha flavor.",1년 전
 별표 5개 ,"창고형 카페 입니다. 주차 공간이 있고, 2층에도 공간이 넓습니다. 화장실은 외부인데 조금 불편함이 있어요.",1년 전
 별표 4개 ,"분위기를 같이 마시는곳.
인스타용 까페.",1년 전
 별표 3개 ,맛있고 넓은데 화장실 쒯,1년 전
 별표 2개 ,"커피는 괜챦, 베이커리는 ㄴㄴ",1년 전
 별표 5개 ,외진곳 의외에 위치에 있지만 테이블간격 넓고 커피맛 좋은 곳,1년 전
 별표 5개 ,아늑아늑,1년 전
 별표 4개 ,잘꾸며진 공간입니다. 가격은 살짝 비싼 편이네요.,1년 전
 별표 3개 ,,1년 전
 별표 5개 ,"커피 잘 모르는데... 빵 커피 너무 맛있어요

분위기보다 맛이 너무 맘에듭니다!!",1년 전
 별표 5개 ,,1년 전
 별표 2개 ,"음악을 굉장히 크게 틀어놓아요
그러다보니 사람들의 대화도 좀 더 크게 나누는 듯

공장을 활용한 공간에 색다른 연출이라서 색다른 느낌이지만 이런 분위기 좋아하면 ok
싫어하면 no

호불호가 갈릴법한 공간이에요

커피맛은 괜찮은 편이지만 가끔 별로일때도 있죠
오늘이 별로인 날 ^^;
(원두를 종종 사먹어보는데 편차가 있을때가 있어서 그렇게 판단했어요)

그리고 디저트는 몇가지 있는데 너무 덩그러니 노출되어있어서 주문하기 꺼려지네요

여러모로 멋진 부분도 있지만
제가 좋아하는 부분들은 아쉬워서 별점은 2덤",1년 전
 별표 4개 ,,1년 전
 별표 4개 ,,1년 전
 별표 5개 ,,1년 전
 별표 4개 ,,1년 전
 별표 4개 ,,1년 전
 별표 5개 ,,1년 전
 별표 4개 ,"스웨덴 도서관같은
분위기 약간 멍때리다 보면 졸림
암튼 그게 중요한게 아니고
커피 드립커피 마셨는데 산미도 좋고 맛있다

근데 오늘
날씨 너무 추웠음",2년 전
 별표 4개 ,폐공장삘,2년 전
 별표 4개 ,방문할때마다 꽤 일정한 맛을 내는 커피전문점,2년 전
 별표 3개 ,힙!나이스커피!,2년 전
 별표 5개 ,,2년 전
 별표 4개 ,,2년 전
 별표 3개 ,분위기가 색다른 카페,2년 전
 별표 4개 ,,2년 전
 별표 5개 ,"일단 자차를 가지고 이동했는데 주차할 수 있는 공간 대략 6대 정도가 있다.
평소에 아인슈페너를 즐겨마시는데 그 메뉴는 없었다. 대안으로 아메리카노를 주문했는데 원두를 선택할 수 있음. 빈티지한 느낌의 아주 유명한 합정카페이다. 이미 너무 많이 알려져서 추천하기도 민망할 정도의 핫플레이스.",2년 전
 별표 5개 ,분위기 좋고 커피맛도 좋아요! 굿귯,2년 전
 별표 5개 ,Parpunk 작가의 두번째 Ver OLED 작품이 전시되어있으며 커피는 아주 진합니다.,2년 전
 별표 5개 ,"(Google 번역 제공) 오랫동안 무연탄 합정 팬이었고 나이가 들어감에 따라 좋아 졌다고 생각합니다. 이 건물의 원래 산업 기능에 대한 고개를 끄덕이는 위치로, 거친 가장자리, 긁힌 모서리, 빛과 그림자의 상호 작용, 낮은 천장, 도르래 가중 도어가 있습니다. 장소를 탐색하는 데는 어느 정도의 은혜가 필요합니다.

메뉴는 최소한이며 고품질 커피와 에스프레소 음료 및 작은 종류의 과자가 있습니다. 다양한 좌석과 유형이있는 위층과 아래층 공간이 있습니다. 내가 가진 한 가지 작은 불만은 전기 콘센트 중 일부가 (분명히) 무력하다는 것입니다. 그러나 장소가 너무나도 잘하기 때문에 Anthracite에 대해 견딜 수 없습니다. 나는 최근에 친구에게 그것을 추천했는데, 그들이 들어올 때 조금 겁이 났다고 말했습니다.

그리고 네, 그것은 공평하다고 생각합니다. 무연탄 합정에 들어가는 것은 마치 다른 세계로 들어가는 것과 같습니다. 바깥 쪽 길 건너편에는 전형적인 고층 아파트 단지가 있으며, 멀지 않은 곳에 홍대 / 상수의 혼잡 한 거리가 있습니다.

따라서 방문 할 때 카페인이 효과를 발휘하는 동안 안트라 사이트의 독특한 환경을 경험하고 인내심을 가질 수 있습니다. 아, 그리고 늦게 오는 사람들을 위해 카페인이없는 메뉴 옵션의 대안이 있습니다. :)

(원문)
I've been a fan of Anthracite Hapjeong for a long time and I think it's just gotten better with age. It's a location that embraces nods to the building's original industrial function with its unapologetically displayed rough edges, scuffed corners, interplay of light and shadow, low ceilings, and pulley-weighted doors. Navigating the place does take a certain amount of grace.

The menu is minimal, with high quality coffee and espresso drinks and a small selection of sweets. There’s an upstairs and a downstairs area, with a variety of seating formations and types. One small gripe I have is that some of the electrical outlets are powerless (apparently), but I can’t hold it against Anthracite because the place does SO MUCH SO WELL. I recently recommended it to a friend, who told me they were a bit intimidated when they walked in.

And yeah, I think that's fair. Entering Anthracite Hapjeong is a little like walking into a different world. Outside, across the street is a typical looking high rise apartment complex, and not far away are the congested streets of Hongdae/Sangsu.

So, when visiting, you might want to allow yourself a second to take in the unique environment of Anthracite and be patient while the caffeine takes its effect. Oh, and there’s the alternative of a decaffeinated menu option for those of us who come later in the day. :)",2년 전
 별표 5개 ,,2년 전
 별표 5개 ,,2년 전
 별표 2개 ,이젠 이런곳이 너무많아요,2년 전
 별표 4개 ,,2년 전
 별표 5개 ,,2년 전
 별표 3개 ,맛있는건 잘 모르겠어요. 공간자체는 독특합니다,2년 전
 별표 5개 ,분의기. 맛 다 좋다.,2년 전
 별표 5개 ,공간도 커피맛도 특이하고 만족스럽다. 테이크 아웃 경우 가격이 무척 착하다. 드립커피 향과 맛이 너무 좋다,2년 전
 별표 5개 ,,2년 전
 별표 3개 ,,2년 전
 별표 4개 ,1층은 너무 소리가 울리고 시끄러운게 단점. 다른건 다 괜찮아요,2년 전
 별표 3개 ,다른 앤트러사이트는 조용한데 여기는 시끌시끌,2년 전
 별표 5개 ,,2년 전
