rating,review,duration
 별표 5개 ,"평일 낮엔 한가해서 더욱이 좋습니다~~^^
멋진 뷰도 한몫했지만
커피맛도 좋았습니다

가을을 마셨네요",1일 전
 별표 3개 ,대형카페라서 자리는 많은데 자리 청소를 잘 안하나봐요 테이블이 지저분해서 치우고 앉았어요 가격이 비싼데 맛은 있었지만 양이 적었어요,2일 전
 별표 5개 ,"지하, 1층, 2층까지 널찍하고 이뻐서 강남역 가면 종종 가는 카페
하지만 요일과 시간에 따라 사람 붐비는 정도의 편차가 큰 듯
티라미수는 빵이 거의 없는 타입의 티라미수이고
커피는 디카페인이 있어서 밤에 가도 부담없었음",4일 전
 별표 5개 ,,6일 전
 별표 5개 ,"강남역에 있는 카페있는데, 앞으로 나무도 보여서
외곽에 나온 기분이였어요ㅋㅋ좋아요",1주 전
 별표 4개 ,그린티라떼가 너무 싱거워요..,1주 전
 별표 5개 ,"(Google 번역 제공) 강남 한가운데에 좋은 분위기, 많은 좌석 및 많은 식물 / 나무가있는 귀여운 카페. 시나몬 롤은 신성했습니다!

(원문)
Cute cafe with nice atmosphere, plenty of seats & lots of plants / trees in the middle of Gangnam. The cinnamon roll was divine!",1주 전
 별표 4개 ,,1주 전
 별표 4개 ,"메뉴
아이스라떼, 아이스 아메리카노, 티라미슈

맛
산도 있는편이나 강하지 않음
아아보다는 라떼가 더 어울리는 커피

케익도 부드럽고 코코아파우더 맛 좋았으나
요즘 주걱으로 퍼주는게 컨셉인가... 예쁘지 않음
( 손 대지 않은 상태입니다.)

인테리어
넓고 천장이 높아 답답함이 없음.
단, 이놈의 의자랑 테이블은 확실히 불편
( 회전률 높이겠다는 의지가 보임 )

매장 냄새도 좋았음.

테이블 간격이 생각보다 좁아서 옆 테이블 말 소리가 들림

화장실 남여분리나 좁음

재 방문 의사는... 아슬아슬",1주 전
 별표 5개 ,,1주 전
 별표 5개 ,강남에 몇 안되는 대형카페. 평일에 방문했는데 넓고 쾌적하고 음료도 맛있었습니다. 날씨 요즘 좋으니 야외 테라스에서 마시는걸 추천합니다.,1주 전
 별표 4개 ,"(Google 번역 제공) 좋은 위치. 멋진 분위기. 건물의 환상적인 레이아웃과 디자인. 많은 층. 발코니와 야외 좌석. 좋은 서비스와 좋은 시음 커피.

(원문)
Good location. Great vibe. Fantastic layout and design of building. Many floors. Balcony and outside seating. Good service and good tasting coffee.",1주 전
 별표 5개 ,"아메리카노 6천원 정도에요 😇
대형 카페라 좋아요~!",2주 전
 별표 4개 ,"넓고  사람이  많았어요
메뉴는 의외로  다양하지않았어요
블루베리나  과일  라떼가없어  아쉬웠어요",2주 전
 별표 3개 ,분위기에 비해 커피맛이 따라가지 못함,2주 전
 별표 5개 ,,3주 전
 별표 5개 ,강남 한복판에 이런 곳이??? 서울 근교 대형 카페의 감성을 마셨다. 커피도 맛남^^,3주 전
 별표 3개 ,"사람이 너무 많아요...
가격도 조금 있음",1달 전
 별표 5개 ,,1달 전
 별표 4개 ,"원래 여긴 티라미수에 크림밖에 없어요...?
빵시트가 하나도 없었어요.
그래서 조금 느끼함
카페는 커서 쾌적했습니다.",1달 전
 별표 4개 ,,1달 전
 별표 5개 ,,1달 전
 별표 3개 ,"구냥... 맛은 평범.. 그자체
공간자체는 되게 넓어요",1달 전
 별표 4개 ,"커피맛이 좋음
사람은 주말이라 많았음.
스텝들이 친절함, 이 동내에서는 제일 분위기 있는 카페",1달 전
 별표 4개 ,실내. 야외 정원 분위기 너무 좋아요..,1달 전
 별표 5개 ,"(Google 번역 제공) 정말 좋은 커피와 빵집! 직원들은 매우 친절했고 영어를 잘했습니다.

(원문)
Really good coffee and bakery! The staff was very kind and spoke English well.",1달 전
 별표 3개 ,,1달 전
 별표 5개 ,,1달 전
 별표 5개 ,"숲속같은 느낌이 들어서 좋아요
매장도 넓어서 답답하지 않고 좋아요",2달 전
 별표 3개 ,"친구들과 강남역 카페 검색해보고 가보고 싶다고 입을 모아서 픽하게 된 카페에요. 저는 강남역에서 내려서 갔는데 신논현역에서 가는게 더 빠르더라구요 ㅎㅎ
땡볕에 오르막길을 걸어야해서 조금 힘들었는데 도착하자마자 인테리어와 넓은 매장에 사로잡혀서 구경하기 좋았어요. 사람도 엄청 많고 핫플 느낌이 났어요.
이날은 2층에서 머물렀는데 에어컨이 빵빵하지 않아서 카페 내부에 있었지만 시원하진 않았어요. 1층 메뉴 주문하는 곳은 시원하더라구요. 2시간 정도 있었는데 2층은 내내 시원하지 않았어요. 지하1층부터 3층까지 있는데 1~2층 외에 다른 층은 안가봐서 모르겠어요",2달 전
 별표 4개 ,,2달 전
 별표 4개 ,,2달 전
 별표 3개 ,"공간이 굉장히 넓어서 쾌적하고 좋습니다
아메리카노가 6천원인건 흠",2달 전
 별표 3개 ,,2달 전
 별표 5개 ,"커피, 호박파운드 맛있어요",2달 전
 별표 5개 ,"(Google 번역 제공) 강남에서 가장 좋아하는 카페 - 알베르 시그니처 커피 추천

(원문)
Favorite cafe in gangnam - recommend alver signature coffee",2달 전
 별표 5개 ,,2달 전
 별표 5개 ,,2달 전
 별표 4개 ,비주얼은 좋은데 에어컨이 시원하지가 않음 1층은 시원하던데 일부러 이렇게 켜놓은건지..,3달 전
 별표 5개 ,,3달 전
 별표 5개 ,"공간 크고 깔끔
손님 좀 번잡
가격은 비싸고
음식은 맛있음
친절은 그냥.보통 무난함",3달 전
 별표 5개 ,부지도 꽤 큰 편인데 층고도 높고 지하1층부터 지상3층까지 큰 건물이 통으로 카페에요. 건물 앞에는 좁긴하지만 조경도 꾸며놔서 야외석도 있어요. 근데 넓은만큼 사람도 많음. 어느 자리에 가든 갑갑함 없어서 좋았네요.,3달 전
 별표 5개 ,,3달 전
 별표 4개 ,"신논현역에 멋진 정원이 있는 대형카페
내부 넓고 시원하고 좌석도 안락함
근데 커피맛 쏘쏘 브라우니도 그냥그럼",3달 전
 별표 5개 ,,3달 전
 별표 4개 ,,3달 전
 별표 4개 ,넓어용,3달 전
 별표 5개 ,"(Google 번역 제공) 런던에도 이런 카페가 있었으면 좋겠다.

(원문)
I wish we had coffee shops like this in London.",3달 전
 별표 4개 ,,3달 전
 별표 5개 ,시그니쳐라떼가맛있었습니아 상하아이스크림이라 시나몬롤에 발라먹었는데 꿀맛임,4달 전
 별표 5개 ,,4달 전
 별표 5개 ,,4달 전
 별표 5개 ,,4달 전
 별표 3개 ,"(Google 번역 제공) 여기서 아이스 아메리카노를 사서 친구와 잡담을 했습니다. 이 곳은 매우 크고 강남에 위치하고 있어 쉽게 갈 수 있습니다. 이 카페 주변에는 다른 커피숍이나 레스토랑이 많이 있습니다. 매우 경쟁적인 영역

(원문)
Just bought ice americano here and had chit chat with my friend. This place is very very big, located in Gangnam, easy to reach. Around this cafe, there are lots of another coffe shops or restaurants. Very competitive area",4달 전
 별표 5개 ,,4달 전
 별표 5개 ,,4달 전
 별표 4개 ,,5달 전
 별표 5개 ,강남역 핫플! 힐링했어요!,5달 전
 별표 5개 ,"저는 평일에 갔어요. 지인과 함께 서로 이야기 하며 공부하기에 너무나 적절한 카페입니다. 강남역에서 걸어서 10분정도 걸리고 주변에 맛집과 예쁜 카페들 많아요.
💛 평일 오전에는 사람이 없어서 조용히 사색하기 좋아요.
💛 3층까지 있으니 원하는 자리에 골라 앉기 좋지만 창가석 추천!
(문 열고 바람 맞으면서 있을 수 있어서 기분 최고!!)
💛 아메리카노 6,000 원
스콘 4,500원",5달 전
 별표 5개 ,"강남역 그 복잡한 동네 골목 안쪽에 있는 조용한 카페
약간 흐린날엔 2층 테라스가 좋아요. 햇빛이 없어야 부담없이 나무 옆 공간을 즐길수있어요",5달 전
 별표 4개 ,사람이 많지만 티라미수와 단호박 파운드 맛있었어요. 다음에 다른 디저트 시도하러 가려구요. 재방문 의사 있습니다. 테이블이 떨어져 있어서 대화하기 좋아요.,5달 전
 별표 5개 ,"티라미슈가 너무나 맛있고, 인테리어가 화려한  까페 알베르.
핫한 까페인만큼 선남선녀들도 많이 방문하고 높디높은 천정까지 시원한 감을 주는, 강추하는 까페입니다.",5달 전
 별표 5개 ,,5달 전
 별표 4개 ,"커피는 맛있고, 디저트도 맛있음",5달 전
 별표 5개 ,좋아용,5달 전
 별표 5개 ,,5달 전
 별표 4개 ,다닥다닥,6달 전
 별표 4개 ,커피는 평범하고 티라미수도 나쁘지 않아 괜찮았습니다. 위치는 아주 굳입니다 bb,6달 전
 별표 4개 ,,6달 전
 별표 5개 ,,6달 전
 별표 5개 ,,6달 전
 별표 4개 ,,7달 전
 별표 5개 ,"넓고 쾌적해요, 가격이 비싸지만 오래 있어도 눈치 안보여서 좋아요",7달 전
 별표 3개 ,,7달 전
 별표 5개 ,"넓고, 커피맛좋아요",7달 전
 별표 3개 ,,7달 전
 별표 4개 ,건물 전체가 카페라서 지하 1층부터 2~3층까지 테이블이 있고 간격이 넓어 편안함,7달 전
 별표 4개 ,,7달 전
 별표 4개 ,,7달 전
 별표 4개 ,,8달 전
 별표 4개 ,,8달 전
 별표 5개 ,공간이 멋진곳👍👍,8달 전
 별표 5개 ,,8달 전
 별표 4개 ,,8달 전
 별표 4개 ,,8달 전
 별표 5개 ,"1년전에도 티라미수 먹으러왔었는데
생각나서 또 방문함ㅎㅎ
강남역에서 가기 편한 위치에 카페도 넓직해서 죠움 티라미수도 맛죠움ㅎㅎ",8달 전
 별표 4개 ,,9달 전
 별표 4개 ,브라우니 꾸덕한 게 맛있고 밀크티도 다른 카페보다 맛이 깊어요,9달 전
 별표 5개 ,,9달 전
 별표 5개 ,,9달 전
 별표 5개 ,,10달 전
 별표 5개 ,,10달 전
 별표 3개 ,"(Google 번역 제공) 커피와 찻집에는 차 종류가 제한되어 있으며 차에 꿀이 없습니다. 10대에서 20대 사이에 매우 중점을 둡니다.

(원문)
Coffee and tea house has a limited selection of tea and doesn’t have honey for tea at the store. Very focused on between teenager and 20.",10달 전
 별표 4개 ,강남에서 찾아보기힘든 널찍한 카페,10달 전
 별표 4개 ,커피는 그럭저럭인데 스콘이 다 잡아줘요 스콘이랑 커피조합으로 맛좋은~,10달 전
 별표 5개 ,,10달 전
 별표 5개 ,강남 인근 이만큼 대형인원을 소화할 일반 카페가 없다. 언제가도 자리있으니 선택하기 좋음!,10달 전
 별표 3개 ,,10달 전
 별표 3개 ,,10달 전
 별표 5개 ,,10달 전
 별표 5개 ,,10달 전
 별표 5개 ,지상보다는 테이블 갯수가 적은 지하가 넓어서 좋음,10달 전
 별표 5개 ,,10달 전
 별표 4개 ,넓고 좋네요,11달 전
 별표 5개 ,빵과 커피 모두 좋았던 곳,11달 전
 별표 4개 ,좋습니다.,11달 전
 별표 5개 ,"야외에서 도시락을 먹기 좋은 장소
낮과 밤의 분위기가 180°반전이 있네요",11달 전
 별표 5개 ,,11달 전
 별표 4개 ,,1년 전
 별표 5개 ,"(Google 번역 제공) 커피도 디저트 맛집. 티라미수는 소문대로 맛있었습니다.
하지만 접시가 결여되어 安ぽかっ 것이 유감입니다.
모처럼 분위기 좋은 가게이기 때문에 세세한 부분까지 신경을 사용하면 더 좋다고 생각합니다.

(원문)
コーヒーもデザートも美味しい店。ティラミスは噂通り美味しかったです。
でも、皿が欠けていて安っぽかったのが残念です。
せっかく雰囲気良いお店なのだから、細部まで気を使うともっと良いと思います。",1년 전
 별표 4개 ,엄청 넓고 독특한 카페,1년 전
 별표 5개 ,"(Google 번역 제공) 강남 지역의 환상적인 장소. 놀랍고 친환경적이며 거대합니다.

(원문)
El lugar fantastico en la zona Gangnam. Increible y verde y grandote ya tú sabe",1년 전
 별표 5개 ,,1년 전
 별표 5개 ,,1년 전
 별표 5개 ,"(Google 번역 제공) 내가 가장 좋아하는 장소! 직원들은 너무 친절하고 이 카페는 정말 멋지고 유명합니다.
저는 기억력이 너무 좋습니다. 위치가 너무 쉬워 강남 거리를 걷다보면 쉽게 찾을 수 있습니다. :)

(원문)
My favorite place! Staff is so kind and this cafe really cool and famous.
I have so much good memory. Location is so easy, you can find easily when walking Gangnam streets. :)",1년 전
 별표 4개 ,,1년 전
 별표 3개 ,숲속같은 느낌도 들고 괜찮다 싶었는데 실내에 테이블이 너무 많이 다닥다닥 붙어있는데다가 4인이상 금지인데 다섯명 여섯명이 앉아있고 알바생은 카운터에있느라 그런거체크 안하고 코로나에 좀 무방비한 느낌이있어서 찝찝했어요,1년 전
 별표 5개 ,,1년 전
 별표 5개 ,완전 넓고 좋아요,1년 전
 별표 4개 ,,1년 전
 별표 5개 ,너무 예뻤어요,1년 전
 별표 5개 ,일단 분위기 인테리어 모두 이쁘고 괜찮았어요!커피도 맛있었습니다^^,1년 전
 별표 3개 ,그래도..좀 비싸다...,1년 전
 별표 5개 ,,1년 전
 별표 5개 ,강남역 근처 최애 스팟의 카페예요. 푸릇한 나무들에 둘러싸여 마시는 커피*민트차의 맛이란,1년 전
 별표 3개 ,,1년 전
 별표 5개 ,"(Google 번역 제공) 쉬어 라.

(원문)
Take a rest.",1년 전
 별표 5개 ,굿,1년 전
 별표 5개 ,,1년 전
 별표 5개 ,,1년 전
 별표 5개 ,"(Google 번역 제공) 이 장소에는 훌륭한 음료와 훌륭한 건물이 있습니다.

(원문)
This place has great drinks and great building.",1년 전
 별표 5개 ,숲속에 온 기분,1년 전
 별표 3개 ,내관 분위기가 외관만큼 좋았다면..,1년 전
 별표 4개 ,숲속에 들어와서 산림욕하는듯~,1년 전
 별표 5개 ,,1년 전
 별표 5개 ,,1년 전
 별표 5개 ,"한여름에 강남 한복판에서 청량한 카페를 만나 들어가보았습니다. 지하부터 3층까지 있고 매우 넓으며 평일에 방문했는데 적당한 거리두기가 되어 좋았습니다. 입구는 숲같은 느낌이 있네요.
커피가 진하진 않아 평소 샷추가해서 드시는 분들은 샷추가를 고려해보는것도 좋을것같아요.",1년 전
 별표 3개 ,"카페 주위에 울창한 나무를 가득 심어놨음~
2층으로 올라가면 넓고 쾌적함",1년 전
 별표 4개 ,"매장이 너무 상업적인 느낌이나서 3-4점 사이에서 고민했지만, 티라미슈가 아주 훌륭해서.... 그리고 바깥자리 마당이 있다는게 너무 멋져서..... 두개에 혹해서 4점ㅋㅋㅋ
비와서 야외 못앉았지만 야외 탐나요. 그리고 티라미슈 존맛탱 브라우니 보다 맛있어요!",1년 전
 별표 5개 ,,1년 전
 별표 4개 ,,1년 전
 별표 5개 ,,1년 전
 별표 3개 ,규모에 비해 화장실이 너무 협소해요 2층은 거의 막힘.커피맛이랑 전망은 좋아요,1년 전
 별표 4개 ,강남 카페하면 가장 먼저 떠오르는 곳,1년 전
 별표 5개 ,,1년 전
 별표 4개 ,"아메리카노 산미가 있음
공간이 매우 넓음!",1년 전
 별표 5개 ,"넒은 좌석과 편안한 분위기의 카페
여름인데도 에어컨이 빵빵하며
혹여나 추울까봐 담요까지 준비되어있는 치밀함이 보인다.
맛있는 커피와 파운드 케익은 덤",1년 전
 별표 4개 ,,1년 전
 별표 3개 ,매장관리 안하는듯 지저분해요.. 사람너무많고 음료도 그저 그럼,1년 전
 별표 5개 ,,1년 전
 별표 5개 ,"넓고 이뻐요.
무화과스콘이맛나영",1년 전
 별표 5개 ,직원분들 넘 친절해요,1년 전
 별표 4개 ,좌석이 많다는 것 외에 메뉴가 맛있냐하면 커피는 맛이 없고.... 티라미수는 맛있음.,1년 전
 별표 1개 ,가게가 참 넓네요 끝.,1년 전
 별표 5개 ,와마이오리건,1년 전
 별표 4개 ,"(Google 번역 제공) 멋진 카페가있는 멋진 지역에서 멋진 행 아웃을 좋아하는 사람들을위한 것입니다. 이건! 매우 멍청하고 멋지다 (운이 좋은 카페라면 유명인과 만날 수있는 것처럼). 미적 측면을 제외하고, 커피는 꽤 괜찮은 편이고 가격은 가파르지만 분위기와 시원함도 지불하고 있습니다. AC가 약하고 더운 여름날 방문했기 때문에 별 하나 떨어져 있습니다.

(원문)
For those who fancy a fancy hangout in fancy areas with fancy cafes. This yo thing! Very uppidy and cool (like you might bump into celebs if you're that lucky kinda café). Aesthetic aside, coffee is pretty decent, price is steep but you're paying for the ambiance and coolness too. One star off cause the AC is weak and I visited on a hot summer day.",1년 전
 별표 3개 ,디저트류가 맛있어요 굉장히 큰 카페라 사람이 많아도 웨이팅 해본 적은 없어요. 하지만 2층은 왠지 모르게 소리가 좀 울려서 사람이 아주 많지 않아도 시끄러울 수 있어요,1년 전
 별표 5개 ,,1년 전
 별표 5개 ,자리넓음. 하지만 사람도 많음. 빵 맛있는데 비싼편,1년 전
 별표 5개 ,,1년 전
 별표 4개 ,아메리카노 먹었음. 너무 진하지 않고 깔끔하고 맛있었다.,1년 전
 별표 5개 ,"쉰다는 점에선 여기만한데도 드물지만 역시 사람이 많을 땐 정말 많아서 살짝 번잡함.
그래도 그 외엔 다 좋은 편.",1년 전
 별표 5개 ,,1년 전
 별표 4개 ,강남도심속에 이렇개 을창한 숲같은 분위기의 카페가 존재한다는게 놀라운데 규모도 스타일도 정말 놀랍다..ㅡ 같은 커피를 마심다면 이곳을 찾아와서 초럭이들도보고 광합성도할수 있는 좋은 공간이라고 생갇하며 수터티하는 사람들은 더더욱좋을것이 우드테이블이 멋지게 자리잡고있고 인테리어가 획트여서 좋은공간 커피맛도 깔끔하고 좋은곳~~~,1년 전
 별표 5개 ,,1년 전
 별표 4개 ,,1년 전
 별표 5개 ,크고 자리많고 실내외 뚫려잇어좋다. 그치만 완전내부좌석인테리어는 정신없고 다닥다닥이라 막좋은 느낌은아녔지만 편함,1년 전
 별표 4개 ,"음료가 맛난건 모르겠지만, 분위기가 다한 카페. 강남역 인근에서 가장 넓고 분위기 굿.
그비싼 땅에 나무를 심는 사장님에게 박수를.
여친 대꾸기면 칭찬 받을듯",1년 전
 별표 5개 ,좌석이 넓고 단호박파운드케이크 맛잇어용,1년 전
 별표 5개 ,,1년 전
 별표 5개 ,,1년 전
 별표 4개 ,,1년 전
 별표 4개 ,"가격도 적당하고 분위기도 괜찮고
티라미슈 부드럽고 맛있었다.
실내 자리랑 실외 자리가 있다.",1년 전
 별표 5개 ,,1년 전
 별표 5개 ,,1년 전
 별표 5개 ,,1년 전
 별표 5개 ,,1년 전
 별표 4개 ,,1년 전
 별표 5개 ,,1년 전
 별표 5개 ,,1년 전
 별표 5개 ,티라미슈 맛나네요,1년 전
 별표 2개 ,,1년 전
 별표 5개 ,,1년 전
 별표 5개 ,치즈케잌 티라미수 두번먹어,1년 전
 별표 5개 ,,1년 전
 별표 5개 ,넓고 분위기 좋아요,1년 전
 별표 5개 ,"넓고 테이블 간격 넓어서 무엇보다 좋았음. 근데 일회용 컵에 줘서...뭔가 갬성이 없다 해야하나ㅎㅎ
쿠키나 빵은 맛나요^^",1년 전
 별표 5개 ,,1년 전
 별표 3개 ,,1년 전
 별표 1개 ,"2021년 3월 16일 화요일 오후 2시쯤에 방문했습니다!! 뜨아, 아아 하나씩 시켰고요, 커피는 맛있었습니다. 포스에서 주문 받던 여자분이 안 좋은 일이 있었었는지 굉장히 불친절해서 유쾌하지 않았습니다. 차가운 메뉴 뭐가 있냐? 뜨거운 아메리카노 머그에 달라, 커피 스틱 어디에 있냐 이렇게 질문 했는데, 그 분의 의도가 어떻던 굉장히 불친절 하게 느껴졌습니다. 미소는 뭐 바라지도 않고 최소한 질문한건 성실히 대답해 줘야죠?? 갑질하는 것도 아니고 무리한 요구 한 것도 아닙니다. 강남에 커피숍 갈 때 널렸는데 저런 서비스 받고 재방문 하고 싶진 않네요:-) 직원 교육 필요해 보입니다.",1년 전
 별표 1개 ,불친절. 서비스는 절대 기대하지 말고 넓은 공간외 별다른건 없습니다. 근처에 볼일 있어도 여기는 다시 오고 싶지 않네요.,1년 전
 별표 5개 ,,1년 전
 별표 4개 ,,1년 전
 별표 5개 ,,1년 전
 별표 3개 ,,1년 전
 별표 5개 ,치즈케이크 ㄹㅇ ㄱㅆㅅㅌㅊ,1년 전
 별표 5개 ,가격이 조금 비싼 편이긴 하나 카페 자리도 많고 건물도 이쁘다,1년 전
 별표 4개 ,,1년 전
 별표 4개 ,"넓어용
그뿐",1년 전
 별표 5개 ,,1년 전
