rating,review,duration
 별표 5개 ,빵과 커피가 모두 맛있었어요! 프릳츠 원두 쓰시더라구요. 카페 분위기도 좋았습니다,2달 전
 별표 5개 ,,6달 전
 별표 5개 ,새로운 원두로 블렌딩 하셨다 하셔서 아이스아메리카노를 추천받아 마셨습니다. 적당한 산미에 깔끔한 뒷맛! 안부는 커피맛은 믿고 가셔도 됩니다.,7달 전
 별표 5개 ,,8달 전
 별표 5개 ,카페 분위기가 너무 예뻐요 편안하게 혼자 공부하는 곳은 아닌거 같지만 조용하게 이야기하기 좋아요 바게트나 커피 같은 기본적인 메뉴가 굉장히 맛있어요. 가는 길 골목에 음쓰들이 많고 주차 문제가 흠이지만 카페는 갈만해요 :),1년 전
 별표 3개 ,,1년 전
 별표 5개 ,,1년 전
 별표 5개 ,,1년 전
 별표 5개 ,크라상 굿,1년 전
 별표 4개 ,카피도 그렇고 빵도 그렇고 전체적으로 괜찮은 곳입니다.,1년 전
 별표 5개 ,,1년 전
 별표 5개 ,,1년 전
 별표 5개 ,,1년 전
 별표 3개 ,프랜차이즈보다 좋은 커피를 원하신다면 레퍼런스 커피로 적절한 곳,1년 전
 별표 5개 ,"입감판 부터 카페 내부 공간 자체가 감각 적이며

빵사진마저 이쁘게 나오는 곳

빵맛은 물론. 한입 베어물면 얼마나 좋은 재료를 사용했는지를
제빵을 1도 모르는 나도 알아차릴 수 있음 ^^

안산에서 보기드문 빵집~!",1년 전
 별표 5개 ,,1년 전
 별표 5개 ,,1년 전
 별표 4개 ,"빵이 맛있습니다. 솔직히 가격은 저렴한 편이 아니에요. 일반적인 프랜차이즈 빵집을 생각하고 가시면 많이 비쌉니다. 그래도 프랜차이즈 빵집에서는 맛 볼 수 없는 메뉴들도 많고, 빵/디저트의 맛 자체가 좋습니다.

다만 처음 가 본 사람 입장에선... 카페가 어디에 있는 건지 알기가 어려웠어요. 간판이 큼지막하게 달려 있는 게 아니라서 잘 보고 걸어야만 찾을 수 있었습니다. 생각보다 손님들이 엄청 많더라구요.

내부가 큰 건 아니지만 그렇다고 매장 규모가 작지도 않습니다. 사람 많을 시간대만 지나서 가면 편하게 앉아서 먹고 갈 수 있을 것 같아요. 아기자기하게 인테리어도 잘 해 두셨더라구요.",1년 전
 별표 5개 ,빵이 아주 맛있습니다,1년 전
 별표 5개 ,,1년 전
 별표 5개 ,동생이 추천해서 갔는데 정말 맛있네요. 무화과타르트는 시즌판매라 갔을 때 1개 남아서 바로 사갖고 왔어요. 많이 파세요!,2년 전
 별표 5개 ,레몬마들렌이 미친놈임,2년 전
 별표 5개 ,,2년 전
 별표 5개 ,,2년 전
 별표 5개 ,빵 맛있네요,2년 전
 별표 3개 ,,2년 전
 별표 4개 ,"(Google 번역 제공) 바게트와 스콘은 완벽했다. 그러나 작은 곳에서는 아늑하거나 친밀하지 않습니다. 하지만 데이트를하는 사람들도 있기 때문에, 당신이 당신이나 다른 사람의 빵에 흡수되어 있다고 생각합니다. 미니멀리스트 인테리어는 괜찮습니다.

(원문)
The baguette and scones were perfect. But for a small place, it is neither cozy nor intimate. Some people there on dates though, so I suppose if your absorbed in the person across from you, or in your bread. The minimalist interior is fine.",2년 전
 별표 4개 ,앙버터 맛있어요,2년 전
 별표 5개 ,"커피, 베이커리, 분위기 모두 훌륭함. 매 방문때마다 기분 좋은 카페.",2년 전
 별표 5개 ,,2년 전
 별표 5개 ,,2년 전
 별표 5개 ,,2년 전
 별표 5개 ,,2년 전
 별표 5개 ,,2년 전
 별표 4개 ,커피와 빵의 맛이 참 좋습니다. 마감시간이 8시라 조금 아쉬움이 남아요. 그래도 친절한 사장님때문인지 기분좋게 문을 나설 수 있었습니다. 아 여긴 아가의자가 없어요 참고~,2년 전
 별표 5개 ,"안산에서 여기만한 빵이 없습니다. 하드계열 빵이나 패스츄리계열 빵 모두 훌륭해요. 커피도 수준급입니다. 프리츠에서 일하셨던 분들이 운영하시는데, 친절하시고 잘하십니다.",2년 전
 별표 4개 ,베이커리 맛있음!다만 음료는 커피만판매가 아쉬움!!,2년 전
 별표 4개 ,,3년 전
 별표 5개 ,"빵종류는 매번 조금씩 바뀌는거같아요
전 파이류를  좋아해서 애플파이 특히 맛있게먹었구요 소세지 퀄리티 좋더군요 스콘도 물론 좋았습니다  스콘에 버터나 쨈은 별도구매에요
프릳츠 원두로 내린 아메리카노 굿굿베리굿",3년 전
 별표 4개 ,,3년 전
 별표 5개 ,,3년 전
 별표 4개 ,괜찮은커피 괜찮은빵 괜찮은분위기 괜찮은가격,3년 전
