rating,review,duration
 별표 5개 ,,5달 전
 별표 5개 ,,6달 전
 별표 5개 ,,7달 전
 별표 4개 ,커피 아메리카노기본 개인적으로 구수한쌉싸름한커피 좋아함~ 다락방 같은 장소있으나 학생이 많아 자리없음,1년 전
 별표 3개 ,,1년 전
 별표 5개 ,,1년 전
 별표 5개 ,"(Google 번역 제공) 빙하기 너무 좋다

(원문)
ice age is so nice",1년 전
 별표 5개 ,,1년 전
 별표 5개 ,,1년 전
 별표 5개 ,아이스에이지 너로정했다^^,1년 전
 별표 5개 ,,1년 전
 별표 5개 ,"아인슈페너굳
다른메뉴도 평타는침",1년 전
 별표 5개 ,"굿 밸런스
굿 커피
굿 피플
굿 시저",1년 전
 별표 5개 ,크래프트 커피가 최곱니다.,1년 전
 별표 3개 ,설명이 부족하다,1년 전
 별표 5개 ,여기의 아이스에이지는 항상 최고입니다.,1년 전
 별표 5개 ,,1년 전
 별표 5개 ,분위기 있고 조음,1년 전
 별표 5개 ,맛좋음,1년 전
 별표 5개 ,,1년 전
 별표 5개 ,,1년 전
 별표 4개 ,,1년 전
 별표 5개 ,,1년 전
 별표 5개 ,"커피크래프트, 아이스에이지 추천",1년 전
 별표 5개 ,,1년 전
 별표 5개 ,시험기간만 아니면 자리잡기도 괜찮고 혼자서 공부하기 좋음. 딸기라떼는 진짜 최고,2년 전
 별표 5개 ,아직 시저커피랑 단짠단짠 안먹어봤는데 핫초코 완전 찐하구 달달하구 맛있었어요ㅠㅠㅠ,2년 전
 별표 5개 ,,2년 전
 별표 5개 ,특별한 음료에 편안한 분위기가 공존합니다,2년 전
 별표 5개 ,"전체적으로 크림을 아주 잘쓰는 카페입니다.
비쥬얼과 맛이 좋고!!
가장중요한것은 이가격에 이것을 먹을수 있다는 거에 만점을 줍니다.
가성비가 아주 훌륭한집입니다.",2년 전
 별표 4개 ,내 최애 카페다,2년 전
 별표 5개 ,,2년 전
 별표 5개 ,,2년 전
 별표 4개 ,,2년 전
 별표 5개 ,아이스에이지!!!!,2년 전
 별표 4개 ,,2년 전
 별표 2개 ,,2년 전
 별표 3개 ,,2년 전
 별표 4개 ,커피를 직접볶는 카페. 아이스에이지  최고!!,2년 전
 별표 5개 ,좋음,2년 전
 별표 4개 ,"분위기 좋고 조용해서 맘에 들었어요.
그런데 카페라떼는 좀 밍밍해서 아쉬웠습니다.",2년 전
 별표 4개 ,"분위기 괜찮고, 다양한 좌석이 있음. 커피도 괜찮음.",2년 전
 별표 5개 ,아이스에이지 짱맛!,2년 전
 별표 5개 ,,2년 전
 별표 5개 ,독특한 메뉴가 있는카페입니다,2년 전
 별표 5개 ,제가 가장 아끼는 카페입니다. 수준높은 커피를 원하신다면 방문해 보시길 추천합니다.,2년 전
 별표 5개 ,,2년 전
 별표 4개 ,느낌좋은 카페!!,2년 전
 별표 5개 ,단짠단짠? 혀튼 디져트 존맛,2년 전
 별표 4개 ,,2년 전
 별표 5개 ,맛있네요ㅎㅎ,2년 전
 별표 5개 ,,2년 전
 별표 5개 ,개꿀맛임 아이스에지네,2년 전
 별표 5개 ,1ㅂ22,2년 전
 별표 5개 ,커피가 맛있음,2년 전
 별표 4개 ,아이스에이지 먹으러 찾아가는곳. 맛있다! 더위사냥 먹는 느낌ㅋㅋ,2년 전
 별표 5개 ,,2년 전
 별표 5개 ,,2년 전
 별표 5개 ,,2년 전
 별표 4개 ,"아이스 에이지라는 커피가 맛있다고 해서 마셔봤는데 첫입이 정말 부드럽고 맛있음.
끝으로 갈수록 달달.
리필로 아메리카노를 마실수 있음.짱!
매장이 테이블이 적음.
공부하는 학생들이 자리 맡아둠.
알바인지 2층 치워달라고 해도 시쿤둥.
로스팅을 하는 시간인지 2층에 앉으니 더운열기 올라오고 답답하고 더웠음.
커피맛은 좋음.
다음에 디저트 먹으러..",2년 전
 별표 5개 ,맛나요!!커피가 굿굿,2년 전
 별표 5개 ,,3년 전
 별표 5개 ,,3년 전
 별표 4개 ,,3년 전
 별표 4개 ,커피맛있음.,3년 전
 별표 5개 ,"가면 먹는 아이스에이지
가격도저렴함
시끄러움.
개ㅐ굳굳.강추
※사진못찍음주의",3년 전
 별표 5개 ,최고의 커피집 맛나구 커피맛도 최고 사장님이 너무 멋지심,3년 전
 별표 3개 ,깔끔하고 분위기도 좋았어요,3년 전
 별표 5개 ,,3년 전
 별표 4개 ,커피가 맛있는데 장소가 조금 협소해요.,3년 전
 별표 5개 ,,3년 전
 별표 5개 ,일행이 나오지 않은 사진만 골라도 이정도일 만큼 재방문이 많았던 카페입니다. 개인적으로 디저트는 푸딩이 최고였습니다.,3년 전
 별표 5개 ,최고 특히 아이스에이지강추,3년 전
 별표 4개 ,,3년 전
 별표 5개 ,,3년 전
 별표 5개 ,아이스에이지 짱!!♥,3년 전
 별표 1개 ,"처음방문시 기다리라고하고
한참 기다렸는데.
우리순서 빼먹고 다음손님 커피를 줘서 이야기하니
담당자가 솔직하게 이야기안하고 거짓말을 함
솔직하게 이야기하고 주었으면 별1개는 안했음
1시간정도 차마시며 카운터옆이 여서 지켜본결과

저처럼 주문을 받지않고 기다리라고 말한팀도 우리가 처음임

줄줄이 들어와도 주문을계속 받음",3년 전
 별표 5개 ,,3년 전
 별표 5개 ,아이스에이즈 넘 맛있다♡,3년 전
 별표 5개 ,,3년 전
 별표 5개 ,,3년 전
 별표 4개 ,,3년 전
 별표 3개 ,,3년 전
 별표 5개 ,,3년 전
 별표 4개 ,커피 크래프트 맛있음!!!,3년 전
 별표 3개 ,첨음 맛있었는데 넘 느끼해서 멀미남,3년 전
 별표 5개 ,,3년 전
 별표 5개 ,,3년 전
 별표 5개 ,,3년 전
 별표 5개 ,,3년 전
 별표 5개 ,,3년 전
 별표 4개 ,,3년 전
 별표 5개 ,,3년 전
 별표 4개 ,맛남,3년 전
 별표 5개 ,,3년 전
 별표 5개 ,사장님이 안계셨지만 사장님이 잘생겼을것 같은 에이드맛이었습니다.,3년 전
 별표 5개 ,,3년 전
 별표 5개 ,,3년 전
 별표 5개 ,2층올라갈수있느면 매우 쾌적해서 좋아함,3년 전
 별표 5개 ,,3년 전
 별표 3개 ,아이스에이지♡  이 집에서 맛없는 커피 찾으시요 가 더 힘듦,3년 전
 별표 5개 ,"(Google 번역 제공) 전문 커피

(원문)
professional coffee",3년 전
 별표 5개 ,,3년 전
 별표 4개 ,커피를 먹지않아서 다른 메뉴는 모르겠지만 민트초코칩은 정말 맛있습니다. 민트향을 좋아하시는 분이라면 추천!,3년 전
 별표 4개 ,,3년 전
 별표 5개 ,라떼 너무 맛있음 ㅎㅎ,3년 전
 별표 4개 ,,3년 전
 별표 5개 ,,3년 전
 별표 5개 ,,3년 전
 별표 5개 ,,3년 전
 별표 5개 ,,3년 전
 별표 3개 ,,3년 전
 별표 5개 ,말로 설명할 수 없지만 참 좋은차.. 랑 아이스 에이지는 꼭 드셔보세요!!,3년 전
 별표 1개 ,사장이 마인드가 안됐네요 자리없다고 자리 만들어주지 못할망정 기분 나쁘게 쳐다보네 안가야지,3년 전
 별표 3개 ,,3년 전
 별표 4개 ,시브륄레를 먹을수있음,3년 전
 별표 4개 ,굿~~~~~~~~~~~,3년 전
 별표 4개 ,직접로스팅한커피가 아주향기롭고 가격도 저렴합니다,3년 전
 별표 5개 ,,3년 전
 별표 5개 ,,3년 전
 별표 4개 ,"깔끔한 인테리어, 맛있는 커피와 디저트
하지만 좁은 공간과 좌석이 많지 않음.",3년 전
 별표 4개 ,,3년 전
 별표 5개 ,,3년 전
 별표 5개 ,,3년 전
 별표 5개 ,색다른 커피가 많네요~,4년 전
 별표 5개 ,일단 카페 분위기가 엄청 좋고 시그니처 커피인 아이스에이지가 짱 맛있음!!! 게다가 저렴하기까지함... 아메리카노 리필도 되고ㅠ 진짜 강추ㅋㅋㅋ 집 앞에 있었으면 맨날 갔을듯...,4년 전
 별표 5개 ,,4년 전
 별표 4개 ,"맛있고
싸고
편한 분위기.
좋아요",4년 전
 별표 3개 ,,4년 전
 별표 4개 ,오랜만에 친구들과 커피를 마셨는데 요번엔 좀 쌀쌀한 거 같아서 라떼를 먹었어요^^  양두 많고 맛도 굿~~~,4년 전
 별표 4개 ,,4년 전
 별표 4개 ,창조적인 곳이죠,4년 전
 별표 4개 ,아메리카노 시켰을 때 사이즈 안물어보길래 작게 나오나 했는데 사이즈도 크고 기본으로 투샷인지 진하게 나와서 좋았음. 게다가 2500원 밖에 안함.,4년 전
 별표 3개 ,소금커피가 맛나다. 다소 시끄럽고 화장실 이용이 불편하다.,4년 전
 별표 5개 ,,4년 전
 별표 4개 ,커피맛나여 주차공간은없어서 알아서주차해야해여,4년 전
 별표 5개 ,,4년 전
 별표 5개 ,쿠폰을 모아요,4년 전
 별표 4개 ,시그니쳐 커피 아이스에리지 추천!!,4년 전
 별표 5개 ,항상 만족하며 가는 곳이에요! 특히 아이스에이지 짱 ㅋㅋ,4년 전
 별표 5개 ,,4년 전
 별표 3개 ,,4년 전
 별표 5개 ,"직접 커피를 볶아요.
갈때마다 사람이 많아요",4년 전
 별표 5개 ,맛있음 가격도 적당함 사진은 딸기라떼인데 맛있고 아이스에이지 단짠단짠은 사랑,4년 전
 별표 5개 ,,4년 전
 별표 4개 ,커피가 너무 맛있어서 자꾸 생각나는 곳,4년 전
 별표 5개 ,,4년 전
 별표 4개 ,,4년 전
 별표 5개 ,아이스에이지 너무조타..♡,4년 전
 별표 3개 ,,4년 전
 별표 4개 ,좋아요,4년 전
 별표 4개 ,,4년 전
 별표 5개 ,,4년 전
 별표 5개 ,정말 맛있어요,4년 전
 별표 5개 ,"스모어 짱, 노트북 하기도 좋음",4년 전
 별표 5개 ,커피가 맛있음,4년 전
 별표 5개 ,로스터리 카페,4년 전
 별표 5개 ,,4년 전
 별표 5개 ,,4년 전
 별표 3개 ,무난해요,4년 전
 별표 5개 ,,4년 전
 별표 5개 ,,4년 전
 별표 5개 ,,4년 전
 별표 4개 ,친절하구요. 커피도 맛 있어요,4년 전
 별표 4개 ,단짠단짠 맛있어요,4년 전
 별표 3개 ,커피는 맛있지만 불친절한 사장,4년 전
 별표 4개 ,,4년 전
 별표 5개 ,,5년 전
 별표 5개 ,매일 가는 제 최애카페입니다~~ 커피 너무 맛있어요!!,5년 전
 별표 5개 ,,5년 전
 별표 5개 ,시저시저,5년 전
 별표 5개 ,,5년 전
 별표 4개 ,,5년 전
 별표 4개 ,분위기 있다.,5년 전
 별표 4개 ,특이한 커피,5년 전
 별표 5개 ,진짜 맛있다,5년 전
 별표 4개 ,,5년 전
