rating,review,duration
 별표 4개 ,,3주 전
 별표 5개 ,"(Google 번역 제공) 우수한 아이스크림

(원문)
Excellent ice cream",1달 전
 별표 5개 ,단호박식혜 달달하고 맛있음,1달 전
 별표 4개 ,커피가 맛있습니다~,2달 전
 별표 5개 ,분위기 좋고 빵과 커피도 맛있어요,2달 전
 별표 5개 ,"(Google 번역 제공) 우리가 마실 차가운 것이 필요하다고 결정할 때 우리가 처음 본 곳이기 때문에 음료를 마시러 왔습니다.
귀여운 곳!!
매우 아름답고 아늑합니다. 직원들은 친절하지만 영어를 잘 하지 못합니다. 우리는 요즈 아데를 얻었습니다. 완벽한!! 상큼한 껍질 조각으로 풍미를 더했습니다. 이 더운 여름날 우리에게 필요한 것.
적극 추천합니다!!!

(원문)
Came in for a drink, because it was the first place we saw when we decided we needed something cold to drink.
Cute place!!
Very beautiful and cosy. Staff is nice but doesn't speak very good English. We got the yozu-ade. Perfect!! Refreshing, with pieces of the peel for extra flavor. Just what we needed on this hot summer day.
I highly recommend!!!",2달 전
 별표 4개 ,"아이스크림은맛있고 앙버터는 크기가너무작은데 맛은 괜찮 비엔나커피(아인슈페너)는 크림이 너무느끼해서 별로,,",3달 전
 별표 4개 ,,3달 전
 별표 5개 ,"(Google 번역 제공) 매우 귀여운 위치. 연유라떼는 너무 달지도 않고 맛있었어요. 미니 트러플이 있어요. 그들은 좋았지 만 마차 맛은 매우 씁쓸했습니다. 나머지 두 개는 맛있었다.

(원문)
Very cute location. Condensed milk latte was delicious, not too sweet. I got rhe mini truffles. They were good but the maycha flavor was extremely bitter. The other two were delicious.",3달 전
 별표 4개 ,,3달 전
 별표 4개 ,고즈넉한 한옥집,4달 전
 별표 4개 ,,4달 전
 별표 4개 ,"다 괜찮은데  청결상태가 좀 미흡
안보이는 곳에 먼지가 많이 쌓여있음",5달 전
 별표 5개 ,"(Google 번역 제공) 분위기가 좋고 주말에는 확실히 혼잡하므로 가능하면 평일에 오는 것이 좋습니다. 그들의 젤라토 맛은 흥미롭고 나는 그들의 인절미 티라미수를 정말 좋아했습니다.

(원문)
Great atmosphere and definitely would get crowded on the weekends so highly recommend to come on a weekday if you can. Their gelato flavours are interesting and I really liked their injeolmi tiramisu.",5달 전
 별표 3개 ,"(Google 번역 제공) 팥이 들어간 숯불만두와 두툼한 버터가 들어간 사진을 보고 여기까지 왔습니다. '아, 이렇게 맛있고 죄가 많은가!'라고 생각했습니다.
나는 미로와 비밀 발견 때문에이 지역을 좋아하고 여기 안에 서울 커피가 있다는 것을 발견했습니다. 평일 늦은 오후에 거기에 있었지만 여전히 비교적 붐비고 운이 좋은 테이블을 찾을 수있었습니다. 카운터를 지나는 순간 숯불빵이 나를 바라보고 있었다. 나는 이미 늦은 점심을 먹었기 때문에 많은 것을 주문할 것이라고 기대하지 않았습니다. 비록 꽤 흥미로워 보이는 다른 패스트리도 있었지만.
그러나 나를 놀라게하고 기쁘게 한 것은 그들이 소복 소프트 아이스크림을 제공하는 것을 보았을 때였습니다! 소복을 찾으러 가려고 했는데 주변에 지점이 다 문을 닫은 것 같아서 처음엔 많이 실망했는데 드디어 여기서 봤어요!
그래서 그냥 소프트아이스크림과 빵을 주문해서 카페 한가운데에서 맛있게 먹었습니다. 빵은 빵이 좀 커서 사람들 블로그에서는 커보이고 좋아보였는데 크기는 말 그대로 손바닥만한 크기입니다. 버터를 바르기 전에 빵을 살짝 데워줄 거라고 예상했을 수도 있는데 빵이 좀 딱딱하고 차가웠어요. 팥 부분도 좀 아쉬웠습니다.
반면 소복소프트는 날 구했다. 인절미 소프트아이스크림을 정말 맛있게 먹었는데 소프트아이스크림에 인절미 주먹밥, 곶감, 견과류 등 재미있는 아이템이 추가되었습니다.
다른 패스트리와 음료는 확실하지 않지만 식히기에 나쁜 곳은 아닙니다.

(원문)
I came here because I read and saw photos of the charcoal bun with red bean and thick slabs of butter. I was thinking 'oh my it must be so delicious and sinful!'
I love this area because of the maze and the secret finds, and found Seoul Coffee to be located inside here. Was there on a late afternoon on a weekday but it was still relatively crowded and was lucky could find myself a table. The moment I walked past the counter I could see the charcoal buns looking at me. I already had a late lunch so I wasn't expecting myself to order much, though there were other pastries which looked quite interesting as well.
However one thing that surprised and delighted me was when I saw them serving Sobok soft serve! I was planning to look for Sobok but it seemed like they have closed all the branches around, I was quite disappointed initially but I finally saw it here!
So I just ordered the soft serve and the bread and enjoyed them at a quiet corner of the café. I was a little disappointed with the bread, it looks big and nice in people's blog but the size is literally smaller than size of a palm. Maybe I was expecting them to heat the bun a little before putting the butter, but the bread was kinda hard and cold. The red bean portion was also kind of miserable.
On the other hand the Sobok soft serve saved the day. I really enjoyed the injeolmi soft serve and there were some additional interesting items added to the soft serve, like the injeolmi rice ball, some dried persimmon, and nuts.
Not sure about the other pastries and beverages but it is not a bad place to chill.",5달 전
 별표 4개 ,"(Google 번역 제공) 납작한 오징어 먹물 빵. 방탄이 버터처럼 부드러우면서 잠복범처럼.. 두툼한 버터가 오징어먹물빵에 완전 짱짱! 이 곳의 디자인은 한옥 안에 보관된 도자석 중 하나입니다. 그들의 음식은 훌륭하고 분위기는 강하지만 #coffeeart로 약간의 개선을 할 수 있습니다.

(원문)
Squid Ink Bread with Flat White. As BTS sang smooth like butter, like a criminal undercover... This thick slab of butter is super shiok (yummy) on the squid ink bread.  The design of this place is one of ceramic stones housed within a Hanok. Their food is great and the vibe is strong but some improvement could be done with their #coffeeart.",5달 전
 별표 4개 ,"아이스크림(딸기,순우유)이랑 앙버터. 아는 사람은 바로!! ㅋ 앙버터 맛있는데 빵이 쪼오금 뻑뻑했음. 내가 타이밍이 안좋았을까... 조용하고 맛있는 곳.",5달 전
 별표 1개 ,10초만에 추출되는 커피,5달 전
 별표 5개 ,,6달 전
 별표 5개 ,,6달 전
 별표 5개 ,"(Google 번역 제공) 훌륭한 커피, 훌륭한 분위기, 나는 매일 거기에 갑니다.

(원문)
Great coffee, great atmosphere, I go there every day.",7달 전
 별표 4개 ,예쁜카페에 분위기좋고  손님도많고 커피맛도 진하면서도 맛이 좋았어요.편한자리는  아니었지만 화초가 가까이있어  나름 괜찮았어요.가격은 조금높은편이에요,9달 전
 별표 4개 ,"인테리어는 어딜 가나 다 이쁜 동네
커피랑 아이스크림 맛있게 먹고 왔어여
기다릴 정도 는 아니고 자리있을때 한번 가서 구경하고 먹고 오는정도?",10달 전
 별표 5개 ,,11달 전
 별표 3개 ,"음..익선동이라는 프리미엄 감안해도 좀 그럽니다.
소복아이스크림 단맛을 좀 줄인다면 건강한 맛일듯",1년 전
 별표 4개 ,,1년 전
 별표 4개 ,"기대이하,",1년 전
 별표 4개 ,,1년 전
 별표 4개 ,,1년 전
 별표 4개 ,,1년 전
 별표 2개 ,"사람 많음
화장실 남녀공용
커피 등 비쌈",1년 전
 별표 4개 ,,1년 전
 별표 3개 ,,1년 전
 별표 2개 ,딸기라떼 위에 아이스크림인줄 알았는데 낚임 생크림임,1년 전
 별표 4개 ,"유명한 카페 라서 그런지 커피도 맛있어요
전 앙버터가 맛있더라구요",1년 전
 별표 5개 ,평일 낮이라 갈만한데 주말엔 넘 복잡함^^,1년 전
 별표 4개 ,"커피 산미는 강하지않아요 빵 맛있지만
크기에 비해  비싸요ㅠ
카페는 예뻐요",1년 전
 별표 5개 ,보리아이스크림이 맛있어요,1년 전
 별표 4개 ,아이스크림 꼭 드셔보세요,1년 전
 별표 4개 ,"분위기는 한옥집을 개조한 구조 테이블은 많지 않지만 자리간 간격은 넓은편, 차값은 대신 비싼편입니다",1년 전
 별표 5개 ,"오오오오
1개 5천원인데 제법 맛나요
보리, 낑깡, 초코, 체리, 녹차 등등 다양하고 다 맛나요",1년 전
 별표 5개 ,분위기가 괜찮았고 음식도 맛있었다,1년 전
 별표 5개 ,,1년 전
 별표 4개 ,,1년 전
 별표 3개 ,분위기도 좋고 커피도 맛있는 가격에 맞는 딱 그정도,1년 전
 별표 4개 ,"(Google 번역 제공) 나는 수요일 정오 쯤에 왔고 거기에 나만 있었기 때문에 매우 조용하고 평화 롭습니다. 하지만 나중에 포장이 되었기 때문에 좌석을 원하시면 일찍 도착하는 것이 좋습니다 (아늑한 구석에 앉아야합니다!).
나는 딸기 비엔나 라떼 (생크림이 너무 많지만 맛있음)를 먹었습니다. 메뉴의 모든 것이 맛있어 보였기 때문에 꼭 돌아와서 다른 것을 시도하고 싶습니다.

(원문)
i came around noon on a wednesday and i was the only one there, so it was super quiet and peaceful. however, later it became packed, so i definitely recommend getting there early if you want a seat (i got to sit in the cozy nook!)
i got the strawberry vienna latte (so much whipped cream but delicious)—everything on the menu looked good though, so i definitely want to return and try other things",1년 전
 별표 3개 ,베쯔니,1년 전
 별표 4개 ,,1년 전
 별표 4개 ,,2년 전
 별표 3개 ,"익선동 분위기에 취해 가는곳
인테리어 때문에 별 셋
익선동 높은 임대료가 식대료에 반영되 있다",2년 전
 별표 5개 ,,2년 전
 별표 4개 ,"주말의 익선동은 많은 사람들로 무척 붐비는데...
유독 통창 안으로 푸른 식물들이 무척이나 신선해 보이던곳 서울커피! 나도 모르게 그 싱그럼 속으로 빨려들어갔는데...  이미 테이블 자리는 만석. 우리는 출입구쪽 화단에 자리를 잡았다. 차 맛은 그리 탁월한것까진 없지만 멋진 플랜테리어의 싱그럼만으로도 충분히 힐링되는곳이었다",2년 전
 별표 4개 ,"(Google 번역 제공) 정말 맛있는 수플레 팬케이크. 또한 장소를 사랑했고 정말 친절했습니다 ~

(원문)
Really delicious soufflé pancakes. Also loved the place and they were really kind~",2년 전
 별표 5개 ,,2년 전
 별표 5개 ,신기한 인테리어,2년 전
 별표 3개 ,,2년 전
 별표 4개 ,인절미티라미수 맛있음 익선드립커피 아이스 맛있음,2년 전
 별표 4개 ,분위기로 게임 끝!,2년 전
 별표 2개 ,,2년 전
 별표 2개 ,,2년 전
 별표 5개 ,한옥 분위기도 너무 좋구 빵과 커피도 너무 맛있었어요,2년 전
 별표 2개 ,커피맛은 그럭저럭 !,2년 전
 별표 2개 ,평범한 커피의 한옥 카페. 좀더 좋은 평가를 주기에는 파리가 너무 많았다. 커피 한잔하면서 창에 붙어 있는 날파리를 세마리나 잡은 경험을 하게 해준 곳.,2년 전
 별표 3개 ,좁고 복잡.맛 최고,2년 전
 별표 5개 ,"(Google 번역 제공) 내가 가진 최고의 초콜릿 티라미수 중 하나

(원문)
One of the best chocolate tiramisu I have ever had",2년 전
 별표 3개 ,,2년 전
 별표 3개 ,"(Google 번역 제공) 평일 점심 무렵에 방문하면 와르르. 그런데 빵은 품절이 하나 둘씩. 가게의 분위기는 멋진이고, 사람이 없었던 것도 조용히 지낼 수있어서 좋았는데 품절뿐만 죄송합니다. 비엔나 커피는 크림 가득하고 맛 있었다.

(원문)
平日お昼頃に訪問したら、がらがら。なのに、パンは売り切れがちらほら。お店の雰囲気は素敵だし、人がいなかったのも静かに過ごせてよかったけど、品切れだけ残念。ウィンナーコーヒーはクリームたっぷりでおいしかった。",2년 전
 별표 4개 ,옛날고향집 분위기를 느낄 수 있는 곳입니다,2년 전
 별표 4개 ,,2년 전
 별표 4개 ,,2년 전
 별표 5개 ,,2년 전
 별표 5개 ,익선동 수많은 카페중에서도 손꼽히는 카페입니다!!! 전 개인적으로 카페 인테리어도 많이 중요하다 생각하는데 깔끔하게 배치되어있고 특이하게 방에 앉아서 마실수있는 곳도 같이 있어 신기했었습니다~,2년 전
 별표 4개 ,,2년 전
 별표 5개 ,"(Google 번역 제공) 비엔나 커피는 너무 좋았습니다. 인테리어와 분위기도 매우 좋습니다 👍

(원문)
Vienna coffee was soo good. Interior and atmosphere is also very nice 👍",2년 전
 별표 4개 ,,2년 전
 별표 5개 ,"(Google 번역 제공) 커피 차 한국 집에 떠있는 이슬 달콤한 쌀이 있었다
인근 멋진 카페 빵이 많이도 먹고 좋은가되어 있습니다

(원문)
在韓屋裡面喝咖啡 飄浮奶茶 也有甜米露
附近也有很多很棒的咖啡廳 麵包也不錯吃",2년 전
 별표 4개 ,앙버터빵 달지않고 커피도 맛있고 데이트하기 좋은장소인듯싶어요. 아이스크림은 먹을만하면서 건강한맛이였어요^^,2년 전
 별표 4개 ,외국인에게 추천할만한 좋은 커피숍입니다.,2년 전
 별표 5개 ,,2년 전
 별표 4개 ,"(Google 번역 제공) 확인 커피를 제공하는 재미있는 카페. 빵은 나쁘지 않지만 2 큰 버터 조각과 함께 제공됩니다. 티라미수는 멋지다-달콤하지는 않지만 조금 건조했다. 여기의 모든 항목은 세 심하게 제시되고 제공되었습니다.

카페는 익선동 한옥 마을에 위치하고 있습니다.

(원문)
Interesting Cafe serving ok coffee. The bread is not bad but is served with 2 big slices of butter. The tiramisu is nice - not so sweet, but was a little dry for me. All items here were meticulously presented and served.

The Cafe is located in Ikseondong Hanok Village.",2년 전
 별표 4개 ,"(Google 번역 제공) 현대적인 편안함과 함께 한국 전통 집을 경험할 수있는 독특한 장소. 비엔나 milktea는 정말로 맛 좋았다.

(원문)
Unique place you can experience traditional korean house with modern comfort. Vienna milktea was really delicious.",2년 전
 별표 3개 ,,2년 전
 별표 5개 ,친절하고 맛좋습니다.,2년 전
 별표 5개 ,고즈넉한 느낌의 한옥 카페. 우유맛 아이스크림은 필수 ㅎㅎ,2년 전
 별표 4개 ,데이트하다 들려볼만한 카페,2년 전
 별표 4개 ,"경주에 있는 서울커피점이 더 분위기가 좋고 커피맛이 괜찮은건 기분탓일까...

비엔나 커피 추천 다른건 다 그냥 소소",2년 전
 별표 5개 ,,2년 전
 별표 4개 ,,2년 전
 별표 5개 ,인스타로 앙버터사진보고 가봤는데 실물영접해보니까 더 귀여워요..버터랑 팥이랑 빵이랑 너무 잘어울리고 맛있아요!! 익선동 가면 필수코스..,2년 전
 별표 5개 ,"비엔나커피랑 큐브아이스크림 먹구 왔어요!
아이스크림 맛 들도 특이한것도 많고 넘 맛있더라구요
특이한 아이스크림먹고싶다면 강추! 카페분위기도 한옥같은 분위기라 넘 맘에 들었어요 익선동 간다면 한번쯤 가보는것도 나쁘지않을듯!",2년 전
 별표 5개 ,"유명하다고 해서 친구랑 다녀왔는데,
앙버터랑 커피랑 먹었는데 완전 맛있음!
사람 지인~~짜 많음 ㅠㅠ",2년 전
 별표 5개 ,,2년 전
 별표 3개 ,"커피보다 아이스크림이 맛있는 커피집~
특히 드립커피는 강력하게 비추천~~
배전도가 너무 높아 쓴맛이 강조되어 개인적으로는 마시기 힘들었다~",2년 전
 별표 4개 ,"(Google 번역 제공) 선택할 수있는 간식은 많지 않지만 나쁘지 않고 달지 않지만 기름기가 없습니다! 적은 위치

(원문)
點心選擇不多，但還不錯吃，甜而不膩！位置少",2년 전
 별표 5개 ,예쁜 한옥 카페 커피 맛도 좋음,2년 전
 별표 5개 ,"(Google 번역 제공) 주문 된 Afogaard. 상자 아이스크림을 커피에 넣으십시오. 이것은 역순입니다 ... 아이스크림은 조금씩 녹을 수 없습니다. 초콜릿은 맛있었습니다.

(원문)
Ordered Afogaard. Put the box ice cream in the coffee. This is the reverse procedure...Ice cream cannot be melted little by little. The chocolate was delicious.",2년 전
 별표 4개 ,,2년 전
 별표 5개 ,"익선동 한옥의 분위기를 잘살려 커피맛이 더 좋게 느껴짐!
아이스크림이 기대이상으로 맛있고 신기한 맛도 몇개있음.
비엔나밀크티의 위에 크림이 정말 부드럽고 맛있음.
앙버터보다 오히려 아이스크림 맛집인듯!
저번에는 웨이팅 때문에 무슨 카페가 웨이팅이냐하고 다른곳 갔는데, 오늘 일욜 9시 바로 들어갔고 북적거리지않았음.",2년 전
 별표 4개 ,,2년 전
 별표 5개 ,"역시 익선동 핫플 인정ㅋㅋㅋ
이집 앙버터 맛집이에용!
비엔나 밀크티도 넘 꿀맛
한옥 분위기가 아늑하니 넘 좋네요",2년 전
 별표 5개 ,앙버터도 맛있지만 커피가 정말맛있어요 특히비엔나크림이예술이에요,2년 전
 별표 2개 ,,2년 전
 별표 5개 ,익선동 서울 커피가 유명하여 방문했습니다. 분위기는 역시나 좋았습니다. 사람이 워낙많아서 자리에 앉으려면 웨이팅은 필수 입니다. 앙버터랑 아이스크림은 정말 맛있습니다. 물론 커피도 평균 이상은 했습니다. 연인과 함깨하기 좋은 장소입니다.,2년 전
 별표 3개 ,평일 점심시간을 이용해서 가기 좋은 커피숍,2년 전
 별표 4개 ,주변 카페에 비해 크게 이쁘거나 하지 않지만 이 가게만에 감성이 있음.,2년 전
 별표 4개 ,안쪽으로 들어가면 너무 어두워요ㅋㅋ 아이스아메리카노 밀크티 맛나네요 찐해요 앙버터 먹물빵은 맛난데 자르기도 불편하고 비싸네요,2년 전
 별표 4개 ,맛있는데 비싸서 가격이 좀 부담스럽지만 갈만함당,2년 전
 별표 1개 ,"커피맛이 특별히 좋은 것도 아니고.. 가격도 메리트 없고...
그냥 유행하는 동네 따라 함께 사람만 많이 붐비네요..재방문 의사는 없음.",2년 전
 별표 4개 ,,2년 전
 별표 4개 ,"(Google 번역 제공) 녹차와 숯불 버터 롤빵을 주문했는데, 아주 좋은 곳으로, 긴 산책 후에 아프게 발을 쉴 수있는 곳을 추천 할 것입니다. 카페는 매우 흥미로운 건축 디자인 컨셉을 가지고 있으며 화장실을 사용하고 있습니다.

(원문)
Ordered the green tea and charcoal butter bun, quite good, would recommend this place to rest your aching feet after a long walk, the café has very interesting architectural design concept, go use the toilet, they're quite intriguing.",2년 전
 별표 4개 ,"(Google 번역 제공) 20191117 월요일 아침 카페가 아직 비어 있습니다. 떠날 때 사람들이 많이 모입니다 빵의 모양은 좋지만 맛은 인기가 있습니다.

(원문)
20191117 週一早晨 咖啡館還空蕩蕩的 離開時已是整間的人潮 麵包有型但口味普普 營造的整體氛圍好入鏡",2년 전
 별표 5개 ,,2년 전
 별표 4개 ,,2년 전
 별표 4개 ,,2년 전
 별표 3개 ,"(Google 번역 제공) 평범한

(원문)
普通",2년 전
 별표 4개 ,,2년 전
 별표 3개 ,소문(?)에 비해선 테이블회전이 빠른편. 자리는 없어도 테이크아웃은 금방 가능 앙버터가 메인이던데 굳이 여기서 먹어야하는 메리트는 모르겠다 커피도 soso...그래도 주변가게에 비해선 가격이 저렴한편인가...?,2년 전
 별표 3개 ,이전부터 자주오던곳인데 오랜만에 오니 커피맛도 변하고 비엔나도 별로입니다...한잔에 7000원인데 너무 맛없어요,2년 전
 별표 5개 ,"(Google 번역 제공) 믿을 수 없을만큼 원래의 장소. 적극 추천하고 녹차 라떼는 환상적입니다!

(원문)
Un lloc increïblement original. Molt recomanable i el green tea latte fantàstic!",2년 전
 별표 4개 ,"(Google 번역 제공) 오래된 한옥에서 개조 된 카페는 모든 환경에서 매우 신중하며 통나무와 블랙 골드 톤으로 장식되어 있으며 단순하고 우아합니다. 식사는 또한 사진 촬영을 좋아하는 사람에게 적합한 특정 수준을 가지고 있습니다
하지만 손님은 정말 많고 조금 기다려야 할 수도 있습니다

(원문)
老韓屋翻修的咖啡廳，每一處擺設都非常細心，以原木與黑金色調搭配綠植栽，簡單的高雅氛圍。餐點也有一定水準，適合愛拍照的你
但客人真的很多，可能需要稍微候位",2년 전
 별표 5개 ,,2년 전
 별표 4개 ,,2년 전
 별표 4개 ,비엔나밀크티는 생크림이 진하고 달고 맛있어요. 연유라떼도 지인이 달았다고 하네요. 앙버터빵은 맛있는데 비싸요. 초콜렛은 녹차맛이 엄청 강했어요,2년 전
 별표 4개 ,"(Google 번역 제공) 환경이 좋고 사진을 찍기에 적합하며 Yishandong은 밤에 매우 낭만적입니다! ! 카페인을 마시기 위해 방문할 가치가 있는

(원문)
環境不錯很適合拍照，晚上益善洞很浪漫！！很值得去逛逛喝卡啡",2년 전
 별표 5개 ,,2년 전
 별표 4개 ,,2년 전
 별표 3개 ,,2년 전
 별표 4개 ,,2년 전
 별표 4개 ,,2년 전
 별표 4개 ,,2년 전
 별표 4개 ,도심 속에서 도시를 벗어난 느낌,2년 전
 별표 5개 ,,2년 전
 별표 4개 ,익선동 구경도 하고 좋아요.^^,2년 전
 별표 2개 ,커피맛은 괜찮으나  장소가 불편하고 화장실서도 냄새가남. 관리가 허술함,2년 전
 별표 2개 ,"(Google 번역 제공) 버터 샌드가 인스턴스 돋보에서 인기.
실제로 버터 대신 마가린 냐고.
하나 먹으면 가슴 앓이 할 것입니다 (.-_-.)

(원문)
バターサンドがインスタ映えで人気。
実際は バターではなく マーガリンかと。
ひとつ食べると胸焼けしそうです(｡-_-｡)",2년 전
 별표 4개 ,분위기 좋은 카페네요~~,2년 전
 별표 3개 ,명성에 기대가 컸을까요. 매번갈때마다 그냥 그래요. 엄청나게 기대할 만한게 없어요.,2년 전
 별표 4개 ,"(Google 번역 제공) 익선동에서 쉬기 좋은 곳, 콜드브루와 버터빵이 꽤 괜찮았어요

(원문)
A nice place to chill in ikseondong, cold brew and butter bread was pretty good",2년 전
 별표 4개 ,,3년 전
 별표 4개 ,,3년 전
 별표 5개 ,"(Google 번역 제공) 익선동의 중형 카페. 매우 혼잡하지만 아늑하고 가벼운 마음. 친절한 직원

(원문)
A medium size cafe at Ikseon-dong. Very crowded but cozy and light-hearted. Staff are friendly",3년 전
 별표 5개 ,커피맛 좋아요.,3년 전
 별표 5개 ,레트로 감성 풍부한 서울커피,3년 전
 별표 4개 ,"(Google 번역 제공) 좋은

(원문)
還行",3년 전
 별표 1개 ,공격적이고 무례한 여자 스탭...카페가 아닌 시장통 경험. 타이트한 일정에 찾아갓는데 결국은 시간낭비.,3년 전
 별표 5개 ,,3년 전
 별표 5개 ,디저트 맛있었어요. 양도 적당히 많고 시원한곳!,3년 전
 별표 4개 ,인절미 티라미슈와 인테리어외엔 특이하진 않아요,3년 전
 별표 5개 ,"(Google 번역 제공) 커피는 내가 정말 고객 서비스를 좋아 좋았어요. 송이는 매우 친절하고 많은 우리를 도와!

(원문)
The coffee was great, i really liked the customer service. 송이 was very friendly and helped us out a lot!",3년 전
 별표 3개 ,,3년 전
 별표 3개 ,맛없고 분위기만 댑따조음,3년 전
 별표 4개 ,,3년 전
 별표 1개 ,,3년 전
 별표 5개 ,"(Google 번역 제공) 좋은 분위기와 맛있는 쿠페 .. #coofeelover

(원문)
Good atmosphere and delicious Coofee.. #coofeelover",3년 전
 별표 5개 ,"(Google 번역 제공) 멋진!!!!!

(원문)
Nice!!!!!",3년 전
 별표 5개 ,"익선동에서 지나칠때마다 여긴 장소도 좁고 익선동 다른 카페에 비해 인테리어가 뛰어난 곳도 아닌데 왜 항상 사람이 많을까 의문을 가지다가 이번에 자리가 있길래 이용해 봤는데.. 커피 맛이 너무너무너무너무 괜찮았어요! 비엔나커피는 크림이 그렇게 두꺼운건 처음, 플랫화이트 아이스는 정말 엄지척! 묵직한 향이 입안에 오래도록 남는 훌륭한 맛입니다.",3년 전
 별표 1개 ,"지저분한 테이블은 손님이 물티슈가지고 가서 닦아야하고, 툇마루에 앉는곳 구석 엔 거미줄이 있어 지저분하게 느껴졌다. 눈에 보이는 곳만 깨끗하게 느껴질 정도.. 밝은 인상이 아니였다 .하..",3년 전
 별표 3개 ,익선동 유명카페. 그냥 인스타용. 사악한 크기의 앙버터를 본다면 실소만 나옴,3년 전
 별표 5개 ,,3년 전
 별표 5개 ,,3년 전
 별표 3개 ,인스타용 맛집. 익선동 왔다면 한번은,3년 전
 별표 3개 ,"겉으로는 특이해 보이기도하고, 맛있어 보이지만 보이는것 만큼의 만족도는 크지 않은 곳. 특히, 식빵의 비주얼에 속아  너무 큰 기대를 하면 실망이 큰 곳.
지나가다 가볍게 들르기 괜찮은 곳.",3년 전
 별표 5개 ,,3년 전
 별표 4개 ,익선동 핫플. 앙버터 식빵도 나쁘지않은편,3년 전
 별표 3개 ,,3년 전
 별표 3개 ,"(Google 번역 제공) 아주 좋지는 않아, 마약 중독자 얼굴 직원이있는 침대가 아닌 커피.

(원문)
Not very good, not very bed coffee with porker face staff.",3년 전
 별표 3개 ,"(Google 번역 제공) 좋은 티라미수하지만 서비스는 그렇게 - so

(원문)
Good tiramisu but service is so-so",3년 전
 별표 4개 ,,3년 전
 별표 4개 ,"(Google 번역 제공) 좋은 커피

(원문)
Nice coffee",3년 전
 별표 5개 ,,3년 전
 별표 4개 ,커피 아이스크림 전문점,3년 전
 별표 4개 ,,3년 전
 별표 5개 ,,3년 전
 별표 3개 ,가장 익선동다운 훌륭한 분위기와 뛰어난 커피와 디저트들. 하지만 그 대가는 고통스러운 웨이팅.,3년 전
 별표 5개 ,커피맛이 좋다.,3년 전
 별표 5개 ,,3년 전
 별표 4개 ,,3년 전
 별표 3개 ,익선동 이여  영원하라..맛좋구요...분위기 좋구요,3년 전
 별표 4개 ,,3년 전
 별표 4개 ,,3년 전
 별표 5개 ,비엔나밀크티 맛있음,3년 전
 별표 5개 ,앙버터빵 맛잇어요 강추강추 비주얼도 장난아니예요,3년 전
 별표 5개 ,,3년 전
 별표 3개 ,,3년 전
 별표 3개 ,,3년 전
 별표 4개 ,"(Google 번역 제공) 커피와 작은 물린 작은 카페

(원문)
small cafe with coffee and small bites",3년 전
 별표 2개 ,"분위기에 가는 카페는 아닙니다~
테이블이 너무 적네요~",3년 전
 별표 3개 ,"(Google 번역 제공) 긴 대기열

(원문)
Long queue",3년 전
 별표 3개 ,,3년 전
 별표 3개 ,"커피 맛은 괜찮았으나
바빠서였는지 좀 귀찮은듯한 응대..
찢어먹는 빵이 아닌데 나이프 너무 불편해요..ㅜ",3년 전
 별표 4개 ,솔직히 이런 컨셉카페는 기대감이 낮았는데 커피맛이 너무 좋아서 감탄했다. 먹어보진 않었지만 앙버터디저트도 있고 분위기도 좋아서 한번쯤 가보면 좋을 것 같다. 다만 워낙 매장위치가 좋아서 매장내 자리를 잡긴 쉽지 읺을 것 같다.,3년 전
 별표 4개 ,,3년 전
 별표 4개 ,"(Google 번역 제공) 한국 스타일의 전통 가옥 & 좋은 커피. 최고의 버터 빵이 최고 !!

(원문)
Korean style tradition house & Good coffee. Signature butter bread is best!!",3년 전
 별표 3개 ,,3년 전
 별표 5개 ,,3년 전
 별표 4개 ,,3년 전
 별표 5개 ,비엔나 밀크티(차가운 거)가 위의 밀크티맛 크림과 함께 인상적,3년 전
 별표 3개 ,익선동 한옥커피집,3년 전
 별표 2개 ,,3년 전
 별표 4개 ,휴일이라 기다리는 시간이 좀 길었지만 안내해주시는 분이 참 친절하셨고 카페 분위기도 참 좋아서 즐거운 시간 보낼 수 있었습니다~,3년 전
