rating,review,duration
 별표 3개 ,,11달 전
 별표 5개 ,분위기 좋아요!!,11달 전
 별표 5개 ,분위기를 좋아해주셔서 감사합니다!! 😍,1년 전
 별표 2개 ,무엇보다 친절해서 좋아요,1년 전
 별표 5개 ,"건물이 좀..무서워요..
(저녁에 갔다왔어요)",1년 전
 별표 5개 ,야무지네요👨‍💻,1년 전
 별표 5개 ,,1년 전
 별표 5개 ,홍합스튜 맛있어요,1년 전
 별표 5개 ,수수하게  먹는밥집,1년 전
 별표 5개 ,,1년 전
 별표 5개 ,찾긴 어렵지만 일단 들어가면 아지트같은 편안함이 있음,1년 전
 별표 5개 ,,1년 전
 별표 4개 ,"카페 찾아 돌아다니다 있길래 들어갔는데 예상치 못하게 득템한 느낌.
8시 이후에 갔는데 커피메뉴 술메뉴 디저트 다 팔았다. 핸드드립 마셨는데 원두는 프릳츠거 쓰는 듯하다. 산미보단 고소에 가까운?호불호 안 갈릴 커피맛이었다. 초코크러플은 이런 정성으로 주신다고?!할 정도의 비쥬얼과 그에 버금가는 맛이었다.
공간이 그리 넓은 건 아니지만 이 정도면 충분하지 뭐. 작은 테레비가 재밌었다. 테레비와 거울에 다른 각도로 비추어지는 게 묘미.
덕분에 하루의 끝이 좋았습니다.",1년 전
 별표 4개 ,,1년 전
 별표 5개 ,,1년 전
 별표 4개 ,,1년 전
 별표 5개 ,,1년 전
 별표 5개 ,입구가 카페처럼 안생겼다. 작고 아담한 카페이며 핑크빛 불빛이 인상적이다. 커피도있지만 칵테일도 있어서 간단한 술 하기도 좋다.,2년 전
 별표 5개 ,,2년 전
 별표 5개 ,,2년 전
 별표 4개 ,초코오레가 짱짱맛있어요♡♡♡,2년 전
 별표 5개 ,,2년 전
 별표 4개 ,분위기깡패,2년 전
 별표 4개 ,,2년 전
 별표 5개 ,미묘한 핑크색 조명과 CCTV 텔레비전으로 인테리어를 한 서울 라이트. 여기서 시킨 디저트 들은 다 맛잇었어요. 음료는 뱅쇼를 시켰는데..그건 그냥 그랬어요.,2년 전
 별표 5개 ,"입구에 핑크불빛 따라 올라가면 서울라이트에 갈 수 있어요. 예상했던 것보다 훨씬 더 매력있고 힙했음. 와인 마시기 아주 적격, 사이드도 다 맛있음 특히 브리즈치즈구이는 진짜.... 와인과 찰떡. 와인 여러병 마심!!! 사장님도 친절하시고! 나만알고싶은 아지트느낌쓰!!!",2년 전
 별표 4개 ,방문해주셔서 감사합니다 아지트로 삼고 또 들려주세요 :) 🍷🥂,2년 전
 별표 5개 ,,2년 전
 별표 5개 ,좋은 리뷰 감사합니다. 요즘 코로나로 썰렁한데 건강유의하세요!,2년 전
 별표 3개 ,와인이 가격대도 합리적이고 좋았어요,2년 전
 별표 5개 ,감사합니다 🙇‍♂️🙇‍♀️ 맛있는 와인들 계속 추가해보도록 하겠습니다! 건강유의하세요!,2년 전
 별표 5개 ,"힙지로쓰~ 찾아가기 힘들었지만 결국 찾았습니다. 위치한 3층으로 올라가면서 긴가민가했지만 색다른 재미였습니다. 저녁이라 커피는 부담스러워 뱅쇼, 캐모마일티와 케잌 주문해서 먹었는데 맛이 좋았습니다. 분위기도 몽환적으로 끝내줬습니다.",2년 전
 별표 3개 ,추운날 찾기 힘드셨을텐데 😭 좋은시간을 보내셨다니 다행이네요! 방문해주셔서 감사합니다 😊,2년 전
 별표 5개 ,"설 마지막 장식!
명절이라그런지 사람이 없어 넘 좋았다.

다음에또가자",3년 전
 별표 3개 ,설날연휴에 찾기 힘든 서울라이트를 방문해주시고 또 리뷰도 남겨주셔서 너무 감사합니다. 🙏🏻  새해복 많이 받으세요! 🙇‍♂️🙇‍♀️,3년 전
 별표 5개 ,"흐음.. 저녁에 술 마시러 오면 또 다른 느낌이겠네요
카페로썬 평범한 것 같아요
커피는 맛있음!",3년 전
 별표 5개 ,,3년 전
 별표 3개 ,,3년 전
 별표 2개 ,예...인스타갬성...그래도브라우니맛있네욤ㅁ 비싸지만 후후,3년 전
 별표 5개 ,분위기 좋음,3년 전
 별표 2개 ,올라가는 계단과 화장실이 조금 많이 무섭다 (´༎ຶོρ༎ຶོ`) 인스타 감성으로 꾸며진 아기자기한 카페,3년 전
 별표 4개 ,"치즈가 맛있었고, 그냥 좋았다 하하.",3년 전
 별표 5개 ,,3년 전
 별표 5개 ,,3년 전
 별표 4개 ,,3년 전
 별표 4개 ,,3년 전
 별표 4개 ,,3년 전
 별표 5개 ,,3년 전
 별표 2개 ,사장님 잘쌩겼어요,3년 전
 별표 3개 ,🙇‍♂️🙇‍♀️,3년 전
 별표 5개 ,분위기 환상,3년 전
 별표 2개 ,😍,3년 전
 별표 4개 ,,3년 전
 별표 5개 ,"오픈하자마자 가서 조금 추웠지만 분위기 좋구
음료맛도 좋아용~ 디저트도 먹구싶었는데 담에 먹어야지",3년 전
 별표 4개 ,조금 더 이른시간에 준비 하도록 노력하겠습니다! 방문해주셔서 감사합니다 :),3년 전
 별표 3개 ,,3년 전
 별표 4개 ,,3년 전
 별표 5개 ,👍,3년 전
 별표 5개 ,"조악한 샴페인, 미지근한 치즈구이, 협소한 장소",4년 전
 별표 5개 ,안녕하세요 서울라이트 입니다. 치즈구이가 따뜻하게 나갔어야 하는데 죄송합니다. ㅠ 조금 더 신경써서 조리하도록 하겠습니다. 방문해주셔서 감사합니다.,4년 전
 별표 4개 ,"인스타감성 카페! 주말에는 사람이 많아서 자리기 없을수도 있어요. 산딸기, 청포도 샴페인은 비추. 뱅쇼는 추천! 브리치즈도 그냥.. 다음에 간다면 커피류랑 디저트류를 시도할듯요!",4년 전
 별표 5개 ,안녕하세요 서울라이트 입니다. 방문해주셔서 감사합니다. 샴페인과 안주에 조금 더 신경써서 조리하도록 하겠습니다. 찾기 힘들고 협소한 장소에 방문해주셔서 감사합니다!,4년 전
