rating,review,duration
 별표 5개 ,,6일 전
 별표 3개 ,"뷰가 좋은카페.
자리는 불편함",1주 전
 별표 5개 ,,2주 전
 별표 4개 ,"깔끔. 음료만 제공.
남자화장실문이 잘 안잠김",2주 전
 별표 3개 ,그냥그래요,3주 전
 별표 5개 ,,3주 전
 별표 5개 ,친구기다리다 우연히 들어갔는데 커피대박이다 디져트도 오호,4주 전
 별표 5개 ,디카페인 👍,1달 전
 별표 4개 ,서울숲 갈때마다 들리는 곳. 맛이 조금씩 틀려지는걸 감안해도 이번 커피.맛은 좀 아쉽다. 하지만 여전히 존맛.,1달 전
 별표 3개 ,,1달 전
 별표 4개 ,숲뷰 굿이예요. 시그니쳐 커피도 고소하니 맛있었습니다.,1달 전
 별표 5개 ,,1달 전
 별표 3개 ,"사람이 많이오지만 앉아서 먹을 자리는 매우 부족하네요
커피는 특별함은 잘 모르겠어요",1달 전
 별표 1개 ,위치가 서울의 숲 근처라 해서 서울의 숲이 보이는건 아닙니다. 의자 테이블도 평범합니다.,1달 전
 별표 5개 ,,1달 전
 별표 2개 ,"굳이 두번을 가보진 않아도 될 것같다
나쁘다기 보단 그냥 쏘쏘했달까...",1달 전
 별표 4개 ,,1달 전
 별표 5개 ,서울숲을 바라보며 힙한 감성으로 머물 수 있어요,1달 전
 별표 5개 ,커피 향이 풍부하고 좋았습니다,2달 전
 별표 3개 ,,2달 전
 별표 4개 ,"서울숲  공원과 카페골목 입구에 있는 커피 전문점
에디오피아 게샤지역의 가장 고지에  생산되는 원두를 중심으로 다양한 커피와 아이스크림을  제공
아이스크림은 품절로 맛보지 못했으나
커피맛은 새로운 경험이었다.",2달 전
 별표 3개 ,"(Google 번역 제공) 플랫화이트 좋아 우유마시는 기분

(원문)
ماعجبني الفلات وايت احس اني اشرب حليب",2달 전
 별표 3개 ,유명세에 비해선 잘...,2달 전
 별표 5개 ,"커피가 정말 맛있었습니다.
산미도 좋은데 고소한 맛도 나고
향도 진하고
아이스 드립 마셨는데 정말 맛있습니다.
서울역에도 가보려고 합니다.",2달 전
 별표 5개 ,"서울숲이 보이는 의자 배치
조용한 곳
커피 맛있는 곳~",2달 전
 별표 4개 ,"(Google 번역 제공) 숲 바로 옆에 있는 환상적인 드립 커피. 몇 시간 동안 쉴 수 있는 곳은 아니지만 아주 시끄럽고 가장 편안한 좌석은 아닙니다.

(원문)
Fantastic drip coffee right next to the forest. Not a place to relax for hours though, quite loud and not the most relaxed seating.",3달 전
 별표 5개 ,,3달 전
 별표 4개 ,사람많음 자리좁고 커피맛은 한번 더가봐야 겠음,3달 전
 별표 4개 ,"서울체크인 프로그램에서 이효리,김상순부부가 왔다가서 사람이 많네요~장소가 협소해서 일찍 방문 하시는걸 추천해요~^^(배용준 카페)",3달 전
 별표 4개 ,,3달 전
 별표 4개 ,,3달 전
 별표 5개 ,,3달 전
 별표 5개 ,이게 그..인스타 갬성이냐,3달 전
 별표 4개 ,나랑은 안맞는듯ㅋ,3달 전
 별표 4개 ,커피 볶는 냄새,3달 전
 별표 5개 ,,3달 전
 별표 5개 ,,4달 전
 별표 4개 ,"아메리카노의 매장 블랜드 원두가 최근들어 (스페셜티 제외)손꼽히게 맛있었던 곳
Except special bean drip coffee/ There own blend bean coffee of americano is handful tasty palce",4달 전
 별표 4개 ,,4달 전
 별표 1개 ,"소문에 비해 맛이 평범했다 일다 아메리카노는 너무 뜨겁고 종이컵이 녹는(?)듯한 맛과 더불어  큰 특징없는 맛이었음.. 너티함을 강조하고 싶지만 아니라면 과소추출이었을 것임.. WOODY EARTHY 한 맛이 뒤끝에 느껴짐
플랫화이트는 오히려 산미가 돌며 우유와의 조화가 나쁘지 않았으나 입에 닿는 플랫화이트 특유의 실키함은 없었음",4달 전
 별표 5개 ,,4달 전
 별표 5개 ,생각보다 분위기도 조용하고 여유롭게 커피 마시기 좋았음,4달 전
 별표 5개 ,"커피 좋아히시는 분들이라면 잘 아실 센터커피입니다~ 박상호 바리스타님 너무 유명하시죠... 영국에서도 활동하시고 2013년 핸드드립 세계대회에서도 4등 하시고...

마음먹고 평일에 가보았습니다...
서울숲 주차장에 주차하고 산책 겸 서울숲을 갈로질러 가니 편하고 좋았습니다... 서울숲 4번 출구 나가면 바로 있는데 간판이 아주 작으니 주의하세요...

핸드드립을 부탁해서 마셨습니다...
같이 주시는 정보지(?)에 감탄했습니다... 커피의 특징, 로스팅을 어떻게 했는지, 어떻게 내렸는지, 어떤 맛이 나는지 등 자세히 설명을 해주셨습니다...
사실 이렇게 자세한 내용이 필요한가, 이것을 소비자들이 이해할 수 있을까 생각도 들지만 이것이 센터커피의 철학이고 그렇게 했기 때문에 점점 더 성장한다고 생각했습니다...
그리고 그것을 이해하는 소비자에게는 정말 '일상의 작은 사치'가 될 것 같네요...

최근에는 서울역에도 센터커피가 오픈했다고 합니다... 꼭 가봐야 겠습니다... 서울숲의 편안한 분위기와 어떻게 대비가 될지 궁금하네요...",4달 전
 별표 4개 ,훌륭한 스페셜티커피 전문점,5달 전
 별표 4개 ,"차분히 여기저기 둘러보고 좋았어요
근데 자전거가 많아 좀 복잡하고 위험했어요",5달 전
 별표 5개 ,,5달 전
 별표 4개 ,,5달 전
 별표 4개 ,"나쁘지는 않았다
자리가 불편했을 뿐",5달 전
 별표 4개 ,"음 바로 앞 서울숲 공원 뷰가 참 좋습니다.
커피도 아주 최고급은 아니지만 나쁘진 않아요.
비오는 날 왔는데 틀어뫃은 노래도 차분하고 좋네요.",6달 전
 별표 5개 ,서울숲을 안은 커피집,6달 전
 별표 5개 ,,6달 전
 별표 5개 ,"밸런스가 넘 좋은 센터커피! 시그니쳐도 맛있고, 드립도 맛있다",6달 전
 별표 1개 ,,6달 전
 별표 5개 ,"분위기 굿굿
음료는 잘 안마시지만 구경 하고 왔습니도",7달 전
 별표 4개 ,"(Google 번역 제공) 좋은 경험을 했습니다.
그들의 디카페인 콜드브루는 나에게 맛이 좋다.
하지만 그들의 진정한 가치는 핸드브루잉 커피라고 들었습니다.

(원문)
I've got good experience.
Their decaf coldbrew tastes good to me.
But as I've heard, that their real valuable point is hand brewing coffee.",7달 전
 별표 5개 ,"(Google 번역 제공) 서울숲공원 근처에서 같은 날 아이스크림을 사왔는데 맛이 진하고 맛있어요!

(원문)
首爾林公園附近，當天購買冰淇淋，味道濃郁很好吃！",7달 전
 별표 5개 ,쑥라떼쫀맛,8달 전
 별표 3개 ,,8달 전
 별표 5개 ,"(Google 번역 제공) 챔피언 로스터 박상호(박상호)가 운영하고 Q-grader 라이센스 최준호(최준호), 배우 배영준(배영준)이 설립한 센터 커피는 커피 매니아와 주말 방문객들이 찾는 주요 명소 중 하나입니다. 쇼핑과 레스토랑 골목 서울숲2길. 서울숲 공원 입구에서 단 몇 미터 떨어진 곳에 위치한 이 트렌디한 카페는 개조된 주거용 벽돌 외관 건물에 위장되어 있습니다. 내부는 유광 크롬 카운터, 노출된 강철 빔 및 넓은 프레임의 공장 스타일 창으로 완성된 세심하게 선별된 산업적이고 세련된 2층 공간입니다.

원래 영국에서 고등학교를 졸업한 헤드 바리스타 박상호는 인상적인 이력서를 자랑합니다. 그는 2013년 UK Brewers Cup에서 종합 챔피언이었고 2015년 Coffee in Good Spirits 상을 수상했으며 James Hoffman의 전설적인 Square Mile Coffee Roasters에서 헤드 로스터로 일했습니다.

고급형 Kees van der Westen 에스프레소 머신부터 무대 뒤에서 수많은 로스터에 이르기까지 Center Coffee는 서울 숲의 커피 현장을 다른 차원으로 끌어올리는 것을 목표로 합니다. 커피 부서에서는 파나마(Finca Deborah), 콜롬비아(La Esperanza) 및 에티오피아의 게이샤와 계절 블렌드 및 콜드 브루의 희귀한 조합을 기대합니다.

(원문)
Operated by champion roaster Park Sang-ho (박상호), Q-grader licensed Choi Jun-ho (최준호) and established by actor Bae Young-joon (배영준) Center Coffee is one of the main draws for coffee enthusiasts and weekend traffic to the shopping and restaurant alleyway Seoulsup 2-gil. Located just metres from the entrance to Seoul Forest Park this trendy cafe is disguised in a renovated residential brick facade building. The interior is a carefully curated industrial chic two-storey space complete with polished chrome counters, exposed steel beams and wide-framed factory style windows.

Originally based in the UK from high-school, head barista Sang-ho Park boasts an impressive resume. He was the overall champion at the 2013 UK Brewers Cup, won the 2015 Coffee in Good Spirits award and served as head roaster at James Hoffman’s legendary Square Mile Coffee Roasters.

From the high end Kees van der Westen espresso machine to the multitude of roasters behind the scenes, Center Coffee aims to take Seoul Forest’s coffee scene to another level. In the coffee department expect a rare combination of Geishas from Panama (Finca Deborah), Colombia (La Esperanza) and Ethiopia alongside seasonal blends and cold brews.",9달 전
 별표 5개 ,"(Google 번역 제공) 젠장 좋은 커피

(원문)
Damn good coffee",9달 전
 별표 5개 ,"(Google 번역 제공) 서울 최고의 카페

(원문)
best cafe in seoul",9달 전
 별표 4개 ,,9달 전
 별표 4개 ,,9달 전
 별표 5개 ,게이샤갱,10달 전
 별표 3개 ,,10달 전
 별표 3개 ,"(Google 번역 제공) 업데이트 중: 커피가 매우 일관성이 없습니다.

(원문)
Updating: coffee is extremely inconsistent.",10달 전
 별표 1개 ,"오픈시간 10시인것 네이버지도에서 확인하고 9:50부터 대기.
카페주인이 전화받으며 대기하는 저희를 가게 안에서 유리창을 통해 확인.
10시가 되서 매장에 들어가니 10:30부터 오픈한다고 함.
밖에 사람이 기다리고 있는 걸 확인 했고, 오픈시간이 네이버에 기재된거랑 다르면 말을 해주면 안됩니까? 10:30에 오픈하는거 알았으면 안 기다리지 않았습니까... 기본적인 서비스 마인드가 좋지 못하네요. 오픈시간을 정확하게 변경해 놓아주시던지..... 아침부터 기분이 너무 나빴습니다.",10달 전
 별표 5개 ,친절하고 뷰 좋고 다른 카페에 비해 넓은 편,10달 전
 별표 5개 ,,10달 전
 별표 5개 ,,10달 전
 별표 5개 ,스페셜티!,10달 전
 별표 4개 ,서울숲으로 드나들기 좋은 위치에있으며 카페2층서 바라본 숲배경쪽 들창을 열어놓고 마시는 커피는 정말 운치가있다 배용준카페라는 말이있으나 배용준은 복적이없음 알바생들은 평범 메뉴도평범  뷰가 다했다!,10달 전
 별표 5개 ,,10달 전
 별표 4개 ,매장은 그리 넓다고 할 순 없지만 서율숲 바로 앞. 테이크아웃으로 들고 숲으로 가기 딱. 메뉴에 블랙=아메리카노/화이트=라떼   매번 설명하시는거 힘들지 않나 싶었어요,10달 전
 별표 3개 ,서울숲 입구에 있다는 점이 장점 커피맛 쏘쏘,11달 전
 별표 3개 ,,11달 전
 별표 4개 ,부드럽고 깔끔한 핸드드립...,11달 전
 별표 3개 ,퍼푸치노 짱ㅎㅎ 강아지 데려갈 수 있어서 좋아요,11달 전
 별표 5개 ,,11달 전
 별표 5개 ,분위기가 좋아요. 옥상 까페.,11달 전
 별표 4개 ,커피 맛이 좋음. 공원 전망도 좋음. 그러나 모기가 있음,1년 전
 별표 2개 ,,1년 전
 별표 5개 ,언제내 편안하고 맛있는 커피를 먹었습니다.,1년 전
 별표 5개 ,"(Google 번역 제공) 최고의 커피: 게이샤 드립
나는 해외에서 여러 좋은 카페를 방문했습니다. 그들의 커피는 좋았지 만 항상 게이샤는 나에게 미스터리였습니다. 여기까지는 매우 비쌌지만 다른 곳과 별반 다르지 않았다. 여기에서 게이샤 드립을 시도해야합니다.

(원문)
The best coffee: geisha drip
I've visited several nice cafés internationally. Their coffees were nice, but always geisha was a mystery to me. It was very expensive, but not much different from others, until this place. Must try the geisha drip here.",1년 전
 별표 4개 ,아스크림 맛있어요,1년 전
 별표 2개 ,"시그니처 먹었는데,
흑임자는 쫌.....2층에 숲뷰때문에 가본건데 자리가없어서 ㅠㅠㅠ",1년 전
 별표 2개 ,그런분위기에 가는거라면...음...좌석이 너무 열악해요 앉아있기 너무 불편해서 또 갈거같진않아요 화이트대합실이라고 하면 이해가 쉬울듯합니다 그런스타일 좋아하신다면 뭐 나쁘진않을것같아요,1년 전
 별표 4개 ,커피맛은 좋으나 좌석이 불편해요. 마주보는 좌석이 없고 다 나란히 앉을 좌석밖에 없어요,1년 전
 별표 3개 ,사진빨이 좀 있는 곳. 엄청 넓고 뷰 좋은줄 알고갔는데 좁은편.. 커피도 그냥 무난한 맛에 비쌈,1년 전
 별표 5개 ,"커피 정말 맛있어요
비오는날 2층에서 커피 한잔하면
정말 일상의 사치",1년 전
 별표 4개 ,"☕️ 에스프레소도 드립커피도 모두 맛있는 카페 ♥︎ 나중에 원두콩도 따로 가고 싶을 정도로 에티오피아 게이샤 빌리지 오마는 처음 먹어본 맛이에요. 💸 아쉬운 점이라면 다른 카페 대비 가격이 좀 쎈 듯해요.
🪑 참고로 2층에 야외석도 따로 있고 실내는 2~3명끼리 앉기에 적합한 구조에요",1년 전
 별표 5개 ,"서울에서 게이샤를 언제든 맛있게 즐기고 싶을 때 찾아가면 좋을 카페.
서울숲을 보면서 커피를 마실 수 있고, 루프탑이 있는 서울숲 코 앞에 위치한- 일상 속 작은 사치를 즐길 수 있는 카페.",1년 전
 별표 5개 ,커피도 커피지만 이곳 특유의 활달하고 밝은 느낌이 매력적이었습니다.,1년 전
 별표 5개 ,행사가 있어서 갔어요~커피 맛있어요,1년 전
 별표 4개 ,커피맛이 좋아 오는 곳,1년 전
 별표 3개 ,"루프탑이 있는 줄은 몰랐음. 코로나 때문에 이용 제한을 했던 것인지… 비좁은 매장 내부에 조그마한 의자와 테이블에 앉아 불편할 수 밖에 없었다.

반려견 동반하여 출입하는 손님들이 많고, 분위기는 조용하고 아늑한 편이다.

커피 맛과 가격은 보통 수준이라 느낌.",1년 전
 별표 5개 ,빵 맛있어요,1년 전
 별표 5개 ,"생각보다 커피가 괜찮음
디카페인도 산미 없고 좋음
스페셜티의 산미는 신기하게 좋음
싼 산미와 다름",1년 전
 별표 4개 ,,1년 전
 별표 4개 ,,1년 전
 별표 3개 ,,1년 전
 별표 4개 ,깨끗하고 힙한 커피숍 서울숲 4번출입구쪽에 위치,1년 전
 별표 4개 ,흑임자라떼 맛있네요~,1년 전
 별표 5개 ,,1년 전
 별표 5개 ,,1년 전
 별표 5개 ,제대로 하시네요,1년 전
 별표 5개 ,,1년 전
 별표 4개 ,"인터넷에서 보고 갔는데 커피를 정말 정성으로 내려주시더라구요~~
사람들이 좀 많았지만 커피 맛있었어요 ㅎㅎ",1년 전
 별표 5개 ,"서울숲 주위에 있는 곳, 노출 콘크리트 실내에
미니멀한 인테리어,
원두가 갖고있는 맛과 풍미, 신선도가 높아
커피가 맛이 있음",1년 전
 별표 5개 ,게이샤 원두 지림 하지만 내 스타일 아님 쑥라떼 혁명적임 ㅈㅈ,1년 전
 별표 4개 ,"커피 맛있고 2층이랑 루프탑도 있어서 좋아요.
서울 숲이 바로 보이는데, 저는 밤에 가서 어두워서 못봤네요.
핸드드립 커피가 좀 비싸긴하지만, 맛있어서 만족스러웠습니다.",1년 전
 별표 4개 ,"커피 맛이 정말 좋아요 유명한만큼 맛은 보장입니다
원두는 입맛에 맞게 선택할 수 있어요
디카페인도 있어요",1년 전
 별표 4개 ,쑥라떼맛있어욧,1년 전
 별표 5개 ,,1년 전
 별표 4개 ,산미가 좀 있는 커피들이랑 라떼가 맛있어요. 저는 커피에 산도를 좋아하는 편이라 커피 맛도 좋았어요,1년 전
 별표 4개 ,"서울숲 왔다가 커피한잔하러 들렀어요
갤러리아포레 바로 옆이라 찾기 쉽습니다
일층, 이층 있고 조용하고 깨끗하고 좋네요
다만 좌석이 편한 좌석은 아니라 한시간 이상 머무르기는 어려울 듯. 의자가 등받이 없는 의자들이거든요.
라떼 6천원~ 진한 편이고 약간 탄맛 느껴지는 원두인데 제 입에는 맛있습니다.
서울숲 올때마다 한번씩 들리기 좋을 듯 해요",1년 전
 별표 5개 ,역시 커피 맛집~ 저녁이라 디카페인 먹었는데 맛있었어요!,1년 전
 별표 5개 ,,1년 전
 별표 5개 ,,1년 전
 별표 5개 ,,1년 전
 별표 4개 ,뷰좋은 카페. 서울 도심에서 창가가 초록초록하다는게 너무 좋음,1년 전
 별표 3개 ,"시그니쳐 코코넛 망고 밀쉐 추천!!!
손님이 많고 바리스타 실력 문제인지 드립커피는 비추",1년 전
 별표 1개 ,커피노맛,1년 전
 별표 4개 ,"핸드드립커피를 기대하고 방문하였다.
아주 흡족하지는 않지만 맛이 나쁜편은 아니다.
적당히 원두의 개성을 살리긴 했으나 코로나로 일회용잔에 서빙되는건 좀 아쉽다.
같이 먹은 크로플도 적당히 맛이 괜찮다.",1년 전
 별표 5개 ,라떼맛집,1년 전
 별표 3개 ,커피값이 너무 비싸요,1년 전
 별표 5개 ,니숲내숲,1년 전
 별표 5개 ,"게이샤를 처음 먹어보고 충격먹었고,
한국에서 끝판왕인거 같아요^^
다들 센터에 꼭 가서 드시는걸 강력 추천합니다.
너무 친절하시고 한잔을 위해서 수고해주시는 바리스타 직원분들께 감사의 마음을 전합니다.",1년 전
 별표 5개 ,"뷰 맛집, 커피도 맛있어요!",1년 전
 별표 5개 ,커피 맛집. 분위기도 좋구. 서울숲 입구로 숲을 보며 커피한잔,1년 전
 별표 5개 ,과티말라 게이샤 핸드드립 맛있습니다,1년 전
 별표 4개 ,,1년 전
 별표 4개 ,서울숲 근처에 조용한 카페,1년 전
 별표 5개 ,"숲 가장자리에 깔끔한분위기
비오는 날에 바깥에 앉아 숲을 바라보니 너무 운치있어서 좋았어요.
게다가 쑥라떼 어쩜좋아 너~무 맛나요. 자꾸 먹고싶은 맛
사진은 외부 자리에서 찍은 숲",1년 전
 별표 3개 ,,1년 전
 별표 5개 ,,1년 전
 별표 5개 ,"커피 맛 좋아요. 만족!!
실내든 실외든 편한 곳에 앉아 즐기면 됩니다.
다만 애완동물 출입 가능이라 동물 안 반기는 분들은 피해야 할 듯 해요.",1년 전
 별표 3개 ,,1년 전
 별표 3개 ,자리가 좁아요 빈티지한 전형적인 성수동 카페,1년 전
 별표 5개 ,,1년 전
 별표 5개 ,,1년 전
 별표 5개 ,"커피 맛 : 워낙 유명해진 로스터리이고, 영국 바리스타 챔피언의 카페라고 해서 방문하였습니다. 산미있는 커피를 좋아해서 에디오피아 커피 한 잔 마셨는데 깔끔한 산미와 밸런스가 잘 어울어진 커피여서 아주 인상에 남습니다.

매장 : 매장은 2,3층으로 되어있는 것 같은데 좌석은 많지는 않고 의자는 다소 불편합니다. 평일임에도 사람들이 많이 오고가며 방문하네요.

접근성 : 주차는 성동주민체육센터에 주차하고 도보로 5-10분 거리입니다. 주차요금 1시간에 3,600원이네요.",1년 전
 별표 4개 ,,1년 전
 별표 4개 ,크로플은 쩐말 맛있었어요. 음료들은 평범해요!,1년 전
 별표 3개 ,,1년 전
 별표 3개 ,,1년 전
 별표 4개 ,커피가 맛있긴 한데 굳이 이정도 가격까지 주고 마셔야 될 건 아닌 듯. 옆에 차만다랑 세트로 다녀오기는 좋음,1년 전
 별표 4개 ,"괜찮은 카페입니다. 공간이 비교적 개방적이고, 특히 2층 옥외에 루프탑 좌석이 있어 날씨 좋은 날 가면 아주 좋습니다. 재방문 의사 있어요.",1년 전
 별표 5개 ,,1년 전
 별표 4개 ,,1년 전
 별표 5개 ,"(Google 번역 제공) 위치가 좋고, 밝고 넓은 인테리어, 아주 좋은 품질의 로스팅 커피. Calita 필터를 사용하여 볼 때 약간 의심 스럽지만 내 걱정을 맛 보았습니다.

(원문)
Well located, bright and spacious interior, and very good quality roasting coffee. A little bit suspicious when watching them using Calita filter, but it out tasted my concern.",1년 전
 별표 5개 ,솔티카라멜라떼 최고,1년 전
 별표 5개 ,"(Google 번역 제공) sercet 정원의 멋진 장소, 커피는 좋고 분위기는 얼룩지고 조용합니다.
매일 커피를 즐기기 위해 Mr. Clever를 집에 데려 오는 것을 잊지 마십시오 😉

(원문)
Wonder place in sercet garden, the coffee is good and the atmosphere is stained and quiet.
Please don't forget the bring Mr. Clever to home to enjoy you coffee everyday😉",1년 전
 별표 4개 ,,1년 전
 별표 5개 ,,1년 전
 별표 4개 ,"(Google 번역 제공) 그들의 시그니처 쑥 라떼는 꽤 좋고 서울 숲의 경치도 좋지만, 2 층에 좌석이 추가 (계단 밖에 있음)가있는 줄은 몰랐습니다. 모두 다 아는

(원문)
their signature mugwort latte is pretty good and the view of seoul forest is nice, but i didn’t realize there was a second floor with additional seating (the stairs are outside)—the first floor seating was a bit uncomfortable so i wish i had known",1년 전
 별표 4개 ,좋아요,1년 전
 별표 5개 ,"분위기, 커피 맛 모두 만족스러운 곳!",1년 전
 별표 5개 ,"서울숲과 바로 연결되어 있어 찾기도 쉽고
화욜 휴무인 카페나 식당들이 성수동 근처에
(그러니까 서울숲 근처) 의외로 많은데 다행이도
오픈해서 끝내주는 카푸치노를 모닝커피로
마시고 창밖으로 보이는 초록이들 덕분에
비밀의 정원에 와있는 느낌이었다 여느 프랜차이즈
커피점처럼 가짓수가 많지 않고 베이커리가
없어서 정말 메인에만 집중하는 커피전문점의
포스가 뿜뿜! 사실 좌석도 편한 편은 아니고
인테리어도 심플한데 커피마시러 꼭 다시
오고싶다^^ 힐링 지대로!",1년 전
 별표 5개 ,커피 맛이 부드러움! Unique,1년 전
 별표 4개 ,커피맛과 향이 마음에 들었습니다. 디카페인 콜드브루를 따뜻하게 해서 마셨는데 대화내내 기분이 좋을 정도였어요. 2층에 있는 야외 테라스도 여유있는 공간에 파라솔과 의자들을 배치해서 햇 빛 좋은 날 좋은 기억으로 남기에 충분했습니다.,1년 전
 별표 3개 ,"(Google 번역 제공) 로스팅 커피의 향기가 공기를 느낍니다. 오늘은 10 월 28 일이고이 카페의 2 층에서 볼 수있는 모든 것은 녹색과 약간의 노란색입니다. 아메리카노는 5000 원인데 맛도 괜찮아요.

(원문)
Smell of roasting coffee feel the air.. Today is Oct 28th and all u can see from 2nd floor of this cafe is just green and a bit of yellow. The americano costs 5000 won, taste just OK.",1년 전
 별표 4개 ,네 괜찮아요,1년 전
 별표 5개 ,,1년 전
 별표 4개 ,"두번째방문.
편하게 와서 커피마실 수 있는 부담없는 곳.
실내자리는 협소하지만 옥상 야외자리가 볕도 잘 들고 실내보단 넓었음.
실내 서울숲쪽 창가스텐드자리가 참 맘에 드는 곳.",1년 전
 별표 4개 ,,1년 전
 별표 5개 ,,1년 전
 별표 5개 ,,1년 전
 별표 4개 ,게이샤 콜드브루 맛나네요~~~,1년 전
 별표 5개 ,서울숲 근처 분위기 좋은곳,1년 전
 별표 5개 ,서울숲에 붙어있어서 숲뷰를 기대했지만 나무와 너무 가깝고 길에 인접해있어서 지나다니는 사람을 더 구경할 수 있습니다,2년 전
 별표 5개 ,"좋은 원두로 맛잇는 커피!
서울숲 오면 꼭 들리는 집",2년 전
 별표 3개 ,"앉을 의자는 부족. 아메리카노 커피맛은 딱히..
그래도 인테리어 멋짐. 창가쪽 자리도 운치있음",2년 전
 별표 4개 ,카페모카 맛있다,2년 전
 별표 4개 ,,2년 전
 별표 5개 ,좋다,2년 전
 별표 5개 ,"(Google 번역 제공) 뚝섬과 서울 숲을 산책하다 망고 플레이트에서 커피 숍을 찾아 커피를 마시 러 가기로했다.

메뉴에는 일반 커피에서 드립에 이르기까지 다양한 음료와 자체 서명 음료가 있습니다. 나는 그들의 드립 커피에 이끌려 콜럼비아 La Esperanza를 선택했고 아내는 Panama Savage를 주문했습니다.

컬럼비아는 열대 힌트가있는 석류와 자두 사탕을 맛보는 것으로 묘사되었습니다. 저는이 커피 블렌드에 정말 감명을 받았으며 제가 아주 오랫동안 마셨던 최고의 커피 중 하나였습니다. 나는 커피에서 매우 대담하고 커피의 산도 균형이 좋은 수직 노트를 포착 할 수있었습니다. 한 모금 마실 때마다 커피에서 사랑스러운 냄새가 나고 커피의 맛이 나옵니다.

파나마 야만인 나는 한 모금 마시고 즐겼지만 파나마 야만인에 대한 정확한 리뷰를 제공하기 위해 내 커피를 많이 즐겼습니다.

커피 숍의 내부는 정말 멋지고 위층 좌석이 있습니다. 서울 숲 입구 바로 옆에 있고 여기에서 커피를 줍는 동안 다음에 다시 돌아와서 확인할 수있는 흥미로운 장소가 많이 있습니다.

(원문)
Taking a walk around Ttukseom and Seoul Forest I found this coffee shop on Mango Plate and decided to go in for a coffee.

The menu had a good selection of beverages available from regular coffee to drip and their own signature drinks. I was drawn to their drip coffee and opted for the Columbia La Esperanza whilst my wife ordered the Panama Savage.

The Columbia was described as tasting of pomegranate and plum candy with tropical hints. I was really impressed by this coffee blend and I would say it was one of the best cups of coffee that I have had in a very long time. I was able to pick up on those plumb notes in the coffee which are very bold and a good balance of acidity in the coffee. With every sip you get a lovely smell from the coffee and then the taste of the coffee.

The Panama Savage I only had a sip of and enjoyed it but I enjoyed my coffee to much to give an accurate review of the Panama Savage.

The interior of the coffee shop is really nice and there is upstairs seating. It is right by one of the entrances to Seoul Forest and there are plenty of other interesting places around that I'll go back and check out next time whilst picking up a coffee from here.",2년 전
 별표 5개 ,,2년 전
 별표 5개 ,,2년 전
 별표 4개 ,,2년 전
 별표 4개 ,친절쓰,2년 전
 별표 5개 ,뷰 좋고 인테리어 좋고 가격도 좋고 옆집 빵도 넘 놓아요,2년 전
 별표 3개 ,"음료와 커피 모두 수준급
서울숲에서 진입하기도 좋음
자리가 불편하고 2층 관리가 잘되지는 않음",2년 전
 별표 5개 ,,2년 전
 별표 3개 ,,2년 전
 별표 5개 ,분위기 좋고 커피 맛있어요,2년 전
 별표 3개 ,스페셜티 커피의 진수라고 할 수 있는 다양한 게이샤 커피를 즐길 수 있는 곳.,2년 전
 별표 5개 ,,2년 전
 별표 4개 ,,2년 전
 별표 5개 ,서울숲 가까이있어 좋고 분위기가 좋습니다. 수박주스가 맛있었습니다,2년 전
 별표 5개 ,,2년 전
 별표 5개 ,"(Google 번역 제공) 여기 최고의 커피

(원문)
best coffee here",2년 전
 별표 4개 ,"커피가 부드럽고 맛나네요
숲이 보이는 전경도 멋져요",2년 전
 별표 4개 ,,2년 전
 별표 4개 ,아꼬떼뒤파르크 가눈길에 가지만 커피도 물만함,2년 전
 별표 4개 ,서울숲근처 일반주택을 개조한 커피숍,2년 전
 별표 5개 ,분위가 아주 좋은 카페,2년 전
 별표 4개 ,"산 안드레아스? 드립커피는 산미가 강했고 (좋았음) 쿠키크림라떼는 달달하고 맛있었다 (양적음주의)
2층엔 공간이 꽤 있긴 하지만 자리먼저 잡는게 좋을듯",2년 전
 별표 5개 ,,2년 전
 별표 4개 ,,2년 전
