rating,review,duration
 별표 5개 ,"신사동 가로수길 근처의 카페, 그레이 그리스트밀(Gray Gristmill) 입니다... 일단 강추합니다...! 가로수길 오시면 꼭 한 번은 들려보시길 추천합니다... 예전에 지나가다 보고 분위기가 아주 세련되고 전문적이다 생각한 곳입니다... 일요일 아침 11시쯤 가니 손님도 없어서 카페 분위기를 100% 만끽할 수 있었습니다...

메뉴를 고르고 원두를 고르는데 친절하게 도와주십니다. 원두는 지역별로 되어있고 1인분씩 소분되어 있어 그것을 꺼내 커피를 내려주십니다... 이런 것은 처음보는데 아주 참신한 서비스 같습니다... 저는 라떼를 시키고 원두는 산미가 적은 것으로 브라질을 추천 받았습니다... 커피 5.0천원, 라떼 +1.5천원 입니다. 라떼 치고는 약간 비싸지만 그 이상의 가치가 있습니다. 다음에는 드립을 마시겠습니다. 디저트는 없고 커피도 종류가 많지 않고 기본에 충실한 상태로 원두를 다양화 했습니다... 로스팅 실은 투명하게 개방이 되어 있는데 흡사 연구실 같은 느낌을 주어 인테리어가 되는 동시에 손님들에게 전문적인 인상을 줍니다... 일하시는 분들고 연구원 가운이나 정장차림입니다... 커피도 다양하게 판매하고, 컵, 텀블러, 우산 등 굿즈도 판매합니다... 커피 맛이 좋다보니 저도 선물용 원두를 구매하였습니다...  의도대로 낚였지만 기분 좋은 낚임입니다 ㅋ~ 이름이 그레이 이기 때문에 내부 분위기도 그레이톤이고 회색 스테인레스 테이블이 멋있습니다... 그런데 손자국이 남습니다... 청소하기 어렵겠습니다~ 최근 몇달내 가본 카페 중에 최고 였습니다~

맛 : 👍👍👍👍👍
분위기 : 👍👍👍👍👍
서비스 : 👍👍👍👍👍",1달 전
 별표 2개 ,"(Google 번역 제공) 평범한 커피에 너무 비쌉니다.

(원문)
Too expensive for a mundane coffee.",1달 전
 별표 5개 ,장소는 매우 아름답고 커피를 준비하는 방법은 훌륭하고 커피의 세부 사항이 포함 된 책을 좋아했습니다,2달 전
 별표 5개 ,,3달 전
 별표 5개 ,드립카페가 맛있는 카페,5달 전
 별표 5개 ,원두를 고르고 커피를 골라서 합쳐서 돈을 지불한다. 그리고 이름을 불러주는게 참신했다. 커피를 만드는 모습에서 정성이 느껴졌다,6달 전
 별표 3개 ,,8달 전
 별표 5개 ,,8달 전
 별표 5개 ,라떼 맛있어요...★,8달 전
 별표 5개 ,그래이젠 놔줄게.,9달 전
 별표 5개 ,,10달 전
 별표 3개 ,,10달 전
 별표 3개 ,"무난하게 3점줄지 맛집에 속하는 4점을 줄지 고민을 하다 3점으로 책정. (0.5점을 추가할 수 있다면 3.5를 줬을 것)

커피를 주문할 때 원두를 직접 선택하도록 만들고
프로페셔널해보이는 복장까지 다 좋았음.

하지만 정작 커피 맛이 좋았던 느낌은 아님. (가격대는 나쁘지 않지만 그냥 컨셉에 비해 평범한 맛)

스피커도 제네바를 사용하고 여러모로 트렌드를 많이 쫓았다는 느낌이 들었지만 정작 중요한 오너의 철학이 담긴 컨셉같은 것은 전혀 느껴지지 않았음.

공간이 잘 활용된 느낌은 아녔고 디테일하게 말하자면 넓이에 비해 자리가 효율적으로 분배되어 있는 느낌이 아녔음.

다만 플럼 워터라는 것을 서비스로 주셨는데 이건 아주 맛났음. 4.5점 급!",11달 전
 별표 5개 ,멋진곳이에요,1년 전
 별표 3개 ,신사동 가로수길 커피 맛집,1년 전
 별표 5개 ,,1년 전
 별표 4개 ,,1년 전
 별표 5개 ,"(Google 번역 제공) 여러 번 걸었지만 들어 본 적이 없습니다. 다양한 콩과 드립 커피가 좋습니다! 확실히 돌아올 것입니다 :)

(원문)
Walked by many times but never walked in. Wide variety of beans and drip coffee is good! Definitely will be back :)",1년 전
 별표 4개 ,,1년 전
 별표 5개 ,"근처 방문한다면 굳이 찾아가도 좋을 맛
브루잉 아이스로 마심.",1년 전
 별표 5개 ,,1년 전
 별표 5개 ,원하는 원두를 골라서 마실수있는 스페셜리티 전문카페,1년 전
 별표 2개 ,공간 이쁘고 커피 유명한것도 잘 알지만 앉아있기 너무 불편해서 별로였어요 ㅠㅠ,1년 전
 별표 5개 ,커피의 미학을 알다.,1년 전
 별표 5개 ,,1년 전
 별표 4개 ,핸드드립은 마감이 조금 더 빨라서 못먹고 아메리카노로 마심. 평소 아메리카노 잘 안마시는데 원두가 좋아서인지 그래도 꽤 맛있었다.,1년 전
 별표 4개 ,,1년 전
 별표 5개 ,,1년 전
 별표 5개 ,친절한데  잘 생긴데  친절하니 질투난다,1년 전
 별표 4개 ,예전엔 더 좋았다던데.. 지금도 충분히 좋음. 깨끗하고 친절하고 미니멀함.,1년 전
 별표 5개 ,"요근래 마셨던 라떼 중에 제일 맛있다고 자부할수 있는 카페!
다양한 원두 중 하나를 직접 고르는 재미부터 쏠쏠합니다. MD상품도 깔끔하게 잘 뽑아놔서 커피 좋아하는 사람들한테 선물하기도 좋을것 같네요! 따뜻한 라떼 주문하면 아트도 예쁘게 해주는데 담번엔 따뜻한거 마셔보려구요",1년 전
 별표 4개 ,여타 일반 카페와는 다르게 커피 퀄리티가 참 좋았다,1년 전
 별표 5개 ,"외부인테리어부터 완벽해서 안들어갈수가 없었다.
내부또한, 메뉴까지 다시가야만 할것같다",1년 전
 별표 5개 ,"수많은 카페를 찾아다니지만, 내가 감히 생각하는 대한민국 최고의 카페. 최고의 원두 로스팅, 퀄리티, 서비스 인테리어, 선택의 폭 모든 부분에서 최고라고 이야기 하고 싶다.",1년 전
 별표 5개 ,친절하고 커피맛이 아주좋네요,1년 전
 별표 5개 ,,1년 전
 별표 5개 ,완죤 힙스러움~,1년 전
 별표 5개 ,,1년 전
 별표 4개 ,"(Google 번역 제공) 좋은 스페셜티 커피, 디저트 없음
조용한 장소
드립 필터가 달린 진공 흡입 커피 백

(원문)
Good speciality coffee, no desserts
Quiet place
Vacuum suction coffee bags with had drip filter",1년 전
 별표 5개 ,,1년 전
 별표 5개 ,,1년 전
 별표 4개 ,"나름대로 컨셉에 신경을 쓴 듯하다. 필터커피를 시키면 실험실 가운을 입고 원두 로스팅을 하시던 분이 사무실에서 나와 직접 커피를 내려주셨다.

원두에 대한 자신감을 표출하기라도 하듯 10종류가 넘는 원두를 판매하고 있다. 과테말라, 에티오피아, 그리고 치킨 한 마리 가격인 게이샤를 시켰다.

치킨 한마리 가격을 주고 커피 한 잔을 마신다니, 친구들이 호구새끼라고 했다. 아무렴, 나는 내가 좋아하는 것에 쓰는 돈이 아깝지 않다. 공간이 재미있진 않고, 오래 머물 곳도 아니였다. 하지만 아러바우트보다 더 맛있었다. 맛을 가장 중요하게 생각하는 커피러버들에게 이 곳을 추천한다.",1년 전
 별표 1개 ,,1년 전
 별표 5개 ,신기했다,2년 전
 별표 4개 ,,2년 전
 별표 5개 ,,2년 전
 별표 5개 ,,2년 전
 별표 5개 ,,2년 전
 별표 1개 ,,2년 전
 별표 4개 ,,2년 전
 별표 5개 ,,2년 전
 별표 5개 ,"원두가 종류별로 팩포장? 되어있다
원두를 고르면 그걸로 커피종류에따라 만들어준다
처음보는 시스템이라 신기했다

그리고 제일 인상적이었던건 직원분들이 다 정장에 구두까지 드레스업하고 있었던거 ㅋㅋㅋ뭔가 전문성도 느껴지고 멋있어서 좋았다

커피는 원두를 잘 몰라도 취향에 따라 고를 수 있도록 맛의 정도가 적혀있고 아이스시키면 커피빈처럼 자글자글한 작은 얼음이라 맘에 들었당",2년 전
 별표 4개 ,"카페쇼에서 시음하고 감동받아서 다녀왔습니다.
커피가 맛있습니다.
서비스도 만족스럽습니다.
시스템도 전문적이라 신뢰가 갑니다.

그런데 전반적으로 차갑습니다.
그래서 또 갈런지는 생각해봐야겠습니다.",2년 전
 별표 4개 ,다양한 원두. 신선함을 자랑이라도하듯 1인 1팩으로 고를 수 있다. 어떤 원두를 좋아한다고 얘기하면 추천해주심. 자리가 약간 불편해서 오래있기 좋은 카페는 아님 둘이상 가도 자리 애매함.,2년 전
 별표 4개 ,,2년 전
 별표 5개 ,"깔끔한 인테리어, 다양한 원두 구성, 맛까지.",2년 전
 별표 4개 ,,2년 전
 별표 5개 ,"멋진 복장과 친절한 미소
그리고 커피의 맛은 두말하면 잔소리",2년 전
 별표 5개 ,,2년 전
 별표 4개 ,커피전문점,2년 전
 별표 5개 ,,2년 전
 별표 5개 ,,2년 전
 별표 5개 ,,2년 전
 별표 5개 ,,2년 전
 별표 4개 ,,2년 전
 별표 2개 ,,2년 전
 별표 5개 ,"아는 바리스타가 소개해 들려봤는대.. 역시나 왜 소개했는지 알겠내요~ 들어설때부터 커피랩같은 느낌에 일단 다양한 맛의 커피를 선택할수있고 특히 핸드드립도 동일한 가격(기본가격 1천원에 선택원두 가격 합산)으로 마실수있내요~~
과테말라 엘소꼬로 로 드립 마셔봤는대..
상큼한 신맛에 감미롭게 남는 여윤이 아주 좋내요~~~원두도 신선한거 같고 그리고 처음엔 왜 커피외 디저트는 없나했더니 ...
커피맛에 집중할수있게 하는거 같아 더 커피를 맛있게 먹었내요^^♡♡♡",2년 전
 별표 4개 ,아이스크림과 함께한다면 누구와도 견줄 수 없는 에스프레소.,2년 전
 별표 4개 ,커피에 집중하는 매장,2년 전
 별표 4개 ,커피가 맛남,2년 전
 별표 4개 ,,2년 전
 별표 4개 ,맛있습니다~ 좋아요,2년 전
 별표 5개 ,,2년 전
 별표 3개 ,,2년 전
 별표 4개 ,이 집 커피 정말 최고....... 정말 손꼽는 커피 맛....!!,2년 전
 별표 5개 ,,2년 전
 별표 5개 ,,2년 전
 별표 5개 ,,2년 전
 별표 5개 ,하 내 인생 최고의 커피,2년 전
 별표 5개 ,"(Google 번역 제공) 완벽한 양조 및 좋은 분위기

(원문)
Perfect brew and good vibe",2년 전
 별표 5개 ,오롯이 커피에 집중할 수 있는 모던하지만 따스한 곳,2년 전
 별표 3개 ,가보고 싶은 느낌있는 카페~네욤,2년 전
 별표 5개 ,맛있는 커피와 특색있는 인테리어가 너무 좋으네요.,2년 전
 별표 4개 ,"엄청나게 힙한 장소.
앉을 곳은 부족함😥",2년 전
 별표 5개 ,커피의 정석을 알고싶다면 추천 합니다,2년 전
 별표 5개 ,"""커피를 사랑한다면 꼭 방문""

서울 강남구 신사동 522
평일 11:00 - 21:30
주말 12:00 - 21:30
연중무휴

맛     : ★★★★★
위 치 : ★★★☆
환 경 : ★★★★
사 진 : ★★★★

게임 캐릭터 커스터마이징 하듯, 그레이 카페의 커피도 내 입맛대로 고를 수 있는 세세한 옵션들이 많았다. 커피 원두에 대한 설명 뿐만 아니라 어떻게 주문하는지 친절히 설명해주신다.

카페 내부 안쪽에는 연구실 처럼 생긴 공간이 있었고 직원들 모두 흰 가운과 흰 셔츠를 입고 있었다.

엄숙하면서도 커피에 대한 진지함이 그대로 묻어나는 공간과 인테리어, 단지 목을 축이기 위해 가기엔 미안함까지 들 정도로 전문성 넘쳐보이는 카페이다.

직접 로스팅을 하고 포장 상태도 말끔해서 포장을 뜯고 나면 그 신선하면서도 고소한 원두 냄새가 참 기분좋게 했던 기억이 난다. 포장된 원두는 따로 구매가 가능하다. 어느 소개에서 유명한 바리스타 분이 함께 일한다 들었는데 그래서인지 커피맛 만큼은 별 다섯개를 주고 싶다. 커피 외 다른 음료의 특징이라면 바로 뚜껑을 열 필요없이 뚜껑 위에 부착된 종이만 제거하면 빨대를 꽂을 수 있는 작은 구멍이 있어서 가지고 다니기 굉장히 편했다.

가기 편리한 곳에 위치해 있다고는 말할 순 없지만, 요즘 수없이 많은 카페들 중에 이런 전문성을 가진 곳이라면 아마 주말엔 앉을 자리가 없을 정도로 붐비지 않을까 생각된다. 가격은 예상했겠지만 제법 높은 편이나, 커피를 사랑한다면 일부러라도 한번쯤은 가볼만 하다.",2년 전
 별표 5개 ,,2년 전
 별표 5개 ,"(Google 번역 제공) 좋은 커피 숍. 그들은 커피 콩의 좋은 범위를 가지고 있습니다. 장소는 편안하고 잘 설계되었습니다.

(원문)
Good coffee shop. They've got nice reange of coffee beans. The place was comfy and well designed too",2년 전
 별표 5개 ,,2년 전
 별표 4개 ,"(Google 번역 제공) 아주 좋은 커피.

(원문)
Very good coffee.",2년 전
 별표 1개 ,좋은날 좋은사람들과,2년 전
 별표 4개 ,,3년 전
 별표 5개 ,,3년 전
 별표 5개 ,,3년 전
 별표 3개 ,,3년 전
 별표 5개 ,실력있는 바리스타들이 가득한 카페,3년 전
 별표 5개 ,"(Google 번역 제공) 괜찮은 커피와 함께 아늑한 현대

(원문)
Cozy modern with decent coffee",3년 전
 별표 5개 ,"(Google 번역 제공) 보통으로 맛있게 커피를 즐길 수있었습니다.
자택 볶은하고 세련된 공간에서 권장합니다.

(원문)
ふつうに美味しくコーヒーが楽しめました。
自家焙煎していて、お洒落な空間でおススメです。",3년 전
 별표 5개 ,가로수길. 퀄리티 있는 커피 전문점. 원두부터 스타일까지 선택 가능. Owned and operated by award winning barista. One of the most quality coffee in Gangnam region.,3년 전
 별표 5개 ,커피 맛은 최고. 원두는 내가 맛을 못 살렸는지 무난..,3년 전
 별표 5개 ,"신사 가로수길 일대에는 카페가 진짜 많다. 그렇지만 갈만한 카페가 없다고 생각하게되는 모순적 상황 속에서 만난 카페. 우연히 테이크아웃이나 좀 해볼까 하다가 발견했는데 전반적으로 좋은 인상을 받았다. 가장 먼저,테이크아웃 컵이 너무 단단해서 아 뭐야 예쁘게 브랜딩 하는 것도 물론 좋은데 환경오염에 일조하네, 생각했는데 리유저블 컵이었다. 단가가 훨씬 비쌀텐데도 이런 재사용 가능한 소재의 컵을 사용한 것이 더 멋있어보였다. 디자이너가 보기에도 감탄이 나오는 멋진 브랜딩, 바리스타 분들의 스타일링까지 싹 깔끔하게 맞춰입은 디테일도 좋았다. 무엇보다 다양한 종류의 원두 중에서 골라 마실 수 있는 것도 좋았다. 컵에 보면 바리스타 얼굴이 그려진 스티커가 붙어있는데 실력에 대한 자신감이 느껴져서 마음에 들었다. 좌석이 많은 편은 아니지만 채광이 좋고 그다지 붐비지 않아서 좋았음. 신사에 방문하게 된다면 다시 들르고 싶은 곳이었다.",3년 전
 별표 5개 ,피자두우유 완젼완젼 강추입니다!!,3년 전
 별표 5개 ,"신사동 가면 무조건 그레이에 간다.
sns에 올리기 위한 카페가 아니라서.
커피맛도 좋고. 붐비지 않아 좋고.
깔끔하고 쾌적하고 조용히 즐기고 쉬다 갈 수 있어서.

여긴 만점!!🙆
앞으로도 쭈욱 그러길!",3년 전
 별표 4개 ,아주좋아용,3년 전
 별표 5개 ,최고...,3년 전
 별표 3개 ,까페보다는 원두집,3년 전
 별표 5개 ,,3년 전
 별표 5개 ,,3년 전
 별표 5개 ,,3년 전
 별표 5개 ,"(Google 번역 제공) 전 세계의 다양한 원두가 있는 훌륭한 카페. 사랑해.

(원문)
Great cafe with a huge selection of beans from around the world. Love it.",3년 전
 별표 5개 ,,3년 전
 별표 4개 ,커피와 제조방법을 선택하면 바로 만들어줍니다.,3년 전
 별표 5개 ,자두라떼였나? 그게 진짜 맛잇음!!,3년 전
 별표 5개 ,"(Google 번역 제공) 제가이 미묘하고 인상적인 곳으로 갈 때마다 저는 루이비통, 구찌, 페라가모와 같은 사치품을 구입하고있는 것 같습니다. 모든 직원들이 단정 한 의상과 손님을 맞이하고 있습니다. 10 개 이상의 콩이 있으며, 원하는 콩을 가져갈 수 있습니다. 그 후, 당신이 그것을 마시는 방법에 따라 즐길 방법을 선택할 수 있습니다. #추천

(원문)
Every time I go to this minty and impressive place, I feel like that I am purchasing luxury goods such as Louis Vuitton, Gucci and Ferragamo 👠👜👞Cuz all the staff members are wearing neat suits and welcoming customers. There are over 10+ beans and you can take it what you want. After that, you can choose the way to enjoy depends on how you like to drink it. #highlyrecommended",3년 전
 별표 5개 ,서울 최고의 커피. 다양한 원두를 다양한 방법으로 즐길 수 있는 공간,3년 전
 별표 5개 ,,3년 전
 별표 5개 ,,3년 전
 별표 5개 ,,3년 전
 별표 5개 ,"커피를 페이브에서 사서, 여기서 빵이랑 같이 먹을 수 있음. 빵 맛있는데, 치아바타는 토마토토핑 없으면 더 맛있을뻔.",3년 전
 별표 5개 ,"(Google 번역 제공) 훌륭한 커피

(원문)
Great coffee",3년 전
 별표 5개 ,,3년 전
 별표 2개 ,깔끔할 뿐 좁고 양 적고 직원 무게 잡고 비쌈,3년 전
 별표 2개 ,"다양한 종류의 원두와 드립백을 직접 골라 음료를 만드는 것이 신기했다. 드립백을 전면에 내세우는 컨셉과 마치 연구소같은 외관은 상당히 신박했지만, 알맹이는 실하지 않은 느낌의 음료와 서비스다. 가성비도 떨어진다. 한 번은 방문할 만하지만 굳이 다시 찾아가고 싶을만큼 인상적이지 않다. 통유리의 벽을 두고 도보와 붙어있기 때문에 딱히 편안한 분위기도 아니다.",3년 전
 별표 3개 ,,3년 전
 별표 4개 ,,3년 전
 별표 5개 ,"(Google 번역 제공) 전 세계의 필터 커피에 초점을 맞춘 커피 실험실로 설계되었습니다. 카페 왼쪽에는 필터 커피 기계와 커피 원두가 판매되고, 뒷벽에는 로스팅 기계가 노출되어 있습니다. 여기서 커피 한 잔에 5000 ~ 7000 원을 지출 할 것으로 예상됩니다.

그들의 과테말라 (완전 세척)를 따르는 것은 제가 서울에서 마셨던 최고의 커피였습니다.

(원문)
Designed as a coffee lab focused on pour over filter coffees from all over the world. Left hand side of the cafe sells filter coffee machinery and coffee beans while the rear wall is exposed to reveal the roasting machinery. Expect to spend 5000 to 7000 KRW on a coffee here.

Their Guatemala (Fully Washed) pour over was the best cup of coffee I had in Seoul.",3년 전
 별표 3개 ,"(Google 번역 제공) 독특한 디자인의 카페.
아메리카노 & 온두라스 커피

(원문)
Unique designed cafe.
Americano & Honduras coffee",3년 전
 별표 5개 ,,3년 전
 별표 5개 ,,3년 전
 별표 5개 ,"카페에 대해 제대로 이해하고 있는 곳. 최근의 카페는 단순히 커피를 판매하는 것을 넘어선 하나의 플랫폼 역할을 하고 있다. 커피 한 잔 값을 지불하면 공간이 내 집인양 편해진다. 사진을 찍어 올리면 카페 브랜드와 함께한다는 느낌이 들기도 한다.
이곳은 이름에 그레이가 붙은 것처럼 들어가면 주로 이루고 있는 색도 회색이고 입고 계신 바지도 회색이다. 직원의 옷차림까지 브랜딩에 참여하고 있는 것이다.
커피는 원두를 선택하면 싱글로 내려주시는게 참 좋았다. 또한 최근에는 라떼를 제대로 만드는 곳을 만나기 힘들다는 느낌을 자주 받는데 이곳은 좋은 라떼를 내놓는다.
좋은 라떼라는 것은 우선 밀크 폼이 촘촘하게 잘 나와야 한다. 또한, 온도는 너무 뜨겁지도 미지근하지도 않은 온도가 되어야 한다. 마지막으로 원두의 향이 잘 살아있어 우유에 가려지지 않아야 한다. 이곳은 이 3가지 점을 전부 충족시키고 있어서 정말 맛있게 마실 수 있었다.
공간디자인은 그레이, 화이트 그리고 우드의 색감으로 이루어져 있는데 균형이 잘 맞는듯 했다.",3년 전
 별표 5개 ,"매우 잘 세팅된 싱글 커피를 선택해서 커피를 매우 잘 내리는 바리스타가, 커피의 뉘앙스를 매우 잘 연상할수 있는 커핑노트와 함께 제공된다. 바리스타의 서비스 인식부터 메뉴의 관리까지 뭐하나 빠지지 않는 훌륭한 카페이다",3년 전
 별표 5개 ,"(Google 번역 제공) 맛있는 커피와 멋진 개념. 단일 원두 원두 및 준비 선택. 그레이는 전국 챔피언 바리 스타와 챔피언 커 퍼가있어 품질이 매우 높다.

(원문)
Delicious coffee and cool concept. Choice of single origin beans and preparations. Gray has a Korean national champion barista and a champion cupper so quality is super high.",3년 전
 별표 5개 ,,4년 전
 별표 4개 ,,4년 전
 별표 5개 ,"You can enjoy ‘the Best Coffee’ here ☕️
12가지의 원두 중 마음에 드는 것을 고르고 아메리카노, 라떼 등 원하는 타입을 고르는 시스템” 모던하고 세련된 공간에서 맛있는 라떼 한 잔을 즐길 수 있는 곳이 생겼다는 것이 넘 좋았다. 재방문 의사 100%",4년 전
 별표 4개 ,,4년 전
 별표 5개 ,"(Google 번역 제공) 그 동안 관리자는 한국에 여러 번 방문했습니다.
월드 바리 스타 레이스 견학, 코엑스 코리아 컨벤션 전시 센터에서 열리는 커피 & 베이커리 이벤트 등

갈 때마다 해외에서 일하다 떠오르는 것은 커피 숍에 가고 싶어 새로운 것을보고 싶어 그리고 가게의 장식 커피 로스팅 느낌을 우리에게 제시 맛에 맞춰 춤을

그리고 지난달에 저는 오랫동안 문을 연 Cafe Gray Gristmill #korea에갔습니다.

가게에 들어간 첫 분위기 와 ... 당장 커피 마시고 싶어요. 이 가게는 선택할 수있는 커피가 많고, 거의 20 가지의 단일 원산지 커피가 로스팅됩니다.
김현이 곧 로스팅을했고 카페 존 뒤쪽에 커피 로스터가있다. 큰 투명 유리로 분리

그리고 그 볶은 커피 엄선 된 커피입니다 소량으로 수확되며 희귀 한 독특한 성격을 가지고 있습니다.

슬레이어 커피 머신은 바리 스타가 행동하는 모습을 볼 수있게 해줍니다. 훌륭하게 둘 다 공기가 잘 통하는 가게를 설정 어떤 각도로 앉아도 우리는 모든 시스템이 매력처럼 작동하는 것을 보았습니다.

테이크 아웃 제품을 위해 로스팅 된 커피 원두는 매장 앞에서 길게 늘어서 있습니다. 가게 벽 끝까지
보고 사고 싶은 후, 손에 들고, 전혀 시도 정말 사랑에 빠지기 위해 철자를 쓰는 것과 같습니다.

# 카페 그레이 그리스트 밀 # 한국
더 많이 가고 싶어요 ❤

가격도 그리 비싸지 않습니다
약 3,500 원 ~ 4,500 원.
태국 돈으로 생각하면 약 105 바트에서 135 바트입니다.

위치 : 회색 Gristmill
서울 강남구 신사동 522
(02) 546 8902
영업 시간 : 오전 9시 ~ 오후 9시 매일

#siamcaffeine #teammyroastery # 태국
# 음료 커피 # 리뷰 # 커피

(원문)
ในช่วง ที่แอดมินไปเกาหลีมาหลายรอบ
ทั้งการไป งานแข่ง World Barista , งานCoffee & Bakery ที่จัดขึ้น ที่ศูนย์ประชุม Coex Korea Convention and Exhibition Center

ทุกครั้งที่ไป งานในต่างประเทศ สิ่งที่นึกถึงก็คือ อยากจะไปร้านกาแฟ อยากจะได้เห็นอะไรใหม่ๆ ทั้งการจัดตกแต่งร้าน การคั่วกาแฟในแบบต่างๆ การนำเสนอให้เราได้รู้สึก ตื้นเต้นที่จะได้ชิม

และเมื่อ เดือนที่แล้ว ก็ได้ไปร้าน Cafe Gray Gristmill  #korea ที่พึ่งเปิดได้ไม่นาน

บรรยากาศแรกที่เข้าไปในร้าน ว้าว...อยากกินกาแฟขึ้นมาทันที ร้านนี้มีกาแฟให้เลือกเยอะมากๆ เป็นแบบคั่ว Single origin Coffee เกือบ20ชนิดได้
คั่วโดย Kim Hyun soon มีโรงคั่วกาแฟอยู่บริเวณด้านหลังโซนร้านคาเฟ่ ถูกคั่นด้วยกระจกใสบานใหญ่

และกาแฟที่คั่วนั้น ก็เป็นกาแฟที่ถูกคัดสรรอย่างพิเศษ  ถูกเก็บเกี่ยวผลผลิตได้ในปริมาณที่น้อยและมีลักษณะเฉพาะตัวที่หาได้ยาก ☕

เครื่องชงกาแฟ Slayer วางให้เราเห็นการทำงานของบาริสต้า ได้อย่างโดดเด่น ทั้งการจัดร้านที่โปร่ง ไม่ว่าจะนั่งตรงมุมไหน เราก็ได้เห็นทุกระบบการทำงานอย่างมีเสน่ห์

เมล็ดกาแฟที่ถูกคั่วเพื่อนำเป็นสินค้าให้ซื้อกลับไปทานที่บ้านถูกวางเรียงยาวตั้งแต่ด้านหน้าร้าน ไปจนถึงสุดทางกำแพง ของร้าน
เห็นแล้วอยากจะซื้อหยิบกลับมาลองชิมที่ไทนทั้งหมด เหมือนถูกสะกดให้หลงรักอยู่ที่นั้นจริงๆ

#CafeGrayGristmill #korea
อยากจะไปอีกหลายๆครั้ง ❤

ราคาก็ไม่แพงมาก☕
ประมาณ 3,500 won ถึง 4,500 won
คิดเป็นเงินไทย ประมาณ 105 บาท ถึง 135 บาท

พิกัด : Gray Gristmill
522 Sinsa-dong , Gangnam-Gu, Seoul
(02) 546 8902
Open : 9 a.m. to 9 p.m. daily

#siamcaffeine #teammyroastery #thailand
#ดื่มกาแฟ #review #กาแฟ",4년 전
 별표 5개 ,커피  ☕️ 좋다,4년 전
