rating,review,duration
 별표 5개 ,,1주 전
 별표 4개 ,"블루보틀의 아메리카노 커피가 스타벅스보다는 부드러운 느낌입니다.
가격은 5200원(아메리카노)
스벅보다는 700원 더 비싸긴 하지만, 개인적으로는 부드러운 느낌의 커피맛이 더 좋았네요.",2주 전
 별표 5개 ,,2주 전
 별표 4개 ,맛있어요,3주 전
 별표 3개 ,"1. 지브롤터 오리진 선택시 7100원.  올랐음.  맛은 여전히 좋지만
2. 그래도 친절함도 여전함
3. 시간대 맞으면  청계천의 분위기를
4. 화장실은 청결은 소소
5. 스벅 리저브는 초콜릿을 준다구
6. 좌석 불편",3주 전
 별표 4개 ,,3주 전
 별표 3개 ,,1달 전
 별표 4개 ,커피맛은 물론 좋고 사람이 너무너무 많은데도 친절한 설명! 여유롭게 커피 마실수 있는 장소는 아니여서 조금 아쉽,1달 전
 별표 4개 ,다양한 바리스타가 드립을 내려줘 맛이 균일할지 의문이지만 체계적인 시스템으로 돌아감,1달 전
 별표 5개 ,,1달 전
 별표 4개 ,맛있음,1달 전
 별표 5개 ,,1달 전
 별표 5개 ,깔끔한 분위기와 친절한 직원분 덕분에 잠시 동안의 여유를 즐겼습니다.,2달 전
 별표 4개 ,가격대가 좀 있는편인데 커피맛이 좋으니 커버가 됩니다. 일하시는분들도 친절하게 설명해주셔서 좋았는데 대화하기에는 공간자체가 너무 좁아서 시끄러워서 대화하시려면 커피만 뽑아서 다른 곳에 가시는 것을 추천드립니다.,2달 전
 별표 4개 ,"청계천이 바로 앞에 보이고
직원분들이 친절해서 좋아요
다만 콘센트가 하나도 없어서 충전은 할 수 없어요!",2달 전
 별표 5개 ,"(Google 번역 제공) 좋은 사람들, 좋은 커피. 여기의 인테리어 장식처럼.

(원문)
Good people, good coffee. Like the interior decoration here.",2달 전
 별표 1개 ,커피는 좋아요 근데 시끄러워서 오더 실수도 나오고 커피도 늦게 나오네요,2달 전
 별표 4개 ,커피자체 향도 진하고 우유거품도 쫀뜩~하니 맛있고 직원분들도 친절하세요 커피계의 애플이라더니 매장도 애플스토어같아요 천장이 높아 대화는 편한데 다른 테이블 대화가 들리지 않아 편했어요 그 만큼 음료 나올때 주의해서 잘 들어야합니다 이름부르는데 잘안들려요 가성비는 없습니다 세 모금이면 끝이에요 화장실도 밖으로 멀리 돌아가야해요 재방문은 안할것같아요,3달 전
 별표 5개 ,"깔끔 정돈된 인테리어
전문적인 서비스",3달 전
 별표 4개 ,깔끔한 분위기. 커피 맛은 실망시키지 않음,4달 전
 별표 5개 ,집 근처에 있으면 자주 마실 듯,4달 전
 별표 5개 ,,4달 전
 별표 5개 ,모든 것이 정말 맛있었습니다.,4달 전
 별표 3개 ,"특별한 커피는 없고,특별한 가격만 있음",4달 전
 별표 4개 ,자리가 많지는 않습니다. 커피맛은 뭐.. 사람 많을때가면 맛이 떨어지는건 어쩔 수 없습니다.,5달 전
 별표 5개 ,"평일 점심 시간은 혼잡.
맛 좋고 분위기 좋고.",5달 전
 별표 4개 ,,5달 전
 별표 5개 ,"Blended Drip - 테메스칼 블랜드

공복 아침 훌륭한 드립커피로 하루를 시작합니다.

테메스칼 블랜드 드립

아주 주관적인 테이스팅 노트 ㅎ

첫 시작은 가벼운듯 부드럽게 밀키한 바디감이 있는 시트러스 계열의 맛이 입안을 씻어주는듯 하며 이후 입안에 침을 불러 일으키면서 이후 블랙베리 오크 초콜렛등이 입에 머금은듯 중후하고 부드럽게 입안을 감싸앉으며 목 넘김 이후 사랑했던 여인의 향기처럼 싱그럽고 농익은 감귤과 짙은 오크의 향으로 마무리가 이어지며 식으면 식을수록 긴 여운을 남기고 또 다시 한잔 한잔을 그립게 하는 맛이네요.

훌륭하게 드립커피를 내려주신 바리스타님께 감사드려요. 오랜만에 너무나도 맛있는 커피를 마실수 있어서 즐거운 시간이었습니다.

커피에 대한 전문적인 지식은 없지만 그냥 커피가 맛있어서 써보는 후기입니다.",6달 전
 별표 5개 ,"(Google 번역 제공) 친절한 직원과 현대적으로 꾸며진 카페. 나는 바리스타가 양조하는 커피를 보는 것을 좋아했습니다. 나는 지브롤터의 풍미와 맛을 정말로 즐겼다.

(원문)
Friendly staff and modern decorated cafe. I liked watching a baristar brew coffee. I really enjoyed the flavor and taste of Gibraltar.",8달 전
 별표 5개 ,,8달 전
 별표 4개 ,낮에 오면 더 좋을 것 같아요 ~ 창이 커서 햇빛 올 때 오면 좋을 것 같아용 저녁에 가니까 좀 애플스토어 느낌~ 그리고 겨울이었는데 매장이 많이 추웠습니당 직원분들은 너무 친절하시고 매너 있으셔서 좋아요! 음료는 에이드? 먹었는데 맛있어요 치즈케이크는 5천원인데 양이 빅파이 만했지만~ 괜찮았어요 ㅎ 매장이 아주 깨끗해요! 그치만 너무 추웠어요 … 그래두 좋은 것 같아요 ㅎㅎ 저녁 8시 일찍 닫는 게 아쉬워요,8달 전
 별표 5개 ,친절하고 좋은 카페. 커피의 맛이 나의 입 맛에는 맞지 않아 아쉬웠다.,11달 전
 별표 4개 ,"(Google 번역 제공) 현대적인 장식으로 커피의 훌륭한 맛
직원들은 고객을 위해 커피에 대해 잘 설명해야 합니다.
그러면 완벽할 것이다.

(원문)
Coffee great taste with modern decoration
Staffs need to be kind to explain well bout coffees  for the customers
Then it would be perfect",11달 전
 별표 5개 ,좋은 위치에 있는 매장.,1년 전
 별표 5개 ,,1년 전
 별표 5개 ,커피 맛보고 원두까지 구매해왔습니다.,1년 전
 별표 4개 ,"간판이 크게 보이지 않아서, 그냥 지나칠 가능성이 높은 곳입니다. 청계천 바로 앞에 위치하고 있고 손님들이 기본적으로 붐비는 곳이다보니 앉아서 여유롭게 먹기는 쉽지 않습니다. 그래도 좌석은 금방 나는 편이니 대기를 해보는 것도 좋을 듯 싶네요. 커피맛은 뭐 무난합니다. 날씨 좋은 날이면 테이크아웃해서 청계천을 바라보며 커피를 즐겨보는 것도 좋을 듯 싶네요🙌",1년 전
 별표 5개 ,"처음 가봄
커피맛 잘 모르긴 하는데 솔직히 그렇게 줄서서 먹을 정도는 아닌듯
가격비쌈
근데 직원분들이 다들 친절해서 기분좋음 하나로 다시 갈만함",1년 전
 별표 5개 ,매장 깔끔하고 좋아요,1년 전
 별표 4개 ,"핫한 블루보틀 드디어 가봄. 라떼 6100원
가격 정말 사악하더라.. 근데 텀블러는 스벅보다 저렴한거같아서 광화문에디션으로 구입했습니다 ㅋㅋ
그래도 라떼 맛은 있어요! 좀 비싼 카페 정도 ?
요즘 카페가 하도 비싸서..",1년 전
 별표 2개 ,"(Google 번역 제공) 가격은 스타벅스 + 1000원 정도, 드립커피는 신맛이 나고 아주 부드러운 맛이 나는데, 라떼에 비하면 매우 일반
한국 커피숍에는 와이파이가 없다.....
매우 깨끗하지만 편안한 위치는 아닙니다

(원문)
價位約星巴克+1000韓元, drip咖啡偏酸 喝起來很柔和 相較下拿鐵很一般
在韓國咖啡廳竟然沒wifi.............
很乾淨但位置不算舒適",1년 전
 별표 5개 ,청계천 옆에있어서 좋아요,1년 전
 별표 5개 ,"커피의 아이폰이라고 불리는 이유를 알겠다
가성비로는 분명히 떨어지지만 비슷한애들도 따라오지못하는 그 무언가의 분위기가 있다.",1년 전
 별표 3개 ,"평일 점심시간에 가면 직장인으로 가득차 있다
라떼가 맛있어서 라떼만 마심
직원들은 모두 친절함
단점으론 그리 편하지 않은 좌석들
매우 비싼 가격",1년 전
 별표 4개 ,뉴올리언스 커피 맛있다. 하지만 가성비는 떨어지는 듯.(커피값이 비싸요),1년 전
 별표 1개 ,"(Google 번역 제공) 네슬레가 소유하고 있지만 허세의 정의입니다. 앉을 곳이 거의 없습니다. 문앞에 고가 상품 진열대 (39,000 원 컵 등). 많은 직원이 아무것도하지 않고 서 있습니다. 커피는 괜찮아요. 전체적인 분위기가 나에게 오싹함을 준다.

(원문)
It's owned by Nestle, yet the very definition of pretentious. Sterile, hardly anywhere to sit. Shelves of overpriced merchandise at the door (39,000 won cups and the like). Lots of staff standing around doing nothing. The coffee is just fine. The whole vibe gives me the creeps.",1년 전
 별표 5개 ,,1년 전
 별표 5개 ,"(Google 번역 제공) 굿!!!!

(원문)
Gooood !!!!",1년 전
 별표 5개 ,라떼진짜맛있어요,1년 전
 별표 4개 ,매장이 진짜 애플처럼 생겼고 다들 친절하시다. 20년 1분기 드립커피 원두 조합이 아주 좋다.,1년 전
 별표 4개 ,"궁금해서 가봤는데 친절하고 맛있게 먹었습니다.
ㄹ데 뭐가 아쉬운기분 ㅋㅋㅋㅋ",1년 전
 별표 4개 ,"도심 속 작은 블루보틀 매장.
2021년 2월 맛 청결도는 좋지만 마스크 미 착용자에 대한 제제를 안 함",1년 전
 별표 4개 ,깰끔,1년 전
 별표 5개 ,,1년 전
 별표 4개 ,,1년 전
 별표 5개 ,,1년 전
 별표 5개 ,"바리스타님께서~^
늘 친절하 원두에대한 설명과 친절~~
갈때마다 기분이 좋아지는 곳 입니다~♡",1년 전
 별표 5개 ,블루보틀,1년 전
 별표 4개 ,,1년 전
 별표 4개 ,맛은 최고 근데 진동벨 없는게 아쉬움,1년 전
 별표 5개 ,너무 좋아요. 사람 많아요 ㅎㅎ,1년 전
 별표 5개 ,,1년 전
 별표 4개 ,"몇번 더 가봐야 알겠다.
판정보류",1년 전
 별표 3개 ,,1년 전
 별표 1개 ,,1년 전
 별표 4개 ,"위치 좋고, 친절하고 커피 맛 훌륭함. 다만 위치상 조용히 마실수 있는 분위기와는 거리가 멀기에 좀 시끄러울수 있음.",1년 전
 별표 5개 ,커피맛 좋은곳 ^~^,1년 전
 별표 4개 ,"일요일 오후에 방문했으나 웨이팅 없이 입장.
원두로는 판매하지 않고 있는 에티오피아 어내로빅 드립이 아주 만족스러웠음.
가격은 11,000원",1년 전
 별표 4개 ,"커피 맛은 모르겠으나
카페가 정갈하고 깔끔하여 이쁨",2년 전
 별표 5개 ,"(Google 번역 제공) 특히 점심 시간에 혼잡합니다. 그러나 오래 기다릴 가치가 있습니다. Valuabe 커피는 매우 부드럽고 장소는 작은 이야기를 나누기에 아늑합니다.

(원문)
So crowded, especially around lunch time. But long waiting is worth it. Valuabe coffee is so soft and the place is cosy for having a small talk.",2년 전
 별표 4개 ,조용하고 차분한 분위기. 커피는 역시 맛있음,2년 전
 별표 3개 ,,2년 전
 별표 3개 ,,2년 전
 별표 5개 ,,2년 전
 별표 4개 ,광화문도 오픈했네요.,2년 전
 별표 5개 ,광화문 블루보틀 :) 깨끗한 인테리어와 맛있는 라떼,2년 전
 별표 4개 ,,2년 전
 별표 1개 ,,2년 전
 별표 4개 ,,2년 전
 별표 5개 ,커피는 작지만 산미가 강하다는 편견이 있었는데 나한텐 괜찮았고 밍밍했음  간단히 쉬고 가기 좋았다,2년 전
 별표 4개 ,아메시키지말고 라떼시키셈,2년 전
 별표 4개 ,,2년 전
 별표 5개 ,블루보틀이니까요,2년 전
 별표 5개 ,,2년 전
 별표 1개 ,"기분 좋은 마음으로 굳이 찾아 온 매장인데
계산 하신 분이 코로나 관련 안내를 하는데 너무 짜증내듯이 말해서 불 친절 해서 기분 나빴네요. 손님이 많은것도 아니었는데.
저만 그런줄 알고 걍 나왔는데 동행 하신분도 기분 나쁘셨다네요. 괜히 제가 모시고 가서 넘 죄송하고 실망만 하고 다음엔 이 지점 안오려구요.",2년 전
 별표 4개 ,"커피 맛있고 깔끔하고 분위기 좋음
원두도 괜찮은데, 이 돈주고 다시 갈 것 같지는 않음.
블루보틀블루보틀하길래 가봤는데, 외국애들이 한국인 등쳐먹는 느낌.
다들 인스타 사진 찍으러 왔더라. 작은 매장에서 서로 서로 소리도 안들리니 샤우팅하듯이 이야기하는 모습들이 안쓰럽기도 하고.
그냥 우리나라 전통 쌍화차를 프리미엄으로 해서 미국에 수출하자.
Korean Traditional Double Fire Tea.",2년 전
 별표 4개 ,,2년 전
 별표 5개 ,"놀라플로트 먹으러 열심히 다녔네요
비싸지만 맛있고 역시 비쌉니다
아쉬운건 너무 늦게 나온다는거.
시간 쫄리는 출근, 점심시간때누 엄두가 안납니다
아침엔 사람이 많은건 아니지만 늦게 나오고
점심엔 후딱 먹고 가야된다는거.
저녁땐 8시까지만 영업!
정퇴하고 가면 제일 한산했었네요",2년 전
 별표 5개 ,,2년 전
 별표 5개 ,라떼 맛있지만 특별한건 모르겠어요,2년 전
 별표 4개 ,,2년 전
 별표 4개 ,커피 맛은 아주 좋다. 하지만 내가 마셔본 에스프레소 중에 가장 비쌌다. 싱글인데 오천원...공간이 좀 협소해서 사람이 많으면 너무 북적인다.,2년 전
 별표 4개 ,콜드블루랑 놀라플로트 먹었는데 놀라플로트 맛있어요♡ 아이스크림 맛있더라고요~ 콜드블루는... 음...,2년 전
 별표 4개 ,"음료, 스콘 모두 괜찮았어요
다만 테이블과 좌석이 불편하네요ㅠ",2년 전
 별표 3개 ,기계식 주차장에 주차비가 지원이 안되고 주차비도 비싸요 ㅎㅎ,2년 전
 별표 4개 ,,2년 전
 별표 5개 ,,2년 전
 별표 4개 ,뉴올리언스는 별로 아메리카노 드세요,2년 전
 별표 4개 ,깔끔하고 친절하다,2년 전
 별표 5개 ,드립커피 추천해요,2년 전
 별표 5개 ,"깔끔하고 좋네요
브랜디 커피가 맛나요 뭔가 입안에서 꽉찬맛이 맨돈다고나 할까요",2년 전
 별표 4개 ,,2년 전
 별표 3개 ,"매장 찾기도 쉽고 매장분위기도 깔끔해 산뜻한 기분이드네요.
단지 향과 맛에 비해 가격이 비싼게 흠이에요.ㅠ 그래도 블루보틀만에 맛과 향은 있어요.
한번쯤은 궁금하니 가보세요^^
점심시간쯤엔 사람들 많아 자리도 꽉차요. 창가바라보며 잠시 앉아 사색즐기는것도 좋네요.",2년 전
 별표 4개 ,,2년 전
 별표 4개 ,블루보틀,2년 전
 별표 5개 ,,2년 전
 별표 3개 ,블보는 좌석이 편하진 않지만 정말정말 시원해요,2년 전
 별표 4개 ,청계천앞이라서 다마시고나 들고 산책하기에 좋을것같아요!!그리고 내부도 깔끔해서 입구앞에서 주문도 편하게 할수 있어서 좋아요!!!,2년 전
 별표 4개 ,앉을 자리가 부족해서 스탭프가 보이는 바에 앉았습니다. 조큼 불편,2년 전
 별표 3개 ,매장에서 느껴지는 블루보틀의 색깔은 옅은 편이나 커피는 맛있음,2년 전
 별표 4개 ,,2년 전
 별표 5개 ,,2년 전
 별표 4개 ,,2년 전
 별표 4개 ,,2년 전
 별표 5개 ,,2년 전
 별표 4개 ,,2년 전
 별표 2개 ,기대 보다 별로..,2년 전
 별표 4개 ,예기치못하게 방문했네요 굿,2년 전
 별표 4개 ,"광화문 아티제 카페 자리에 블루보틀이 생겼습니다.
외국에서도 보물찾기 하듯 찾아서 먹던 커피였는데 이곳 광화문에서 만날 수 있습니다.
우유가 많이 들어간 라떼는 무척 부드러우며 싱글 오리진 드립 커피의 산미를 음미하기 좋습니다.",2년 전
 별표 5개 ,,2년 전
 별표 5개 ,놀라플로트 짱맛이네요,2년 전
 별표 4개 ,블루보틀 지점 중 맛이 가장 안정적이다.,2년 전
 별표 3개 ,한국 블루보틀은 처음 가봤는데요 완전 시장통 느낌이라 실망 ＿|￣|○ 진짜 시끄러워요 주말이라 그런걸까요 ㅜㅜ 한국 한정 텀블러는 예쁘네용,2년 전
 별표 4개 ,"블루보틀 꽤 여러지점 가봤는데 여기가 제일 블루보틀 이미지? 와 잘 어울리는 것 같아요! 뉴욕 느낌? ㅋㅋ 청계천 옆이라 위치도 좋고 특히! 사진찍을 때 필수인 햇빛이 잘 들어와서 채광도 좋아요~ 날 좋을 때 가시면 인생샷도 건질 수 있을 거예요 커피는 꼭 라떼 아니면 놀라플로트 추천해요ㅎ 아이스크림 우유 맛이 진하고 맛있어요 ㅎㅎ 원래 블보는 라떼 맛집이라는 거~아시죠??

근데 가장 최근에 생겨서 늦게 가면 웨이팅 가능성 있어요.. 자리가 많은 것 같으면서도 없음ㅠ",2년 전
 별표 5개 ,,2년 전
 별표 5개 ,,2년 전
 별표 4개 ,광화문일대에서 만날 수 있는 블루보틀 지점입니다. 여러 메뉴들이 유명하지만 싱글 드립 아메리카노는 레몬차의 느낌이 날 정도로 산미가 강합니다.  식후에 상큼하게 커피 한잔이 생각난다면 들러볼만 합니다.,2년 전
 별표 3개 ,"아티제 자리에 블루보틀이...!!
직원분들 엄청 친절하시고 굿즈도 다양하고~
커피 맛이야....^^;;;
근데 에어컨을 너무 빵빵하게 틀어주셔서 추움..
외부와 내부의 온도차 무엇...
와이파이 안된다네요....? 테이블 간격 너무 좁아요..",2년 전
 별표 5개 ,청계천을 바라보며 마시는 커피. 오늘 막 오픈함,2년 전
