rating,review,duration
 별표 5개 ,"커피맛 제대로이고
시원한 분위기 쉼터
입니다",1달 전
 별표 3개 ,,6달 전
 별표 1개 ,"커피 맛이 정말 별로 입니다..
값은 비쌉니다..
동네 아줌마들 마실다니는 집 정도?로 동네 아주머니들 마니옵니다..
주인이 동네사람을 바뀐 다음부터 동네 아줌마들 사랑방돼서 시끄럽고
매장에서 자기들 끼리 밥도 먹고.. 입구에서 동네 아저씨들 담배들 엄청 피워 댑니다..
주차는 어린이보호구역 단속지역이라 공익신고에 찍히면 범칙금 8만원..--;;",9달 전
 별표 5개 ,맛있는 커피~,1년 전
 별표 5개 ,조용히 얘기나누기 좋은 곳,1년 전
 별표 4개 ,,1년 전
 별표 3개 ,옛날 6~70 년대를 기억하게한다.,1년 전
 별표 5개 ,맛있어요 오세요,1년 전
 별표 5개 ,주위가 조용하고 아늑합니다,1년 전
 별표 5개 ,,2년 전
 별표 5개 ,분위기좋고 커피도 맛있어요,2년 전
 별표 2개 ,,2년 전
 별표 5개 ,편안하고 좋습니다,2년 전
 별표 4개 ,소중한 평가 감사드립니다~^^ 고객께서 만족하실만한 커피와 서비스를 위해 항상 노력하겠습니다.,2년 전
 별표 4개 ,커피도 좋지만 실내 분위기가 고전적인 소품으로 정감있어서 좋았음,2년 전
 별표 3개 ,소중한 평가 감사드립니다~^^ 고객께서 만족하실만한 커피와 서비스를 위해 항상 노력하겠습니다.,2년 전
 별표 4개 ,,2년 전
 별표 5개 ,소중한 평가 감사드립니다~^^ 고객께서 만족하실만한 커피와 서비스를 위해 항상 노력하겠습니다.,2년 전
 별표 4개 ,괜 찮아요...,2년 전
 별표 2개 ,소중한 평가 감사드립니다~^^ 고객께서 만족하실만한 커피와 서비스를 위해 항상 노력하겠습니다.,2년 전
 별표 5개 ,조용하고커피맛이좋습니다,2년 전
 별표 5개 ,소중한 평가 감사드립니다~^^ 고객께서 만족하실만한 커피와 서비스를 위해 항상 노력하겠습니다.,2년 전
 별표 5개 ,,2년 전
 별표 5개 ,소중한 평가 감사드립니다~^^ 고객께서 만족하실만한 커피와 서비스를 위해 항상 노력하겠습니다.,2년 전
 별표 2개 ,아늑하고 조용하고. 꽃감조각케익이 맛이 좋아요,2년 전
 별표 5개 ,소중한 평가 감사드립니다~^^ 고객께서 만족하실만한 커피와 서비스를 위해 항상 노력하겠습니다.,2년 전
 별표 4개 ,,3년 전
 별표 4개 ,소중한 리뷰 감사합니다~ 고객이 만족하실만한 커피와 서비스를 위해 더욱 노력하겠습니다.,3년 전
 별표 3개 ,,3년 전
 별표 3개 ,소중한 평가 감사드립니다~^^ 고객께서 만족하실만한 커피와 서비스를 위해 항상 노력하겠습니다.,3년 전
 별표 4개 ,,3년 전
 별표 1개 ,소중한 평가 감사드립니다~^^ 고객께서 만족하실만한 커피와 서비스를 위해 항상 노력하겠습니다.,3년 전
 별표 3개 ,,3년 전
 별표 4개 ,소중한 평가 감사드립니다~^^ 고객께서 만족하실만한 커피와 서비스를 위해 항상 노력하겠습니다.,3년 전
 별표 5개 ,,3년 전
 별표 5개 ,소중한 평가 감사드립니다~^^ 고객께서 만족하실만한 커피와 서비스를 위해 항상 노력하겠습니다.,3년 전
 별표 5개 ,"커피는 그저 동네의 흔한 커피집...
최악의 동네 아줌마들의 수다...
사장님 여기 손님 좀 바꿔주세요...",3년 전
 별표 4개 ,소중한 리뷰 감사합니다~ 고객이 만족하실만한 커피와 서비스를 위해 더욱 노력하겠습니다.,3년 전
 별표 4개 ,,3년 전
 별표 3개 ,소중한 리뷰 감사합니다~ 고객이 만족하실만한 커피와 서비스를 위해 항상 노력하겠습니다. ^^,3년 전
 별표 3개 ,커피가 꼬소하고 장소 또한 아늑하고조용함,3년 전
 별표 5개 ,소중한 리뷰 감사합니다~ 고객이 만족하실만한 커피와 서비스를 위해 항상 노력하겠습니다. ^^,3년 전
 별표 5개 ,,3년 전
 별표 4개 ,소중한 리뷰 감사합니다~ 고객이 만족하실만한 커피와 서비스를 위해 항상 노력하겠습니다. ^^,3년 전
 별표 5개 ,,3년 전
 별표 5개 ,소중한 평가 감사드립니다~^^ 고객께서 만족하실만한 커피와 서비스를 위해 항상 노력하겠습니다.,3년 전
 별표 5개 ,,3년 전
 별표 4개 ,소중한 평가 감사드립니다~^^ 고객께서 만족하실만한 커피와 서비스를 위해 항상 노력하겠습니다.,3년 전
 별표 4개 ,,3년 전
 별표 5개 ,소중한 리뷰 감사합니다~ 고객이 만족하실만한 커피와 서비스를 위해 항상 노력하겠습니다. ^^,3년 전
 별표 4개 ,,3년 전
 별표 4개 ,소중한 리뷰 감사 드립니다. 고객이 만족하실 만한 커피와 서비스를 위해 더욱 노력하겠습니다~,3년 전
 별표 3개 ,,3년 전
 별표 5개 ,소중한 리뷰 감사합니다~ 고객이 만족하실만한 커피와 서비스를 위해 항상 노력하겠습니다. ^^,3년 전
 별표 5개 ,한가한장소에 있어 좋네요...,3년 전
 별표 5개 ,소중한 리뷰 감사합니다~ 고객이 만족하실만한 커피와 서비스를 위해 항상 노력하겠습니다. ^^,3년 전
 별표 4개 ,,3년 전
 별표 4개 ,소중한 리뷰 감사합니다~ 고객이 만족하실만한 커피와 서비스를 위해 항상 노력하겠습니다. ^^,4년 전
 별표 5개 ,,4년 전
 별표 4개 ,소중한 리뷰 감사합니다~ 고객이 만족하실만한 커피와 서비스를 위해 항상 노력하겠습니다. ^^,4년 전
 별표 3개 ,조용하고 아늑하다. 약간 외진동네에 빈티지한 카페.마루바닥.사람들이 많이 찾는.,4년 전
 별표 1개 ,소중한 리뷰 감사합니다~ 고객이 만족하실만한 커피와 서비스를 위해 항상 노력하겠습니다. ^^,4년 전
 별표 2개 ,연구소 같은느낌..^^,4년 전
 별표 5개 ,소중한 리뷰 감사합니다~ 고객이 만족하실만한 커피와 서비스를 위해 항상 노력하겠습니다. ^^,4년 전
 별표 5개 ,사장님 친절하시고 자주 이용하고 있어요.,4년 전
 별표 4개 ,좋은 평가 남겨주셔서 감사합니다~ 항상 만족하실 수 있도록 좋은 커피와 서비스를 위해 노력하겠습니다. ^^,4년 전
 별표 5개 ,"커피맛은 보통 ..
사장님이 바뀌셨어요
빵도 팔아요",4년 전
 별표 2개 ,소중한 리뷰 감사합니다~ 고객이 만족하실만한 커피와 서비스를 위해 더욱 노력하겠습니다. ^^,4년 전
 별표 1개 ,,4년 전
 별표 3개 ,소중한 리뷰 감사합니다~^^ 항상 고객이 만족하실만한 커피와 서비스를 위해 노력하겠습니다.,4년 전
 별표 5개 ,,4년 전
 별표 5개 ,소중한 평가 감사드립니다~^^ 항상 만족하실만한 커피와 서비스로 보답하겠습니다.,4년 전
 별표 5개 ,,4년 전
 별표 4개 ,소중한 평가 감사드립니다~^^ 항상 만족하실만한 커피와 서비스로 보답하겠습니다.,4년 전
 별표 4개 ,"아주 이쁘고 커피도 맛있는데 곳곳에 먼지가 많음
청소를 깨끗이해주면 좋을듯",4년 전
 별표 5개 ,소중한 의견 감사합니다. 커피뿐만 아니라 청소에도 더욱 신경 쓰도록 하겠습니다~,4년 전
 별표 4개 ,,4년 전
 별표 4개 ,소중한 평가 감사드립니다~^^ 항상 만족하실만한 커피와 서비스로 보답하겠습니다.,5년 전
 별표 5개 ,,5년 전
