rating,review,duration
 별표 5개 ,"교보문고와 더불어 도심속 오아시스와 같은 카페이다. 처음 오픈했을 때만해도 베이글 맛집인줄로만 알았고, 커피는 구색 맞추기 용인 줄 알았다. 그런데 알고보니 스페셜티 커피를 제대로 내리는 카페였다. 커피+베이글+공간의 훌륭한 조합에 더해 바리스타들의 쾌활한 바이브가 돋보이는, 애정하는 카페이다.",1일 전
 별표 5개 ,베이글과 커피 한잔의 여유,3일 전
 별표 4개 ,,3일 전
 별표 5개 ,"(Google 번역 제공) 베이글이 많아서 여자 혼자 다 먹기는 좀 힘들더라구요 😆😆

(원문)
貝果份量很多，女生自己吃一整個有點吃力 😆😆",1주 전
 별표 5개 ,맛있지만 테이블 개 더러움 물수건으로 좀 닦아야지.. ㄷㄷ,1주 전
 별표 4개 ,,2주 전
 별표 5개 ,,2주 전
 별표 5개 ,,3주 전
 별표 5개 ,,1달 전
 별표 5개 ,,1달 전
 별표 4개 ,커피는 제 취향~~,1달 전
 별표 5개 ,"포비는 항상 커피가 맛있어요
그리고 매장 안에서 밖을 봤을때 풍경도 좋구요
베이글도 맛있어요!",1달 전
 별표 5개 ,"베이글 만드는 모습이 투명하게 보여서 신기하고
친절하시고 베이글이 생각보다?너무맛있음
커피도 탑급",1달 전
 별표 5개 ,,1달 전
 별표 5개 ,"분위기 있고 커피도 맛있어요.
포비 베이글은 매우 유명하죠.
인테리어도 마음에 들어요~",1달 전
 별표 5개 ,친절하고 맛나요! 베이글에 무화과 스프레드 그리고 커피가 진짜맛났어요,1달 전
 별표 5개 ,,1달 전
 별표 4개 ,"토요일 아침 9시30분 도착
주차는 광화문 D타워 건물에 2시간 무료주차됩니다

직원들 친절합니다
베이글은 겉은 바삭하고 속은 쫄깃합니다
크린베리 크림 고소하고 베이글에 잘어울립니다
아메리카노 괜찮고 라떼는 거품이 풍성하니 베이글과 잘어울립니다
그런데 허리가 무척아픈 의자와 테이블
너무너무 불편합니다
언능 먹고 나가라는 것인듯 ㅜ

베이글과 커피 간단히 먹고 광화문광장 한바퀴돌아보니 딱 좋은 토요일아침 식사와 산책이 되었습니다",1달 전
 별표 4개 ,,1달 전
 별표 5개 ,,1달 전
 별표 4개 ,,2달 전
 별표 4개 ,"분위기가 새로워 보이기는 했으나, 좁은 매장에 너무 좌석이 많아서 무슨 동아리방 같기도 했음. 특히 요즘같은 코로나시국에 그렇게 촘촘히 앉아 있는게 좀 찝찝했음.",2달 전
 별표 5개 ,,2달 전
 별표 5개 ,담백하고 쫀득한 식감의 베이글 붸뤼긋~~~,2달 전
 별표 5개 ,,2달 전
 별표 5개 ,"배이글도 맛있지만 베이글 러스크가 미친놈입니다. 베이글은 개인적으로 쫄깃한 걸 선호해서 너무 빵같이 부드러워서 그냥 그랬어요. 베이글 러스크를 드세요.

그리고 스프레드는 제발 플레인 드셔주세요. 다른 애들도 맛있긴 한데 찐은 플레인입니다.
엥 왜 같은 돈 주고 플레인 먹냐? 이러실 수 있는데 얘는 그냥 플레인이 아니에요. 크림치즈보다는 시큼한 맛 하나도 없고 달달해요.

커피는 무난하게 맛있습니다. 베이글은 여기보다 맛있는집 많지만 러스크는 여기가 최고

아 갈릭러스크도 말고 그냥 러스크요!!!!",2달 전
 별표 5개 ,맛있는 베이글을 맛 볼 수 있습니다,2달 전
 별표 5개 ,,2달 전
 별표 4개 ,"저녁시간은 붐비지 않아
조용히 커피 한잔하며 담소를 나눌 수 있는 장소",2달 전
 별표 5개 ,,3달 전
 별표 4개 ,,3달 전
 별표 5개 ,"(Google 번역 제공) 현대적인 커피와 베이글 카페, 매우 깨끗하고 항상 분주하며 훌륭한 에스프레소 음료가 제공됩니다. 우리는 특히 레몬 에이드를 좋아했습니다. 카페인이 꽤 많이 들어있습니다.

베이글은 독특합니다. 미국산이라 뉴욕이나 다른 곳에서 흔히 볼 수 있는 것과는 다르지만 그곳에서 갓 만들어집니다.

스프레드는 서양인에게 익숙해지는 데 시간이 걸립니다. 한국의 모든 것과 마찬가지로 매우 달콤합니다. 일반 슈미어에도 꿀이 많이 들어 있었습니다.

영어가 가능하고 서울의 모든 곳과 마찬가지로 매우 친절한 직원.

(원문)
Contemporary coffee and bagel cafe, very clean, always busy, with great espresso drinks.  We especially loved the Lemon-Ade; it's got quite a bit of caffeine.

The bagels are unique; being from the USA, this are different than what you usually find in New York and elsewhere, but they're freshly made right there.

The spreads take some getting used to as a Westerner; like everything in Korea, it's very sweet.  Even the plain schmear had a lot of honey in it.

English accommodated, and like everywhere in Seoul, super friendly staff.",3달 전
 별표 4개 ,말필요없이 커피. 베이글 맛난곳,3달 전
 별표 4개 ,"따뜻하게 구운 베이글이 넘 맛있어요~
오랜만에 친구들과 만나 즐거운 시간보냈어요~~^^",3달 전
 별표 5개 ,"플랫화이트 맛집
베이글+무화과 스프레드 😊",3달 전
 별표 5개 ,"맛있는 포비,, 점심엔 사람이 많아요",3달 전
 별표 5개 ,,4달 전
 별표 3개 ,,4달 전
 별표 4개 ,커피맛집,4달 전
 별표 4개 ,"(Google 번역 제공) 빠른 물기와 훌륭한 커피를위한 좋은 장소. 그들은 몇 가지 베이글 샌드위치 옵션을 포함하여 다양한 베이글을 가지고 있습니다. 좌석이 제한될 수 있으므로 테이크아웃을 권장합니다. 하지만 가게 밖에도 벤치가 있어서 테이크아웃을 하면 멀리 가지 않아도 된다.

(원문)
Great place for a quick bite and great coffee. They have a variety selection of bagels, including couple of bagel sandwich options as well. Recommend taking out as seating may be limited. But they also have benches outside the store, so you wouldn't have to go far if you choose to take out.",4달 전
 별표 5개 ,베이글 너무 맛있어요.  커피도 맛있어요.,4달 전
 별표 5개 ,커피가 넘 맛있는 집,4달 전
 별표 4개 ,광화문에 좋은 카페들이 많지만 그중 포비만큼 직원들이 친절하고 커피철학이 느껴지는곳도 드문듯.,4달 전
 별표 4개 ,,5달 전
 별표 4개 ,"베이글이 맛있네요
주차가만만치않고  주차는2시간만무료입니다
좌석은 조금 불편한편이라 (높은의자) 편한좌석을좋아하는분께는 비추입니다",5달 전
 별표 5개 ,,6달 전
 별표 4개 ,맛있는 베이글과 두종류의 커피빈.커피 맛잇음,6달 전
 별표 5개 ,베이글 맛집 혼자 점심하기 좋고 요즘 마켓컬리에서도 살수 있음,6달 전
 별표 5개 ,"시나몬베이글+무화과조합 강추..꼭 드세요
베이글만 먹을거면 허니밀크?가 존맛입니다
커피도 진짜 너무 맛있어요!!!ㅜㅠ",7달 전
 별표 5개 ,"제친구가 베이글  파트 점장이에요

베이글 🥯 러스크 맛집이에요 꼭!",7달 전
 별표 5개 ,"커피 베이글 맛집, 베이글 직접 만들고 맛있어요",7달 전
 별표 3개 ,,7달 전
 별표 5개 ,,7달 전
 별표 5개 ,혼자놀기 좋아요,7달 전
 별표 4개 ,"커피와 빵을 먹을수있어서 좋았구요
실내는 아담하고 접근하기 좋은위치라 약속장소로 이용하기 좋은것 같습니다",7달 전
 별표 5개 ,쫄깃 커피도 맛K,8달 전
 별표 5개 ,베이글이 맛남,8달 전
 별표 4개 ,광회문 디타워에 있는 카페로 카푸치노 맛있어요.,8달 전
 별표 5개 ,커피가 참 맛난 곳,8달 전
 별표 4개 ,가성비 좋아요 로스팅을 직접하는지 원두도팔았어요 출근길 베이글과 함께 아침식사로 좋아요,8달 전
 별표 4개 ,,8달 전
 별표 5개 ,,8달 전
 별표 4개 ,,9달 전
 별표 5개 ,,9달 전
 별표 5개 ,,9달 전
 별표 5개 ,베이글에 크림치즈 최고!,10달 전
 별표 5개 ,최고 별5개,10달 전
 별표 5개 ,,10달 전
 별표 5개 ,,10달 전
 별표 5개 ,"깔끔하고 분위기도 좋음
베이글이랑 크림치즈 구매해서 먹고가면 따뜻하게 데워서 나옴 분위기도 조용",10달 전
 별표 5개 ,"(Google 번역 제공) 훌륭한 위치에서 맛있는 베이글과 놀라운 커피. 베이글을 좋아하거나 맛있는 커피를 마시고 싶다면 이곳을 방문하십시오. 추천.

(원문)
Delicious bagels and amazing coffee in a great location. If you like bagel or just want to have a tasty coffee this is the place to go. Highly recommended.",10달 전
 별표 4개 ,,10달 전
 별표 4개 ,,11달 전
 별표 5개 ,천정이 높고 커다란 창밖으로 노란 은행나무가 보입니다. 장소가 조용하고 가격이 아주 저렴해서 가성비 짱!! 주차도 1시간 무료라서 아주 좋습니다. 가을 이 때쯤 또 방문하고 싶어요~,11달 전
 별표 4개 ,,11달 전
 별표 5개 ,베이글이랑 토마토크림치즈 넘 맛이따,11달 전
 별표 5개 ,너무맛있고 직원분들 친절해요,11달 전
 별표 5개 ,,11달 전
 별표 5개 ,"베이글도 맛있고 라떼도 맛있음
가격도 적당함 장시간앉아있기 의자가딱딱해서 밥먹고 이야기하러 카페가기에 좋음",11달 전
 별표 4개 ,"(Google 번역 제공) 신선한 베이글과 다양한 커피 원두
큰 창으로 매우 귀엽고 멋진 전망
서비스: 슈퍼 종류

(원문)
Fresh bagel and good choices of coffee beans
Very cute and nice view with big windows
Service: super kind",11달 전
 별표 5개 ,맛있어용,11달 전
 별표 4개 ,"맛있는 🥯 베이글 과 음료
아쉬운 테이블의 넓이",11달 전
 별표 3개 ,명성에 비해 그렇게 맛있는지는 모르겠음.. 베이글이 먹다보면 딱딱해져서 빨리먹어야함,11달 전
 별표 4개 ,포비.커피는 늘 배신하지 않음,1년 전
 별표 4개 ,,1년 전
 별표 3개 ,"(Google 번역 제공) 평범한 커피, 평범한 베이글

(원문)
Ordinary coffee, ordinary bagel",1년 전
 별표 3개 ,,1년 전
 별표 5개 ,"(Google 번역 제공) 맛있는. 서울 최고의 베이글 중 하나.

(원문)
Tasty. One of Seoul's best bagels.",1년 전
 별표 5개 ,베이글도 맛있는데 저는 커피가 더 맛있더라구요💚,1년 전
 별표 3개 ,,1년 전
 별표 5개 ,"가성비좋고 맛도좋아요
출근시간에 멍때리면서 먹기엔 넘맛난것",1년 전
 별표 5개 ,무화과 스프레드 도랏어요...자꾸 생각나는 도라버린 맛,1년 전
 별표 4개 ,,1년 전
 별표 5개 ,"말이 필요없다!
둘이 말고 혼자 먹고싶다😅",1년 전
 별표 4개 ,,1년 전
 별표 4개 ,베이글과 스프레드가 다양한 카페입니다.,1년 전
 별표 5개 ,"베이글이 맛있는집,  개인적으로 무화과크림치즈가 맛있어요~  스모커 아메리카노와 함께..  탁자 위에 감각있게 꽂은 화병도 내 취향 ㅋ",1년 전
 별표 4개 ,,1년 전
 별표 4개 ,베이글이 맛있는데 요일별 나오는게 달라 종류가 다양하지않고 크림치즈를 파는데 하나에 2000원 너무 비싸요 2000원 받으실꺼면 가득 채워주시기라도 하던가,1년 전
 별표 5개 ,"2021년 6월 21일 방문.
포비 세트(오늘의 베이글(쑥 베이글, 크랜베리 크림치즈), 오늘의 커피)에 볼케이노 베이글 주문.
생각외로 맛있었다.",1년 전
 별표 4개 ,커피 맛있어요,1년 전
 별표 4개 ,"역시 포비 베이글 맛있어요. 크림치즈 무화과, 크렌베리 추천!",1년 전
 별표 5개 ,낮에 방문하니 베이글 종류도 다양하게 있어서 좋았습니다! 커피도 진하고 맛있네요~~,1년 전
 별표 5개 ,천장이 높고 통창이 나있어서 시간 가는 줄 모르는 곳입니다. 베이글과 스프레드도 맛있고 커피도 병에 담겨 나오는게 재밌네요.,1년 전
 별표 3개 ,,1년 전
 별표 5개 ,베이글이 맛있는곳. 항상 사람이 많아서 좀 아쉬움,1년 전
 별표 5개 ,"베이글 사는데 크림치즈를 따로 팔아서 뭐지 했는데 크림치즈가 진짜 맛있어요! 커피도 상큼한 원두, 고소한 원두 두 종류가 있었는데 둘다 좋았어요. 내부도 깔끔하고 인테리어도 좋아서 강추합니다!",1년 전
 별표 5개 ,,1년 전
 별표 4개 ,우선 사람이 많고 오래 머물기에는 테이블이나 의자가 편한건 아니니 참고하세요~,1년 전
 별표 4개 ,"베이글 유명맛집이라 딸내미랑 갔어요~
플레인 베이글사와서  앙버터 만들어  먹으니 존맛탱~^^ 남편이 너무 빨리 순삭해버려서 사진을 못 찍었네유",1년 전
 별표 4개 ,,1년 전
 별표 4개 ,"베이글이 맛있는집^^ 커피도 맛난집♡

하지만 을지로 포비가 베이글을 더 맛있게 구워주는 것 같아요♡♡♡",1년 전
 별표 4개 ,"베이글 맛집이고, 커피 맛집이고..
더치 블랙이 그렇게 맛있을수가...
더치 맛없음 쓰기만한데..카페인드링킹 하는 그런기분..인데, 포비 더치 맛있습니다.
다만 직장인들 점심 시간은피해서 가시는 것이...느므 정신없음요.",1년 전
 별표 4개 ,"커피 맛이 특이하다 마약을 넣은 기분이다 그만큼 머리도 상쾌하게 해준다 맛도 뛰어나다
2021년 6월 현재 포비커피집 개업한 지 6년이 되었다
전국에 아홉 개의 매장이 있다

처음 시작할 때 다섯 명의 바리스타와 두 명의 베이글을 만드는 사람들로 출발했지만 지금은 하나의 기업이 되었다",1년 전
 별표 4개 ,"(Google 번역 제공) 번화 한 비즈니스 지구에있는 작은 트렌디 한 카페 (테이블 10 개)

(원문)
Small trendy cafe (10 tables) in busy business district",1년 전
 별표 5개 ,"내부가 조금 더웠지만, 깨끗하고 맛있습니다.
통유리로 만드는것도 보이고 크기도 크고 부드러워서 딱딱하지않은 베이글이라 추천해요ㅎ",1년 전
 별표 5개 ,인생 베이글과 크림치즈......,1년 전
 별표 5개 ,카페가 다른 카페랑은 조금 달랐어요. 의자가 높아서 오래 앉아있긴 불편했는데 음료는 맛있었어요,1년 전
 별표 5개 ,피콜로와 베이글 맛집. 늘 사람이 많다,1년 전
 별표 5개 ,,1년 전
 별표 5개 ,베이글 맛집 의자는 불편,1년 전
 별표 4개 ,,1년 전
 별표 4개 ,,1년 전
 별표 3개 ,,1년 전
 별표 5개 ,친절하고 맛있어요♡☆,1년 전
 별표 4개 ,"(Google 번역 제공) 좋은 커피, 좋은 베이글, 평균적인 서비스.

(원문)
Good coffee, good bagels, average service.",1년 전
 별표 3개 ,낫배도,1년 전
 별표 5개 ,,1년 전
 별표 3개 ,,1년 전
 별표 5개 ,,1년 전
 별표 5개 ,,1년 전
 별표 5개 ,,1년 전
 별표 4개 ,베이글 수준 있어요,1년 전
 별표 5개 ,"커피도 맛있고, 베이글 핵존맛입니다.",1년 전
 별표 5개 ,,1년 전
 별표 5개 ,베이글보다는 커피가 참 맛있는 곳입니다. 커피가 구수하고 산미가 덜해서 제스타일이에요.,1년 전
 별표 3개 ,,1년 전
 별표 5개 ,베이글맛집..크림치즈맛집👍👍,1년 전
 별표 5개 ,,1년 전
 별표 5개 ,,1년 전
 별표 3개 ,"어우야, 플레인 최고 맛나",1년 전
 별표 3개 ,자리가 불편하고 테이블 간격 좁아요 크림치즈가 너무 맛있는게 함정..,1년 전
 별표 5개 ,,1년 전
 별표 5개 ,,1년 전
 별표 4개 ,"뉴욕에 온 듯한 내부예요. 제 느낌에요.
베이글 전문점인듯 다양한 베이글과 크림치즈가 있네요.
커피와 차도 몇가지 있는데, 차는 종류가 2가지 밖에 없어 선택의 폭은 좁죠.
의자가 모두 스탠드형?이라 앉아있기 불편해요. 덕분에 오랜시간 앉아있을 수 없어요.",1년 전
 별표 4개 ,,1년 전
 별표 5개 ,베이글 항상 맛있음,1년 전
 별표 5개 ,"베이글과 크림치즈 스프레드가 정말 맛있습니다.
가볍게 베이글과 커피 즐기기에 좋습니다.",1년 전
 별표 5개 ,,1년 전
 별표 5개 ,,1년 전
 별표 3개 ,,1년 전
 별표 5개 ,,1년 전
 별표 3개 ,베이글 맛있고 커피도 좋지만 관광지여서 편히 있기 곤란하다,1년 전
 별표 5개 ,따뜻하게 나온 베이글 위에 견과류와 무화과칩이 잘 어울린다. 플레인 스프레드 또한 단짠이 좋아서 무한으로 먹을 수 있을 듯.,1년 전
 별표 3개 ,,1년 전
 별표 4개 ,,1년 전
 별표 4개 ,,1년 전
 별표 5개 ,베이글 맛남!!,1년 전
 별표 4개 ,,1년 전
 별표 5개 ,"총점 9/10. 훌륭한 힐링카페
커피를 못 마시는 관계로 레몬 티. 5,000원 정도.

가격 대비 양: 1/1. 무난.

맛: 1/2. 맛있었다. 진짜 레몬을 넣어줌.

장소&분위기: 6/6. 기본적으로 빌딩 1층의 오픈된 공간이라 천장이 높아 쾌적하다. 테이블엔 다양한 예쁜 꽃들이 비치되어 있고, 벽엔 대나무가 있어 힐링된다. 채광까지 좋아 식물들의 생기가 배가됨.

서비스: 1/1. 무난.",1년 전
 별표 4개 ,혼자와도 불편하지않은 곳.,1년 전
 별표 5개 ,"커피도 맛있고 레몬에이드 (당도 0) 진짜 맛있어요!
주문 메뉴 나올 때 이름 불러주는게 인상적 ㅋㅋ",1년 전
 별표 4개 ,아이언맨은 이제 치우고 자리를 더 놓는게 낫지 않을까... 🤔,1년 전
 별표 5개 ,아메리카노 맛 좋은곳 이에요,1년 전
 별표 3개 ,"좋은원두 베이글 맛나구
직원도 친절",1년 전
 별표 5개 ,,1년 전
 별표 4개 ,"아침에 브런치 먹기좋은 카페이고, '베이글과 커피'셋트가 7800원~
베이글을 매장에서 직접 구워 판매해서 맛있고, 셋트에 나오는 '크렌베리 치즈크림'이 맛있어요",1년 전
 별표 5개 ,무엇이든 최고. 뉴욕의 유명베이글샵도 울고갈걸?,1년 전
 별표 5개 ,,1년 전
 별표 4개 ,,1년 전
 별표 4개 ,괜찮은 아포가토/ 이것만 먹어 :),1년 전
 별표 5개 ,,1년 전
 별표 5개 ,,1년 전
 별표 5개 ,"(Google 번역 제공) 베이글과 커피가 좋다 ~ !! :-)

(원문)
bagle and coffee is good~!!:-)",1년 전
 별표 5개 ,,1년 전
 별표 5개 ,,1년 전
 별표 5개 ,,1년 전
 별표 5개 ,,1년 전
 별표 4개 ,"(Google 번역 제공) 좋은 맛과 편안한 이너

(원문)
Good taste and comfortable inner",1년 전
 별표 4개 ,너와 함께해서 모든것이 좋았다.,1년 전
 별표 5개 ,맛나요,1년 전
 별표 3개 ,"난 잘모르겠다.. 특별함을 모르겠음.. 미국 베이글같을줄알았는데 바게트같은맛남 굳이 찾아가서 또 사진 않을거 같음
플레인 크림치즈도 취향보다 달고 요거트같아서 별루",1년 전
 별표 5개 ,"베이글이 정말 맛있어요.
늦은시간에는  데워주지 않습니다.",1년 전
 별표 5개 ,,1년 전
 별표 3개 ,베이글은 듬뿍 바른 크림치즈 맛으로 먹는데 크림치즈 양이 너무 적어요.  베이글도  조금 더 쫄깃해야 할 듯.,1년 전
 별표 4개 ,ㅣㅖ,1년 전
 별표 5개 ,베이글이 소문대로 맛남.,1년 전
 별표 5개 ,,1년 전
 별표 5개 ,"가장 사랑하는 장소 중 한 곳
이곳에 가면 자제력 따위는 없어요
분명 배터지게 밥을 먹고가도
베이글과 크림을 종류별로 다 시켜먹는
위장의 기적을 볼 수 있어요

허니베이글에 피그 무화과 크림치즈 조합을 가장 추천!
거기에 플랫 화이트 큰거! 와 진짜 다죽었다ㅠ",1년 전
 별표 5개 ,,1년 전
 별표 5개 ,,1년 전
 별표 5개 ,맛도 좋고 서비스도 좋고 커피가 맛있어요,1년 전
 별표 5개 ,베이글과 커피를 파는 곳. 플랫화이트가 맛있었어요,1년 전
 별표 4개 ,공간이 좀작아서  너무  가까이 앉아있어야 해요   베이글은 부드럽고  크림치즈도  부드럽게 잘발리고  맛도있습니다,1년 전
 별표 5개 ,,1년 전
 별표 4개 ,"(Google 번역 제공) 품질과 좋은 가격. 하지만 왜 큰 아이언 맨 동상이 있는지 잘 모르겠습니다.

(원문)
Quality and good price. But I am not sure why there is a big Ironman statue.",1년 전
 별표 5개 ,"베이글 맛집이라 그래서 궁굼했다
일단 무화과 크림치즈 존맛!
베이글도 넘 맛있다

하지만 의외로 난 커피가 ㄴ ㅓ어무 맛있어서
놀램

자주갈거임 ><",1년 전
 별표 4개 ,,1년 전
 별표 5개 ,,1년 전
 별표 4개 ,,1년 전
