rating,review,duration
 별표 5개 ,원래 옆에 한옥상가 두 채가 더 있었는데 다 없어지고 이 건물만 남았대요,1달 전
 별표 5개 ,"멋진 카페.
도심의 휴식처",2달 전
 별표 3개 ,조그맣고 아담한 공간,2달 전
 별표 5개 ,조용하고 한옥의 운치를 느낄수있는 곳이네요. 음료 가격도 비싸지않아요.,3달 전
 별표 3개 ,금요일밤인데 한산해서 좋았음 매장 내 벌레관리는 필요,3달 전
 별표 5개 ,,3달 전
 별표 5개 ,커피샵,3달 전
 별표 3개 ,아이스커피도 밀도감이 있어 맹하지 않아 좋아요. 다만 서울시내 직장인 많은 곳에 제로페이 안되는 건 개선해여할 거 같네요.,3달 전
 별표 3개 ,유자는 맛있는디 오미자는 ... 맹물이에요,4달 전
 별표 4개 ,카피 또는 가볍게포도주한잔하기 괜챦은곳,4달 전
 별표 4개 ,"(Google 번역 제공) 그저 그래

(원문)
So so",4달 전
 별표 3개 ,예전 서울 경찰청이 있는 자리인 것 같다.  붉은 벽돌로 운치가 있게 만든 카페라 2층으로 되어 있다.  부근에 사무실이 많아서 그런지 어르신 보다 젊은 층에서 많이 찾아 오는 것 같다. 조용하다. 그러나 직접 만든 빵인지 모르지만 가격이 조금 비싼 편이다.,4달 전
 별표 5개 ,,5달 전
 별표 5개 ,,6달 전
 별표 4개 ,한산하고 고즈넉~~,6달 전
 별표 5개 ,조용하고 음악도 좋고,6달 전
 별표 5개 ,,7달 전
 별표 5개 ,,7달 전
 별표 5개 ,,8달 전
 별표 4개 ,,8달 전
 별표 5개 ,,8달 전
 별표 5개 ,편안해요,8달 전
 별표 5개 ,죠아용,9달 전
 별표 5개 ,ㄱ굿,9달 전
 별표 3개 ,카프치노 잘하는 집이네요.  분위기도 좋고 예뻐요.,9달 전
 별표 4개 ,함박눈 오는 날 2층 창가석에서 커피와 함께 눈멍 때리다~😺,9달 전
 별표 3개 ,"키피맛은 쏘쏘.
분위기는 굿",9달 전
 별표 5개 ,남대문 시장 근처 멋있는 커피집!,10달 전
 별표 5개 ,분위기 좋아요 생각보단 작아요 화장실 1개 입니다,10달 전
 별표 4개 ,까페 분위기가 고즈넉해 좋다. 커피도 먹을만함. 인근직장인은 월구독 커피를 눈여겨보면 좋을듯.,10달 전
 별표 3개 ,한옥카페라는 이름이 썩 잘어울리는 느낌은 아님.  하지만 2층의 지붕을 보면 나름대로 이쁜 건물이라는 생각은 지울수 없음 . 하지만 전반적으로 공간이 좁고 자리배치도 편안한 구조는 아님. 테이크아웃을 하면 모를까 최근 스타벅스 처럼 편안한 공간을 제공하는 형태는 절대아님. 하지만 이 카페의 위치를 생각하면 이또한 특이하다. 이 건물은 단독 건물로 특이하게도 대형 건물 앞에 자리하고 있다. 즉 어떠누건물의 부속 부분이 아니고 카페 하나가 아주 작은 2층 건물이다. 이런 건물이 이런 도심 한복판에 있다는건 사실 좀 신기한 부분이 있다. 따라서  지금도 좀 그런 생각을 가지신것 같긴한데  조금더 여기만의 색을 만들 수 있다면 나름 명소는 아니더라도  유명한 공간이 되지 않을까 ?    아쉬움이 좀 남는 공간이다.,10달 전
 별표 4개 ,커피와 와인.. 분위기 괜찮네요,10달 전
 별표 5개 ,,11달 전
 별표 3개 ,,11달 전
 별표 5개 ,"아주 살짝 초코맛이 느껴지는 커피였어요. 바리스타의 친절함이 맛을 더해준 듯 해요.
붉은벽돌이 고풍스러운 분위기를 자아내는 친근한 분위기.",11달 전
 별표 5개 ,분위기 좋음 점심먹고 차 종류 먹으러가기 좋음,11달 전
 별표 5개 ,맛나유,1년 전
 별표 4개 ,,1년 전
 별표 5개 ,,1년 전
 별표 3개 ,평타 이상은 하는 곳,1년 전
 별표 5개 ,,1년 전
 별표 4개 ,"(Google 번역 제공) 벽돌 만들기의 멋진 커피 숍입니다! 맛있었습니다!

(원문)
レンガ作りのオシャレなコーヒーショップですよ!美味しかったです!",1년 전
 별표 3개 ,이름만 한옥 카페에요,1년 전
 별표 5개 ,"남대문 앞 대로변 작은 2층건물입니다
와인을 팔면서 카페도 운영하는 공간이구요
2층 창가는 남대문 뷰가 괜찮습니다
커피맛은 중간수준입니다",1년 전
 별표 4개 ,친절한 알바와 맛있는 치즈케이크,1년 전
 별표 3개 ,어디가 한옥인거임..벽돌임 그냥,1년 전
 별표 5개 ,시내 중심에서 한가한 여유로움을 느낄 수 있는 곳. 알바가 친절했네요.,1년 전
 별표 5개 ,조용하고 분위기 좋아요,1년 전
 별표 3개 ,"이름도 외관도 한옥 분위기이긴 한데, 메뉴는 특징이 없는거 같아요. 커피는 부드럽고 고소합니다. 산미 좋아하시는 분들은 별로일수도 있을거 같아요.",1년 전
 별표 3개 ,옛날느낌이에요 아메리카노는 영 맛이없어요,1년 전
 별표 5개 ,,1년 전
 별표 5개 ,커피 맛도 좋고 서울 시내 한가운데서 가격도 좋습니다. 건물도 근대유산건물입니다,1년 전
 별표 5개 ,,1년 전
 별표 5개 ,,1년 전
 별표 5개 ,분위기있고 그냥편안공간에들어간 느낌~ 아메리카노는 약간 신맛나는 원두~,1년 전
 별표 2개 ,흠...죄송합니다. 저는 딱히 별다른 장점은 못찾겠어요. 가볍게 와인도 가능하다는거?,1년 전
 별표 4개 ,,1년 전
 별표 5개 ,내부 깔끔하고 좋아요 ~,1년 전
 별표 5개 ,"서울 한복판에 이런 아늑한 한옥 카페가 있다는게 신기했어요.
거리두기도 잘 하네요.",1년 전
 별표 5개 ,,1년 전
 별표 4개 ,시청역 주변의 고즈넉한 카페.,1년 전
 별표 5개 ,커피 맛있어요~~,1년 전
 별표 1개 ,서비스 불친절,1년 전
 별표 5개 ,가격대비 맛도 좋은편이고 직원분들이 친절해요,1년 전
 별표 4개 ,,1년 전
 별표 3개 ,,1년 전
 별표 4개 ,,1년 전
 별표 2개 ,,1년 전
 별표 3개 ,2층이 조용합니다. 1층은 프론트와 연결되어 봄여름에는 이용하기에 좋을 것 같지만 겨울에는 문 앞이라 춥습니다.,1년 전
 별표 4개 ,겉에서 본 분위기는 좋은데 기타 식음료는 평범해요. 별 특징 없어요.,1년 전
 별표 1개 ,단독으로 있는 한옥카페 . 커피를 샷 추가해서 먹어봤는데 너무 맛이 없었음. 2층짜리 건물이라 평일 점심시간에 조용히 대화하러올라가니 어찌나 회동중인 아즈메들이 많던지,1년 전
 별표 2개 ,,1년 전
 별표 4개 ,"코트야드메리어트 서울남대문 앞에 있는 까페입니다. 조선시대  개화기 시대의 한옥의로 만들어진 상가형태를 재현한 곳입니다. 단독건물이고 신축이어서 깔끔합니다만, 고전적의미는 없습니다.",1년 전
 별표 3개 ,"복잡한 남대문시장과 북창동의 어수선을 잊게 하는 카페. 저녁에는 와인바도 되는 곳.
커피맛은 무난해요. 인테리어도 괜찮은데, 건물 외관이 더 멋지죠.",1년 전
 별표 4개 ,"가격도 싸고 괜찮은 커피, 콜드브류는 없음. 한옥분위기가 좋음.",1년 전
 별표 4개 ,,2년 전
 별표 4개 ,"한옥을 개조한 저렴만 아,아 커피 2층에서 좋아요",2년 전
 별표 2개 ,,2년 전
 별표 5개 ,,2년 전
 별표 4개 ,,2년 전
 별표 3개 ,"역사가 있는 건물의 카페. 한옥이라고 하기보다는 대한제국시대의 건물같다.
1910년대에 지어진 것으로 추정한다고 한다.
남대문이 보이는 창가자리에서의 풍경은 이곳의  가장 큰 자랑.
1,2층으로 되어있는 카페의 분위기는 여행온 듯 한 느낌이다. 단지 아쉬운 건  커피맛이 그냥 흔한 프렌차이즈점 같은.. 이맛도  저맛도 아닌게 흠...
건물이 이쁘고, 분위기를 즐기고 싶다면 만족도는 높을 것이다.",2년 전
 별표 4개 ,"창밖으로 남대문이 보이는, 조용한 빨간벽돌감성 2층카페",2년 전
 별표 4개 ,도심 한복판 프랜차이즈가 아닌 차 한 잔 할 수 있는 운치있는 카페,2년 전
 별표 4개 ,,2년 전
 별표 4개 ,,2년 전
 별표 4개 ,,2년 전
 별표 3개 ,,2년 전
 별표 3개 ,그냥그럼..,2년 전
 별표 5개 ,고즈녁한 분위기 좋아요,2년 전
 별표 3개 ,특이한 분위기,2년 전
 별표 3개 ,카페 내부 인테리어 분위기랑 음료는 다 좋았는데 크로와상이 넘 말랑하고 방금 데운듯한 느낌이라 별로였음ㅠ 다른거 시켜드시길 권함...,2년 전
 별표 4개 ,"일단, 굉장히 조용한 카페입니다
좌석도 1,2층에 넉넉(?)하게 있으니 놀러들 가보세요!",2년 전
 별표 4개 ,도심에서 느낄수 있는 옛 정취가 좋아요,2년 전
 별표 5개 ,"경치와 커피, 그리고 빵까지 모두 좋았습니다.",2년 전
 별표 5개 ,좋아용ㅋ,2년 전
 별표 5개 ,,2년 전
 별표 4개 ,,2년 전
 별표 3개 ,,2년 전
 별표 3개 ,장소는 좋은데 친절은 그닥...,2년 전
 별표 4개 ,정취가 있어 좋아요.,2년 전
 별표 4개 ,"아늑하고  좋았으나 점심시간이 되자 사람들이 몰리면서 다소 시끄럽고 산만해졌습니다. 내부가 소음을 잡아주지 못하고 소리가 살짝 울리는 느낌이라 사람들의 웅성거림은 생각보다 크다고 생각됩니다.

따듯한 음료를 시키고 매장에서 먹을생각이었는데 의사도 묻지않고 바로 일회용 컵에 커피를 내려준것 역시 아쉬운점 이었습니다.

건물 자체는 좋았으나 창밖으로 보이는 전경 자체가 전망이랄게 없는것도 아쉬움으로 남습니다.",2년 전
 별표 5개 ,층고가높아조용하고운치있는멋진곳,2년 전
 별표 5개 ,"10:30분 좀 이른 아침에(?) 들렀습니다.
요즘 코로나 때문인지 2층에 손님이 전혀 없다보니 고즈넉한 한옥에서
창밖의 햇살을 느끼며 가족과 조용하게 커피와 음료를 마실 수 있었습니다.
110년이 지난 건물도 이렇게 멋지게 꾸며서 카페로 만들어서 좋았고
더불어 모두가 방문하는 장소가 되어서 즐거운 추억을 만들었습니다.
가격도 생각보다 저렴하고 음료도 퀄리티가 좋았습니다.",2년 전
 별표 5개 ,도심 한가운데 한옥카페... 좋아요.,2년 전
 별표 4개 ,,2년 전
 별표 4개 ,,2년 전
 별표 3개 ,,2년 전
 별표 5개 ,,2년 전
 별표 4개 ,"빌딩 숲 사이 근현대식 한옥상가.
내부에는 1910 ~ 1970년대의 주변 사진 몇 점이 벽에 걸려있습니다.

착한가격은 덤입니다 (2020 2월 아이스아메리카노 4천원)",2년 전
 별표 5개 ,공간이 분리되어 있어서 좋아요,2년 전
 별표 5개 ,,2년 전
 별표 4개 ,내부 분위기가 좋고 뱅쇼 맛있습니다.,2년 전
 별표 5개 ,,2년 전
 별표 3개 ,,2년 전
 별표 5개 ,생박보다 엄청크고 분위기 좋아요,2년 전
 별표 5개 ,"낄끔한 도심 속 카페, 2층 계단이 좀 가파르고 화장실이 하나라 불편",2년 전
 별표 5개 ,,2년 전
 별표 3개 ,,2년 전
 별표 4개 ,건물 그리고 와인.,2년 전
 별표 3개 ,"커피맛이 쏘쏘,바닥,와인셀러위 먼지가 많다",2년 전
 별표 5개 ,커피맛은 평범 분위기 좋고 와이파이를 제공합니다,2년 전
 별표 3개 ,분위기가 좋아요,2년 전
 별표 3개 ,,2년 전
 별표 3개 ,"옛날 건물을 개조해서 커피점으로 만들어서그런지
아늑하다",2년 전
 별표 4개 ,,2년 전
 별표 5개 ,,2년 전
 별표 4개 ,,2년 전
 별표 3개 ,"작고 아담한 카페임, 맛은 평타이고 음료제조가 느림",2년 전
 별표 4개 ,"점심식신후 잠깐 쉬기 좋은곳!
분위기도 좋네요.",2년 전
 별표 5개 ,"(Google 번역 제공) 멋진 분위기와 훌륭한 제품

(원문)
Lovely atmosphere and great products",2년 전
 별표 5개 ,"빌딩 숲에 옛것을 포기하지 않은 곳이 있어 넘 좋았어요.
예쁘고 깔끔하니 좋네요",2년 전
 별표 4개 ,,2년 전
 별표 3개 ,술한잔하고 커피 한잔 하고,2년 전
 별표 4개 ,,2년 전
 별표 4개 ,,2년 전
 별표 4개 ,수정과 괜찮음,2년 전
 별표 5개 ,"베이글, 치즈 맛있습니다. 운치 있고..",2년 전
 별표 5개 ,,2년 전
 별표 2개 ,,2년 전
 별표 4개 ,,2년 전
 별표 4개 ,나쁘지않습니다.,2년 전
 별표 2개 ,,2년 전
 별표 2개 ,생뚱 맞음,2년 전
 별표 5개 ,한옥카페라고 했지만 한옥은 아니었다. 그래도 옛 풍취가 느껴지는 분위기 한적하고 마음이 차분해지고 커피 맛도 좋았읍니다^^,2년 전
 별표 5개 ,"(Google 번역 제공) 시장 출구에서 커피 나 시원한 음식을 맛볼 수있는 아주 좋은 곳. 멋진 프랑스 스타일의 장소, 평균보다 약간 비싸지 만 3500 원 에스프레소와 4500 라떼 커피는 괜찮습니다.

(원문)
Lugar muy agradable para tomarte un cafelillo o algo fresquito a la salida del mercado. Sitio agradable del estilo francés, un servicio estupendo un poco más caro de la media pero pero está bien el café espresso 3500 wons y el café latte 4500",2년 전
 별표 3개 ,딱히 장점을 모르겠음. 단점도 모르겠음. 남대문주변에 몇없는 커피숖,2년 전
 별표 2개 ,,2년 전
 별표 3개 ,외부 인테리어가 돋보임,2년 전
 별표 4개 ,분위기는 좋은데 좌석이 부족한 느낌,2년 전
 별표 4개 ,분위기 좋고 따뜻한 느낌이 드는 붉은 카페,2년 전
 별표 3개 ,,2년 전
 별표 3개 ,,2년 전
 별표 5개 ,"남대문시장 가서 밥먹고 찾아간 한옥카페

티라미슈 케이크와 함께 커피한잔 👍👍",2년 전
 별표 3개 ,한 입 마시고 내놓은것처럼 부족한 양,2년 전
 별표 5개 ,,2년 전
 별표 5개 ,"아메리카노, 밀크쉐이크 맛있어요~~",2년 전
 별표 5개 ,,2년 전
 별표 4개 ,,2년 전
 별표 3개 ,고풍스러운 외관과  깔끔한 내부가 그냥 무난함,2년 전
 별표 4개 ,,2년 전
 별표 5개 ,,2년 전
 별표 1개 ,커피도 맛없고 소리가 울려 정신 없음...,2년 전
 별표 5개 ,,2년 전
 별표 2개 ,,2년 전
 별표 5개 ,와인을 마실 수 있는 카페...,2년 전
 별표 4개 ,,2년 전
 별표 4개 ,분위기 좋은곳,2년 전
 별표 3개 ,아담하고 작은 공간이 정겹네요,2년 전
 별표 5개 ,직원분이 참 친절하고 잘생기셨어요,2년 전
 별표 4개 ,,2년 전
 별표 5개 ,어떻게  서울 한복판에 이런곳이!!,2년 전
 별표 5개 ,,2년 전
 별표 3개 ,뭔가 있을것 같지만 없슴.,3년 전
 별표 5개 ,,3년 전
 별표 4개 ,,3년 전
 별표 3개 ,이색이려고 노력했으나 그냥 카페일뿐.,3년 전
 별표 5개 ,오랜 건물 속에 커피한잔..,3년 전
 별표 5개 ,고즈넉한 오래되 분위기가 마음을 편하게 해줍니다. 복숭아 에이드 엄청 맛있어요. 찬 음료를 안좋아하는데 계속 생각나는 맛이에요. 강추드립니다.,3년 전
 별표 4개 ,"남대문 메리어트 호텔 바로 앞에 위치했어요 주차는 옆 유료 주차장이 있습니다 참고 하세요
가볍게 차 한 잔 마시면서 시간 보내기
좋네요 이런 곳이 연결되어 몇개만 더 보존되어 있었다면 하는 아쉬움이 많네요
차 맛이 특별나지 않다는 100년 된 공간에서의
여유로움",3년 전
 별표 4개 ,조용하고 문화유산의 한자리로 좋았음,3년 전
 별표 1개 ,,3년 전
 별표 4개 ,,3년 전
 별표 5개 ,,3년 전
 별표 4개 ,분위기가 좋습니다,3년 전
 별표 2개 ,"(Google 번역 제공) 커피는 비싼 가격 때문에 끔찍한 것 외에도 외부에서 보이는 것만 큼 좋은 작은 건물이지만 외부에서 보는 것만 큼 정통하지는 않습니다. 외부에서 사진을 찍고 멋진 커피 한 잔을 찾기 위해 다른 곳을 찾으십시오. .. 최소한 두 개의 별을주는 것은 그 자체가 건물 자체가 귀엽지 만 그게 다입니다.

(원문)
Just nice small building from outside but inside is quite disappointing not as authentic as it looks from outside, besides coffee is terrible for that expensive price... dont recommend just take a picture from outside and find other place for a nice cup of coffee... giving two stars at least cuz the building itself is cute but thats it.",3년 전
 별표 5개 ,,3년 전
 별표 4개 ,"아늑하고 넓고
조용하다.",3년 전
 별표 3개 ,"좀 새집냄새가 나더라구요.
아이스 아메리카노 한잔했어요.
사진 찍고 구경하기 적당해요.",3년 전
 별표 4개 ,"(Google 번역 제공) 서울의 현대 건축으로 둘러싸인 오래된 건물 내부의 멋진 분위기. 음식은 맛있었고 좋아 보였다. 가격이 정확하지는 않았기 때문에 가격이 작았지만 공정한 가격은 엄청나게 비쌉니다. 방문을 절대적으로 추천 할 수 있습니다.

(원문)
Lovely atmosphere inside the old building surrounded by the modern architecture of Seoul. The food was delicious and looked great. Only small downside was the price as it is not exactly cheap (but not horribly expensive either to be fair). Can absolutely recommend a visit.",3년 전
 별표 4개 ,처음갔는데  찾아간  보람이  있던  건물 .. 오미자 맛났음.. 2층 창가자리 추천..  샹그리아도  그저럭 괜찮았고..,3년 전
 별표 4개 ,,3년 전
 별표 4개 ,전통한옥이아닌 적산가옥같지만 그래도 쁘띠하게 자리잡은 관광지같은 카페,3년 전
 별표 3개 ,,3년 전
 별표 5개 ,,3년 전
 별표 5개 ,,3년 전
 별표 2개 ,그냥 옛건물느낌의 카페,3년 전
 별표 3개 ,"2층에서 이상한냄새가 났고 커피맛은 그냥저냥
건물분위기땜에 갔었음
중국단체관광객 20명넘게 갑자기 와서 본인들 쇼핑한군것질거리 박살냄 시끄러웠음",3년 전
 별표 4개 ,한옥느낌이라서 좋았다,3년 전
 별표 5개 ,남대문 시장 쇼핑후 조용한 카페에서 커피와 와인을 즐기며 담소하기 좋은 조용한 곳,3년 전
 별표 5개 ,,3년 전
