rating,review,duration
 별표 5개 ,,11달 전
 별표 5개 ,,1년 전
 별표 5개 ,,1년 전
 별표 5개 ,,1년 전
 별표 5개 ,,1년 전
 별표 5개 ,공부하기 좋네요~,1년 전
 별표 5개 ,,1년 전
 별표 4개 ,,1년 전
 별표 5개 ,,1년 전
 별표 5개 ,혼자 일하기 좋고 음료도 가성비 굿,1년 전
 별표 5개 ,너무 넓고 좋아요^-^맛도 좋구요,1년 전
 별표 5개 ,넓은게 좋다,1년 전
 별표 4개 ,"분위기도 좋고 깔끔함.
생수를 사먹어야 한다는거에서 별한개 뺌.
음료도 케잌도 맛남",1년 전
 별표 5개 ,,1년 전
 별표 5개 ,진짜 넒고 주변에 공부하는 사람들 많아서 분위기도 괜찮은데 음악소리가 커서 공부할때 이어폰을 뚫고 들어옴 ㅠㅠ 음료맛은 쏘쏘한데 가격 음...그냥 2000원 정도는 자리값이라고 생각하고 마시면 기분좋게 공부할수있음,1년 전
 별표 5개 ,공간이 넓어서 좋았습니다,1년 전
 별표 5개 ,넓어서 좋았음..,1년 전
 별표 4개 ,,2년 전
 별표 5개 ,,2년 전
 별표 3개 ,넓은 카페,2년 전
 별표 4개 ,"콘센트 와파 친절한 직원분까지 다 좋앗지만, 빵이 마니 없네요,,,ㅎㅅ",2년 전
 별표 5개 ,넓고 쾌적,2년 전
 별표 5개 ,아주 좋아요 공부하기 딱이에요!,2년 전
 별표 5개 ,"넓고
패션후르츠 에이드가 맛있음",2년 전
 별표 4개 ,,2년 전
 별표 5개 ,,2년 전
 별표 5개 ,넓은 공간에 조용하고 좋았습니다,2년 전
 별표 3개 ,,2년 전
 별표 5개 ,,2년 전
 별표 5개 ,좋은위치 넓은공간 실용적,2년 전
 별표 5개 ,넓고 쾌적. 낮에가면 사람많은건 단점. 콘센트많아서 노트북 갖고가도 충전걱정x,2년 전
 별표 5개 ,넓은 좌석에 편한 분위기. 중앙동에서 친구 기다리기 제일 좋은 카페.,2년 전
 별표 4개 ,,2년 전
 별표 5개 ,좋아요,2년 전
 별표 5개 ,넓은 공간. 맛있는 커피와 간식.,2년 전
 별표 5개 ,,2년 전
 별표 5개 ,,2년 전
 별표 4개 ,,2년 전
 별표 5개 ,맛도 있고 분위기 👍,2년 전
 별표 4개 ,,2년 전
 별표 5개 ,,2년 전
 별표 5개 ,,2년 전
 별표 4개 ,,2년 전
 별표 5개 ,안산 최고의 휴양 및 커피 공부,2년 전
 별표 4개 ,"굿~
공부하기좋아요
아답터꼽는곳도있어노트북도ok
큰책상에모여앉아공부하기도좋고요
커피는샷추가하셔야할듯",2년 전
 별표 5개 ,이렇게 넓고 쾌적한 카페는 없어요,2년 전
 별표 5개 ,넓고 조용하고 사장님 친절 커피짱맛!!,2년 전
 별표 5개 ,알바생 최고 나 배불러 주거,2년 전
 별표 4개 ,티4000원 선곡은 별로인거같다,2년 전
 별표 5개 ,,2년 전
 별표 5개 ,,2년 전
 별표 5개 ,,2년 전
 별표 2개 ,넓은거 말곤....,2년 전
 별표 4개 ,"우선 카페가 넓습니다. 좌식 입식 등 좌석 종류도 다양합니다. 과제하는 학생들도 많고, 카공족도 많아요. 규모가 크다보니 오랜 시간 앉아 있어도 전혀 눈치가 보이지 않습니다. 다만 노트북 좌석은 인기가 많기 때문에 앉고 싶은 분들은 빨리 선점하셔야 할 것 같네요. 연인과 데이트를 하거나, 여러 명의 친구들과 대화를 할 장소로는 매우 적합하다고 생각합니다.

메뉴를 다양하게 마셔본 것은 아니지만 개인적으로 달달한 커피류는 이디야 등의 프랜차이즈 카페와 맛이 비슷했습니다. 가격대는 중간대 프랜차이즈와 비슷하거나 약간 더 비쌉니다.

중앙동 가장자리에 위치하기 때문에 주변이 비교적 한적합니다. 카페 앞에서 건물 공사하고 있던데 소음은 딱히 못 느꼈네요.",2년 전
 별표 3개 ,그룹스터디하기에 좋습니다. 음료와 디저트는 재료 아끼는 티가 많이 나서 별로였어요.,2년 전
 별표 4개 ,공간도 넓고 좌석도 여유있어 카공족에 인기있는 장소입니다.,2년 전
 별표 4개 ,"위치도 좋고 넓고 좋습니다ㅎㅎ
케익도 맛있게 먹었습니다",2년 전
 별표 3개 ,분위기 좋고 넓은데 맛은 그닥 ...,2년 전
 별표 4개 ,,2년 전
 별표 5개 ,,2년 전
 별표 4개 ,,2년 전
 별표 5개 ,공부하기 좋은 카페 #공부 asmr,2년 전
 별표 5개 ,,2년 전
 별표 5개 ,최고입니다ㅏ앙아ㅏ아아ㅏ 모두 해밀시아하세요,2년 전
 별표 4개 ,싸고 맛있는커피숖~~~,2년 전
 별표 5개 ,,2년 전
 별표 5개 ,최고다 가격이 정말 착한데 맛 또한 좋다. 특히 티라미슈 빙수가 가성비 갑이다.,2년 전
 별표 4개 ,,2년 전
 별표 5개 ,,2년 전
 별표 5개 ,가격이 착하진 않지만 넓고 쾌적함~ 👍,2년 전
 별표 5개 ,,2년 전
 별표 5개 ,"분위기도 좋고 엄청 이쁩니다, 음료도 맛있어요",2년 전
 별표 4개 ,"조용히 책을 보거나 토의, 공부하실분들의 최적장소. 책상과 조명등도 있고 홀이 넓어서 좋아요.",3년 전
 별표 5개 ,,3년 전
 별표 4개 ,,3년 전
 별표 5개 ,"아주 만족스러운 장소. 한호전에서 운영하는것 같다. 책읽거나 공부하기 적합하고, 다양한 형태의 테이블배치로 담소를 나누는 목적으로도 손색없다. 공간과 천장이 넓어 시야가 트이고 인테리어도 고급스럽다. 음료값도 싸다.",3년 전
 별표 4개 ,크고 깔끔합니다 가격도저렴 공부하기 좋아요,3년 전
 별표 4개 ,넓고 편하고 여유로워서,3년 전
 별표 5개 ,,3년 전
 별표 3개 ,,3년 전
 별표 5개 ,,3년 전
 별표 4개 ,최고,3년 전
 별표 5개 ,분위기 겁나좋음 제 취향에 맞네요,3년 전
 별표 5개 ,시야가 딱트인 넓은 장소에 음료 가격도 저럼,3년 전
 별표 3개 ,넓어서 좋아유,3년 전
 별표 5개 ,강추,3년 전
 별표 4개 ,장소가 엄청 넓습니다. 혼자 또는 여럿이 와도 눈치보지 않고 머물다 갈 수 있는 곳입니다. 메뉴도 다양하며 로스터리 카페의 풍미도 느낄 수 있습니다.,3년 전
 별표 4개 ,,3년 전
 별표 5개 ,최고예요. 특히 바닐라라떼는,3년 전
 별표 5개 ,넓고 싸고 좋아욥!,3년 전
 별표 4개 ,,3년 전
 별표 4개 ,아주 좋음,3년 전
 별표 1개 ,,3년 전
 별표 5개 ,아메리카노 맛있음 자몽에이드도 맛있음 다 맛있음 커피가 깔끔함,3년 전
 별표 5개 ,분위기도 좋고 공부하는 학생들을 보면 나도 모르게 아빠미소가 절로지어진다.,3년 전
 별표 4개 ,,3년 전
 별표 3개 ,,3년 전
 별표 5개 ,,3년 전
 별표 5개 ,해밀시아에서의 하루^^ 일러스트로 힐링하세요~~♡,3년 전
 별표 5개 ,넓고 쾌적한 환경이 좋아요 직원분들도 친절하시고  저렴한 빵도 맛있고 최고입니다,3년 전
 별표 5개 ,,3년 전
 별표 2개 ,,3년 전
 별표 3개 ,한호전 밑에 있는 카페이기 때문에 한호전 학생들이 많다. 사실상 한호전 학생들이 전세내고 있는 느낌으로 일반적인 카페의 느낌은 들지 않는다. 커피 맛과 향도 특출나진 않기 때문에 대화를 위한다면 다른 곳을 가볼 것!,3년 전
 별표 5개 ,,3년 전
 별표 5개 ,공간도 넓고 가격도 착해서 자주가는 곳 중에 하나.,3년 전
 별표 5개 ,,3년 전
 별표 5개 ,,3년 전
 별표 5개 ,,3년 전
 별표 5개 ,저렴한 가격. 카페가 굉장히 넓어서 공부해도 눈치보이지 않음. 음료는 괜찮은데 빵맛은 그럭저럭.,3년 전
 별표 5개 ,커피와 분위기& 공간,3년 전
 별표 5개 ,,3년 전
 별표 4개 ,"영어스터디 장소로 이용하고있음
조용하고 넓으며 자리 간격 넓어서 회화스터디하기도 좋음
가격도 합리적인 편",3년 전
 별표 5개 ,"안산에서 가장 좋아하는 장소입니다.

장점

-넓은 장소

해밀시아의 차별화된 점 하나는 매우 넓으면서도 사람이 만석이 아니라는 점입니다.
서울이나 근교에 있는 메이저급 커피점들은 좌석이 그리 넓지 않고 좌석은 많은데 그에 비례해서 사람 역시 미어 터질정도로 많습니다. 사람 많은게 단점은 아니지만 저같이 조용하고 쾌적한 분위기를 원하는 사람들에게 넓으면서도 한적하고 쾌적한 해밀시아는 정말 딱입니다.

-깔끔함, 분위기

메이저급 카페를 돌면서 느낀점은 다들 하나같이 ‘다닥다닥 붙어있는, 회전율을 위해 마련해놓은 자리’ 였습니다. 손님들은 항상 있었습니다. 그러다보니 만원 직전의 버스와 지하철을 탄 듯한 느낌을 카페에서도 받는 것이 저에게는 그리 썩 유쾌하지만은 않았습니다.

해밀시아는 좌석이 엄청 다양하지는 않지만 특징이 있고 또 매장 내의 인테리어 요소로도 훌륭하게 작용합니다. 매장 중간에는 특별히 도서관자리가 있어서 책을 읽거나 공부하시는 분들이 많이 사용하십니다.

데이트 하러 오기도 전혀 문제 없는 장소입니다.",3년 전
 별표 2개 ,,3년 전
 별표 5개 ,"넓은 카페 안에는 스터디 하기 좋게 꾸며져 있습니다.
(스터디 카페인가?)

칸막이 책상이나 스탠드, 콘센트 등등?

커피나 빙수류가 가격대비 만족도 높구요.

공부 분위기라 조용조용해서 좋아요 ㅎ",3년 전
 별표 5개 ,,4년 전
 별표 5개 ,,4년 전
 별표 5개 ,맛있게 먹었습니다.,4년 전
 별표 2개 ,"넓긴한데 개인적으로 아메리카노맛은 그다지
인테리어는 나름 깔끔함
커퍼런스룸도 준비됨",4년 전
 별표 5개 ,,4년 전
 별표 4개 ,한호전 문화관 1층에 있는 카페. 넓고 냉방이 매우잘됨. 공부하기 좋은 구조.,4년 전
 별표 5개 ,,4년 전
 별표 4개 ,"중앙동의 공부하기 좋은 카페
굉장히 넓고 가격은 싼 편
노트북 들고 공부하기 좋데 요기저기 콘센트가있음",4년 전
 별표 3개 ,,4년 전
 별표 4개 ,멋드러진 테이블과 독서실같은 구조가 인상적이다.,4년 전
 별표 5개 ,넓음,4년 전
 별표 5개 ,,4년 전
 별표 3개 ,나쁘지않았어요,4년 전
 별표 5개 ,,4년 전
 별표 5개 ,,4년 전
 별표 4개 ,일단 굉장히 넓어요. 한호전이라는 학교에 있는 카페라서 학교꺼라 좀 많이 넓어요. 학생들 회의나 공부등 용도로도 많이 이용하고 주민들도 모임장소로 많이 사용하는거 같더라구요. 가격도 저렴해서 제일 비싼게 5천원대였던 기억이있어요. 또 쿠폰도 찍어줘서 10잔 마시면 커피 메뉴에서 아무거나 시킬수 있어요.ㅎㅎㅎㅎ,4년 전
 별표 5개 ,여기는 내가 엄청 조아하는 카페임! 커피가 맛있는진 모르겠고 더치나 콜드브루 메뉴가 없어서 찾는 메뉴는 없지만 마시기 불편할정돈 아니고 먹을만함. 가격도 3~4천원 안팎이라 매우 저렴함. 케이크도 4~5천원댄데 엄청크고 엄청맛있음. 여기 파는 커피콩빵+아메리카노 개존맛이니 꼭드시길 학생들이 만든 빵도 판다 개존맛임! 글구 무엇보다 좋은건 넓은데다가 좌석이 편하고 인테리어도 너무너무 예쁘다. 독서실처럼 사용할 수 있는 자리도 있고 다들 그 자리에선 조용하게 예의지켜주는거 최고좋다 공부하는 학생들이 많아서 노트북들고 작업하러 나가기 최고임! 다만 카페가 너무 넓어갖구 화장실이 멀어서 혼자가면 약간 불안해서 오래못있긴함😊😊💦화장실 진짜깨끗하고 좋다 제일 좋은점은 문도 벽도 발끝까지 닫혀서 이상한 걱정 안해도 되는거😙😙 오래앉아서 계속 커피시키구 작업하기엔 화장실 깨끗한데 최고!!ㅋㅌㅋㅋ,4년 전
