rating,review,duration
 별표 5개 ,,3일 전
 별표 5개 ,,4일 전
 별표 5개 ,금요일 저녁 방문. 사람은 많았으나 좌석이 충분히 많아서 앉을자리 걱정은 없었음. 빵 일부는 매장에서 먹고 일부는 테이크아웃 해옴. 더 사올걸 후회함 ㅠ 생각보다 저렴한 빵가격 맘에 듬!! 음료도 맛있게 잘마심.,5일 전
 별표 4개 ,음료와 빵이 다 수준급입니다.,5일 전
 별표 3개 ,"핫플인데 주말이라 그런지 30분이상 줄서서 주문.계산하고,
배달주문까지 겹치니 더 오래걸림..",1주 전
 별표 5개 ,"(Google 번역 제공) 커피와 빵이 맛있는 카페. 이트인으로 빵을 주문하면 먹기 쉽도록 잘라줍니다. 빵의 크기가 크고 둘이서 하나 주문했지만, 너무 달지 않고 데니쉬 원단은 바삭하게 가볍고 순식간에 완식. 다음 번은 혼자서 하나 부탁하자 ^⁠^

(원문)
コーヒーとパンが美味しいカフェ。イートインでパンを注文すると食べやすいようにカットしてくれます。パンのサイズが大きくて二人で1つ注文したが、甘すぎずデニッシュ生地はサクっとして軽くてあっという間に完食。次回は一人で一つ頼もう^⁠^",1주 전
 별표 4개 ,"사람이 많고 비싸지만, 비교적 원두커피 맛이 좋고 애플파이가 맛있음. 왁자지껄한 펍스러운 분위기는 어쩔수 없는 듯.",1주 전
 별표 4개 ,"(Google 번역 제공) 좋은 장소와 나 같은 스웨덴에게는 정말 좋은 빵 :)

(원문)
Great place AND for a Swede like me really nice bread :)",1주 전
 별표 5개 ,,1주 전
 별표 5개 ,"(Google 번역 제공) 완벽한 커피가 있는 완벽한 장소

(원문)
Perfect place with a perfect coffee",1주 전
 별표 5개 ,"커피맛 좋고, 가정집을 개조해서 분위기 좋아요..
휴일 9시 방문했는데 빈자리 찾기 어려울 정도에요",1주 전
 별표 5개 ,,2주 전
 별표 1개 ,,2주 전
 별표 5개 ,,2주 전
 별표 5개 ,기분 좋은 공간,2주 전
 별표 5개 ,,2주 전
 별표 5개 ,,3주 전
 별표 5개 ,레트로한 분위기에 커피맛도 좋습니다.,3주 전
 별표 5개 ,"과거와 현재가 공존하는 미지의 세계♡
맛난  집",3주 전
 별표 5개 ,분위기도 커피도 베이커리도 맛집,4주 전
 별표 4개 ,"운치있는, 특별한 빵과 커피, 밤에 좋았습니다.",1달 전
 별표 5개 ,"늘 친절하고 빵, 커피 모두 맛있는곳",1달 전
 별표 4개 ,,1달 전
 별표 5개 ,"커피 선수 홍성만 바리스타, 김병기 대표, 박건하 바리스타
빵천재 허민수님등 업계 superstar가 모여서 만든 커피 및 빵 전문점.
과거 갈비집이었던 매장을 감각적인 카페로 변신시켜 공덕 마포일대 파란을 몰고 왔던 장소입니다. 평일에도 점심시간의 경우 발을 디딜틈이 없을 정도로 많은 손님들로 북적이며 맛있는 커피와 빵을 감사하게도 매일 공급해주는 보물같은 곳입니다. 곳곳의 독특한 소품과 감각적인 인테리어가 특징이며 커피 이외의 상품도 많이 구비하고 있습니다. 커피 투어 할 때 빠지면 섭섭한 집입니다.",1달 전
 별표 5개 ,,1달 전
 별표 5개 ,,1달 전
 별표 5개 ,,1달 전
 별표 3개 ,"레트로 느낌 물씬나는 카페 여기가 본점이라거 했던 거 같음 2층도 있어서 자리는 많은데 시끄럽고 베이커리류는 그냥 그럼

Retro vibe cafe, and very crowded",1달 전
 별표 4개 ,커피 맛있음. 빵 평균이상,1달 전
 별표 4개 ,레트로 분위기의 빵집? 까페이나 애매한 포지션의 까페인데라는 생각만 듭니다.,1달 전
 별표 5개 ,사람들로 늘 붐비지만 원두가 고소하고 좋습니다.,1달 전
 별표 2개 ,,1달 전
 별표 5개 ,"호프집분위기나는
카페",1달 전
 별표 5개 ,꽁꽁숨어있는데 사람이 많아요,1달 전
 별표 5개 ,"빵 맛, 가격, 매장 내 분위기, 직원분들 친절도 모두 좋았습니다.
주차공간이 별도로 없다는거 감안하시면 되겠습니다.",1달 전
 별표 4개 ,"굉장히 핫하네요!
밤식빵 맛있네요~~",1달 전
 별표 5개 ,정말 맛있는 커피를 맛볼수 있는곳!,1달 전
 별표 5개 ,굉장히 맛있었다 너무너무 만족스럽다,1달 전
 별표 5개 ,,1달 전
 별표 4개 ,,1달 전
 별표 2개 ,"이건뭐 핫플이라 돗데기시장입니다 맛,분위기 모두 맘에 안드네요.",2달 전
 별표 5개 ,잘알려진 사실이나 커피맛이 좋음.,2달 전
 별표 5개 ,커피도 빵도 맛있고 분위기도 좋은데 친절함^^,2달 전
 별표 3개 ,,2달 전
 별표 2개 ,"커피는 제 취향은 아니네요.
빵은 옛날빵.",2달 전
 별표 4개 ,커피 맛있습니다. 그러나 커피탬핑을 할때 맨손으로 커피가루를 쓸어넣은후 탬핑을 하는 직원이 있어 코로나시대 위생은 복불복입니다. 위생장갑을 낀거도 아니고 좀 그래요. Good coffee except they hand pack the coffee ground before tamping. Not very hygienic.,2달 전
 별표 3개 ,,2달 전
 별표 5개 ,,2달 전
 별표 5개 ,"공덕의 명소로 자리잡은 프릳츠. 커피면 커피, 베이커리면 베이커리 둘다 훌륭합니다.
원두를 선택할 수 있어요. 레트로한 감성 가득한 굿즈 매장 입구 코너에 진열되어 있어, 구경하는 맛이 있습니다. 유명 브랜드와 콜라보도 많이 하다라구요.
단점이라면 이제 너무 유명해져서 항상 붐비고 자리잡기 어렵다는 점? 한번 쯤은 방문해 보시길 추천합니다.
커피 외에도 차 종류도 다양하게 준비 되어 있어요. 2층과 마당에 야외좌석도 있는데 아무래도 날씨 영향을 많이 받아서 한파와 폭염시기는 야외석 운영이 제한되어 자리 경쟁이 더 치열해 집니다.",2달 전
 별표 5개 ,"(Google 번역 제공) 브랜딩 개념, 건물 및 커피를 좋아합니다. 그들은 또한 빵과 일부 상품을 판매합니다.

(원문)
love their branding concept, building and coffee. they also sell bread and some merchandise",2달 전
 별표 3개 ,"도심 한옥카페 야외 테라스에서 느껴지는 여유로움과 생동감 단, 자리가 있다면..",3달 전
 별표 3개 ,,3달 전
 별표 5개 ,"(Google 번역 제공) 프리츠 커피는 마포역 근처에 있는 전통 가옥입니다. 카페는 베이커리, 커피 로스팅 및 카페 자체의 조합입니다.

나는이 카페가 서울에서 최고 중 하나라고 생각합니다. 자리를 찾을 수 있는 큰 곳이며 인테리어는 정말 멋진 나무와 소박합니다.

베이커리 재료가 좋습니다. 커피가 너무 맛있어서 다른 커피숍에서 프리츠 커피를 사용하고 있습니다. 레지스터의 여성은 매우 도움이되었고 영어를 유창하게 구사합니다.

대형 호텔과 사무실 건물 뒤편의 위치는 차로 오실 경우 어렵습니다.

(원문)
Fritz coffee is a traditional house near Mapo-station. Cafe is a combination of bakery, coffee roasting and cafe itself.

I think this cafe is one of the best in Seoul. It is big place to find a seat and interior is really nice wooden and rustic.

Bakery stuff is good. Coffee is so good that some other coffee shops are using Fritz coffee. Lady at a register was very helpful and speaks English fluently.

Location behind large hotel and office buildings is challenging if you come by car.",3달 전
 별표 5개 ,,3달 전
 별표 5개 ,커피맛있음 직원분들도 친절하시고 실외에도 테이블이 있어서 좋았음,3달 전
 별표 4개 ,더웠다.,3달 전
 별표 3개 ,,3달 전
 별표 4개 ,"레트로감성 카페.커피(디카페인있어서 너무 좋았어요)도 빵도 맛있고 에어컨빵빵하게틀어주면서 담요까지 준비해주시는 섬세함이 좋네요.
화장실까지 레트로감성이라 약간 좀 더러운 느낌이 드는 건 기분탓일까요?",3달 전
 별표 4개 ,,3달 전
 별표 5개 ,,3달 전
 별표 5개 ,,3달 전
 별표 5개 ,갈 때마다 사람이 많아서 정신 없지만 맛있어요 💛,3달 전
 별표 5개 ,"식사후 방문
커피는 적당히 산미가 느껴졌고
블루베리파이는 아주 맛있었다",3달 전
 별표 5개 ,"마포의 커피, 빵 맛집 분위기 좋아요",3달 전
 별표 5개 ,"(Google 번역 제공) 귀엽고 멋진 카페! 마포의 오아시스!

(원문)
Cute and wonderful cafe! An oasis in Mapo!",3달 전
 별표 5개 ,,3달 전
 별표 5개 ,,3달 전
 별표 3개 ,"빵과 커피  유명한 곳
의외로 빵은  소량",3달 전
 별표 5개 ,"여전히 맛있는 커피..
그런데 사람이 너무 많아서 오래 기다려야해요.",3달 전
 별표 5개 ,커피맛이 좋아요,3달 전
 별표 5개 ,"(Google 번역 제공) 품질의 커피와 패스트리!
메인 플로어 내부에 앉아 잡담을 하고 있으면 좋은 음악을 연주합니다. 친구가 있든 없든 앉아서 즐길 수 있는 음악입니다.

주말마다 들르는 나 자신을 발견 😄

(원문)
Quality coffee and pastries!
If you sit inside their main floor, above the chatter, they play good music - the kind that lets you enjoy sitting in with or without company.

I find myself stopping by every weekend 😄",3달 전
 별표 4개 ,,3달 전
 별표 4개 ,"카페라떼가 부드러웠지만
사람이 많아 정신없어요",3달 전
 별표 4개 ,,3달 전
 별표 3개 ,,4달 전
 별표 4개 ,"커피맛 훌륭합니다 단, 좌석이 부족하고 주문 대기줄이 너무 길어요.",4달 전
 별표 5개 ,이쁨. 논커피 오미자들간거맛있. 스벅보다 한시간늦은 오프,4달 전
 별표 5개 ,"(Google 번역 제공) 위층에 작업/읽기/채팅을 할 수 있는 충분한 공간이 있는 귀여운 작은 커피숍입니다. 지상층과 고층에도 테라스가 있습니다. 우리는 이 지역에 머무르는 동안 두 번 방문했고 기꺼이 다시 갈 것입니다. Nutella 크로와상은 훌륭했고 아이스 커피가 금속 컵에 제공되는 것을 좋아합니다. 카페에는 자체 상품도 있습니다. 배낭에 더 많은 공간이 있다면 절대적으로 살 것입니다!

(원문)
Such a cute little coffee shop with plenty of space to work/read/chat upstairs. There is also a terrace on the ground floor and upper floor. We visited twice while staying in the area and would gladly go back again. The Nutella croissant was amazing, and I love that the iced coffee is served in metal cups - the cafe even has their own merch which I would absolutely buy if I had more space in my rucksack!",4달 전
 별표 5개 ,,4달 전
 별표 5개 ,,4달 전
 별표 4개 ,도심속 레트로 감성 돋는 카페입니다~,4달 전
 별표 5개 ,"프릳츠 원두로 만든 아메리카노 아이스(₩ 4,600)는 정말 맛있어요 :)

공덕에서 독보적으로 고상한 분위기를 풍기는 카페입니다 !",4달 전
 별표 4개 ,,4달 전
 별표 3개 ,,4달 전
 별표 4개 ,,4달 전
 별표 4개 ,"커피 너무 맛있어요
베이커리도 나쁘지않고 공덕갈일 있음 무조건 가게돼요",4달 전
 별표 4개 ,좌석 많고 분위기 좋아요!!,4달 전
 별표 4개 ,"메인스트릿 뒤에 위치
개화기 시절의 컨셉인 듯한 내부 인테리어
다양한 빵종류들과 음료가 있음
한 번은 찾아와서 맛보기 좋아요 ㅋ",4달 전
 별표 5개 ,"(Google 번역 제공) 놀라운 장소, 훌륭한 환대. 매우 따뜻하고 꽤, 물론 맛있는 커피와 맛보기 좋은 다양한 것들!

(원문)
Amazing place, great hospitality. Very warm and quite, and of course delicious coffee and a big variety of nice things to taste!",4달 전
 별표 5개 ,"공덕 카페 ""프릳츠""

분위기 너무 좋고, 커피 맛도 좋고.
빵도 맛있네요 ㅎㅎㅎㅎㅎ
유명한곳은 유명한 이유가 있습니다!! 👍👍👍",4달 전
 별표 4개 ,"공덕에 있는 한옥카페. 공덕 외에도 몇 곳의 분점이 있다. 인테리어와 분위기가 재미있는 곳. 커피외에 티와 그외 다양한 제품, 심지어 옷등도 판매하고 있다. 반가운 친구들을 만나느라 자세히 못 둘러 봤지만 조만간 다시 찾아 꼼꼼히 살펴보고 싶은 곳.",4달 전
 별표 5개 ,,4달 전
 별표 5개 ,"우연히 오픈시간에 방문하게 되었습니다. 오픈런 뛰는 사람들이 있어서 깜짝 놀랐지만, 빵을 사는 사람들로 붐볐으나 커피를 마시는데 문제는 없었습니다. 다만 여건이 된다면 매장 내애서 커피 주문과 빵 계산의 대기줄을 나누면 좋지 않을까 생각했습니다. 날씨 좋을 때마당에서 마시는 커피 좋았습니다.",4달 전
 별표 5개 ,,4달 전
 별표 5개 ,,4달 전
 별표 5개 ,,4달 전
 별표 5개 ,"프릳츠만의 스타일
프렌치 카페인가했더니
코리안 스타일이 물신
레크로한 감성에
맛있는 커피를 한 스푼 더했다.

커피는 다양하고 진하며 캐주얼하게 즐기기에도 손색이 없고 베이커리 또한 다양해 취향에 맛는 스타일과 식감으로 경험할 수 있다.

요즘같은 날씨엔 레트로 플러스 알파인 야외 좌석도 즐기기 좋아보이지만 오래 앉아있기는 매우 불편해 보인다.

이렇게 프릳츠 커피를 소개한다.",4달 전
 별표 5개 ,"프릳츠 카페
빵도 맛나고 커피도 좋쿠 ㅋㅋ
분위기도 좋쿠 참새도 찾아오네~~~^^",5달 전
 별표 5개 ,빵 짱맛 커피 어메이징,5달 전
 별표 4개 ,맛있는 음식들,5달 전
 별표 4개 ,,5달 전
 별표 4개 ,,5달 전
 별표 5개 ,,5달 전
 별표 5개 ,옛날 한옥 느낌도 나는 분위기 좋은 카페였습니다.  커피보다 오히려 빵이 더 메인인 듯.  날씨가 따뜻해서 2층 야외자리에 앉았는데 느낌도 색다르고 좋았습니다.,5달 전
 별표 4개 ,,5달 전
 별표 5개 ,,5달 전
 별표 4개 ,"(Google 번역 제공) 장식과 커피처럼

(원문)
Like decorations and coffee",5달 전
 별표 3개 ,,5달 전
 별표 5개 ,좋은곳이예요,5달 전
 별표 5개 ,,5달 전
 별표 5개 ,,5달 전
 별표 4개 ,빵 맛있습니다.,5달 전
 별표 4개 ,"음료 + 빵 맛있음.
사람 많음.",6달 전
 별표 5개 ,레트로 감성이 물씬 풍기는 카페. 다만 커피 맛은 20세기 최첨단이다.,6달 전
 별표 4개 ,"커피, 빵 다 맛있어요..그리고 분위기도..",6달 전
 별표 4개 ,인테리어가 개화기 시대 느낌,6달 전
 별표 4개 ,겉바속촉 빵들 맛있네요 가격두 괜챦은편이구요 레트로 분위기에요~,6달 전
 별표 5개 ,,6달 전
 별표 4개 ,"비오는날 향이 좋은 커피가 생각나서 방문 하였습니다. 여전히 사람이 너무 많아 앉을 자리조차 없더군요.
지하는 빵을 굽는 공간으로 되어있고, 야외좌석도 몇좌석이 있습니다.
마포 한복판에서 야외에 앉아 커피를 마실 수 있는 곳잊니다.
커피도 빵도 좋습니다.
안국이나 양재보다도 오히려 이곳이 뭔가 프릳츠 답고 정감있습니다.
디카페인 원두를 고를 수 있는 점도 장점입니다.",6달 전
 별표 2개 ,,6달 전
 별표 4개 ,커피  맛 관찮고    분위기  좋음,6달 전
 별표 4개 ,"빵 다양하고 맛있어요.
근데 좀 비싸요",6달 전
 별표 4개 ,,7달 전
 별표 4개 ,,7달 전
 별표 5개 ,빵도 커피도 좋아요,7달 전
 별표 5개 ,"(Google 번역 제공) 서울 최고의 스페셜티 커피 바 중 하나입니다. 장소는 매우 활기차고 활력이 넘칩니다.

(원문)
One of the best specialty coffee bar in Seoul. The place is so lively and energetic.",7달 전
 별표 5개 ,"맛은 맛있어요 크게 기대하지않는다면 부드럽게 맛나게 먹을 수 있어요
아메리카노, 바닐라라떼",7달 전
 별표 5개 ,,7달 전
 별표 5개 ,,7달 전
 별표 4개 ,,7달 전
 별표 5개 ,"커피인들은 모를 수 없는 곳. 프릳츠 블렌드들은 모두 대중적으로 호불호 크게 갈리지 않을 맛이라 원두종류 잘 모르는 분들에게도 추천함 ('잘 되어가시나'는 밸런스 잡힌 맛, '서울 시네마'는 화사하고 부드러운 과일같은 산미와 단맛)",7달 전
 별표 4개 ,에일이 맥주인줄알았는데 시나몬맛이나는 음료였어요 동행자가 자기만 맛난 빵이랑 음료 먹었어요,7달 전
 별표 5개 ,빵너무 맛있어요 달달구리해요,7달 전
 별표 5개 ,"(Google 번역 제공) 커피도 맛있고 크루아상도 맛있어요. 환경도 훌륭합니다!

(원문)
咖啡好喝，可頌麵包很好吃。環境也很棒！",7달 전
 별표 4개 ,"커피는 좋았으나,
구옥이라 그런지 추웠다 ㅠ",7달 전
 별표 5개 ,,8달 전
 별표 3개 ,,8달 전
 별표 3개 ,도때기 시장 같은데 참 잘된다 싶은데 사실 빵도 고만고만 커피도 고만고만합니다.,8달 전
 별표 4개 ,"그옛날  고기집이였다는데...
빵이 시간대별로 나와서 시간맞춰가면 갓구운 빵에 향짙은 커피가~
사람이  많아져 어수선 하다",8달 전
 별표 5개 ,바닐라라떼 너무 맛있어요 빵을 블루베리 우연히 먹었는데 따뜻할때 드시면 장난 아니네요 꿀맛 도화공영주차장에 주차하셔야하고 오늘은 설날연휴로 무료네요 전 그것도 모르고 돈냈어요 ㅋ,8달 전
 별표 5개 ,,8달 전
 별표 5개 ,"(Google 번역 제공) 좋아, 그래서 Fritz는 더 이상 빛나는 리뷰가 필요하지 않지만 나는 그들의 커피 롤빵이 얼마나 놀라운지 선언하기 위해 하나를 추가해야 했습니다. 우리는 여기까지 오기 위해 비를 뚫고 달려갔고 그만한 가치가 있었습니다. 그래서 우리는 여행이 끝나기 전에 다시 방문했고 두 번째로 좋았습니다. 다음에 우리가 서울에있을 때 나를 위해 절대적으로 방문해야합니다. 그리고 상품이 너무 좋기 때문에 다음에는 사랑스러운 스웨트셔츠의 크기가 더 많아지기를 바랍니다.

(원문)
Ok so Fritz doesn't need any more glowing reviews but I just had to add one to declare how amazing their coffee bun is. We ran through rain to get here and it was so worth it. So we came back again before our trip was over and it was just as good the second time. Absolutely a must visit for me the next time we are in Seoul. And hopefully they will have more sizes of their adorable sweatshirts next time, because the merch is so good.",8달 전
 별표 5개 ,"(Google 번역 제공) 흥미로운 주제. 커플과 친구를위한 좋은 분위기. 커피는 특히 좋지 않았습니다. 내가 받은 아메리칸은 내 드립 커피와 같은 맛이었다. 글쎄요. 하지만 그건 제 생각에 공정한 거래입니다. 그들은 또한 맛있는 빵을 가지고 있으므로 플러스입니다. 역에서 가까운 카페를 찾고 계신가요? 여기있어.

(원문)
Interesting theme. Nice mood for couples and friends. Coffee was not particularly great. The American I got tasted the same as my drip coffee. Well but that's just a fair deal I guess. They have some yummy bread too so that's a plus plus. Looking for a Cafe near the station? Here it is.",8달 전
 별표 5개 ,,8달 전
 별표 5개 ,,8달 전
 별표 4개 ,"디카페인있음. 커피들이 산미있음.
커피는 맛있는듯 산미좋아하시는분은 강추.
커피끝에 특유의향이 있음.
(다크하고 산미없는거 좋아하시는분은 비추)
사람많아서 자리잡고 주문시켜야함. 조용하진않음.
빵 바로 만들어서 나오는거라 너무맛있음.
갠적으로 빵때문에 다시갈듯ㅋㅋ",8달 전
 별표 4개 ,,8달 전
 별표 5개 ,전문적인 커피 종류들부터 너무 맛있는 커피들과 빵들로인해 커피 경험치 업그레이드 하구왔습니다.. 더욱 더 번창하세요☆,8달 전
 별표 5개 ,파이가 진짜 맛있어용👍👍,8달 전
 별표 3개 ,근래 들렀던 카페 중 가장 번잡했다,8달 전
 별표 4개 ,,8달 전
 별표 4개 ,,8달 전
 별표 4개 ,,8달 전
 별표 4개 ,커피맛이 깔끔하고 좌석도 잘되어있음 근데 몽환적분위기의 곡이 제스타일은 아니었어요,8달 전
 별표 5개 ,분위기가 완전 취저였어요. 디카페인과 귀리유 선택이 있어서 넘 좋았네용❣ 조금 시끌벅적해서 혼자가기보다 여럿이 가기 좋은 장소 같아요.,8달 전
 별표 4개 ,,8달 전
 별표 5개 ,역시 맛있어요. 사람은 많지만 직원분들 컨트롤이 좋았어요,8달 전
 별표 5개 ,좋아요,8달 전
 별표 5개 ,커피맛 최고,8달 전
 별표 5개 ,아아,9달 전
 별표 4개 ,일반 가정집을 개조해 빵카페로 꾸민 색다른 분위기입니다. 약간 늦은 저녁시간에 갔더니 남아있는 빵이 몇 종류 없었다는ㅜㅜ 그래도 다행히 몇개 맛 볼수 있었는데 기본적으로 버터가 많이 들어간 맛과 향이 저는 좋더라구요. 재방문 의사 많습니다,9달 전
 별표 5개 ,산딸기 크로와상이랑 빵오누텔라가 대박쓰...!!!! 꼭 드삼요,9달 전
 별표 4개 ,,9달 전
 별표 4개 ,커피 맛 좋은 집이에요~,9달 전
 별표 4개 ,"개인적으로 페이스트리가 버터가 좔좔한것보단 조금 텁텁한 옛날식 페이스트리의 맛

다른 리뷰어들 말처럼 사람이 많아서 자리 잡긴 힘듬.(화요일 3시반 방문)

1층에 앉으면 카운터에서 마이크로 번호를 부르기 때문에 약간 정신이 없고 시끄러울 수 있음

커피는 맛있었고, 화장실도 깨끗합니다",9달 전
 별표 5개 ,빵종류도 많구 커피도 맛있구 인테리어도 좋네요,9달 전
 별표 5개 ,입구에 들어갈 때 맛있은 빵냄새가 코를 자극함. 빵이 맛있음. 커피도 맛있음.,9달 전
 별표 5개 ,무화과 깜빠뉴 먹으거 갑니다,9달 전
 별표 5개 ,"따뜻한 커피와 맛있는 빵, 잔잔한 음악 모든게 좋았습니다",9달 전
 별표 4개 ,바닐라 라떼는 생각보다 무난한? 밍밍한? 맛이었고 빵은 맛있었습니다.,9달 전
 별표 5개 ,빈티지 스타일 빵도 괜찮음 한가한 시간보내기에 괜찮음,9달 전
 별표 5개 ,언제나 나의 원픽!!,9달 전
 별표 5개 ,가까와  자주갑니다,9달 전
 별표 4개 ,,9달 전
 별표 4개 ,커피도 맛있고 분위기도 좋은데 가격이 넘비싸요,9달 전
 별표 5개 ,가볼만한 곳으로 강력히 ㅈ두천합니다.,9달 전
 별표 5개 ,,9달 전
 별표 4개 ,,9달 전
 별표 5개 ,"(Google 번역 제공) 조금 비싼 가격이지만 리모델링한 한옥 카페에서 빵, 커피 등을 즐길 수 있습니다. 빵이 손가락에 잘 맞는지 잘 모르겠습니다. 그러나 많은 사람들이 방문하는 매우 인기있는 곳입니다.

(원문)
a little high price but you can enjoy bread, coffee and others at this traditional Korean house Cafe, which was remodeled. I'm not sure the bread is finger linking good. But it's a very popular place many visit.",9달 전
 별표 2개 ,비싸요. 커피는 굳,10달 전
 별표 4개 ,빵은 항상 맛있다,10달 전
 별표 3개 ,"계산동선 개선이랑 빵을 데워서 주시면 좋을것같아요.
나머진 만족스러웠어요!",10달 전
 별표 3개 ,"자리가 없음.
공덕역 주변에서 찾기힘든 개인카페. 체인점이기도 함. 분위기좋고 빵도 맛있는 편, 굿즈는 가격거품심함",10달 전
 별표 4개 ,,10달 전
 별표 5개 ,"독특한 분위기, 다양한 커피와 빵, 친절한 직원.",10달 전
 별표 4개 ,"워낙 인기있는 장소이다보니 테이블에 앉기 어렵다.
은은한 버터향의 베이커리와 산미 있는 커피의 궁합이 좋다.
계산중 나의 실수로 떨어뜨린 빵을 새걸로 바꾸어 주는 등
친절한 응대로 마음을 따뜻하게한다.",10달 전
 별표 5개 ,,10달 전
 별표 5개 ,특유의쌉사름한커피맛이좋음 맛이 빈브라더스랑비슷?함,10달 전
 별표 5개 ,,10달 전
 별표 4개 ,,10달 전
 별표 5개 ,"(Google 번역 제공) 이 시점에서 우리는 약 5 년의 단골입니다. 패스트리는 맛있고 현장에서 구워지며 에스프레소 기반 커피는 부드럽고 풀 바디하며 맛있습니다. 워낙 핫한 곳이라 자리가 좀 애매하긴 한데 점심시간보다 덜 붐비는 시간대에 오면 자리 찾기가 어렵지 않아요.

(원문)
We are regulars of about 5 years at this point. The pastries are delicious and baked on site and the espresso based coffee is smooth, full bodied, and delicious. Seating is a bit of a gamble because it’s such a hot spot but if you come at a time that’s less popular and avoid peak post-lunch hours, seating isn’t too hard to find.",10달 전
 별표 5개 ,커피좋아요,10달 전
 별표 3개 ,,10달 전
 별표 5개 ,"(Google 번역 제공) 서울 최고의 커피숍 중 하나 - 그리고 그것은 무언가를 말하고 있습니다! 이 작은 장소의 색다른 분위기는 훌륭합니다. 서비스는 빠르고 친절합니다. 크로와상은 벗겨지기 쉽고 이길 수 없습니다. 공덕역에서 마포대로를 따라 조금만 걸어가다가 왼편 골목으로 내려가면 있으니 놓치지 마세요. 추천!

(원문)
One of the best coffee shops in Seoul- And that's saying something! The offbeat vibe in this little place is wonderful. The service is fast and friendly. The croissants are flaky and can't be beat. It's a short walk down Mapo-daero from Gongdeok Station and down a sidestreet to the left, so don't miss it. Highly recommended!",10달 전
 별표 4개 ,커피도 맛있고 분위기 좋아요.,10달 전
 별표 4개 ,,10달 전
 별표 4개 ,,10달 전
 별표 4개 ,,10달 전
 별표 5개 ,,10달 전
 별표 5개 ,분위기좋아요,11달 전
