rating,review,duration
 별표 5개 ,,4일 전
 별표 5개 ,"카페는 안가고 바깥에서 노을만 구경했어요 ㅎㅎㅎ
날파리가 엄청 많기 하지만 ㅎㅎㅎ
요즘 같이 노을 예쁜 날 구경하고 사진 찍기에 딱이에요~",5일 전
 별표 5개 ,"(Google 번역 제공) 좋은 휴식처를 찾았습니다! 동작 노을카페(동작 레드스카이 카페). 교통량이 많은 서울. 중간에 쉬는 시간을 갖기 위해! 커피를 마시며 여유로운 시간을 보냈다. 조용한 테라스에서 커피 한 잔의 여유. 날씨가 좋으면 이곳에서 바라보는 풍경이 너무 좋은 것 같아요. 무료 WiFi, 유료 주차(신용카드), 커피 한 잔에 7,500원(US$ 5.22). 하지만, 그것은 맛이 좋지 않습니다. 스타벅스가 필요해!! 😁 어쨌든 오픈 테라스에서 도시의 멋진 전망을 제공합니다. 밤에... 다시 여기에 올게... 그냥 쉬세요. 확인!! 🫡 서울에 오신다면, 야경 감상을 좋아하신다면 꼭 가보세요. 한강시민공원은 카페에서 가깝다 😄

#전망대 #전망 #동작카페 #동작대교전망카페 #커피 #차 #카페 #운전 #휴식 #추천 #여행 #여행 #여행 #seoul #southkorea

(원문)
I found a good resting places! 동작 노을카페 (Dongjak Red Sky Cafe). Seoul, where there's a lot of traffic. To have some break time in between! enjoyed time to relax while drinking coffee. The relaxation of a cup of coffee on a quiet terrace. If the weather is nice, I think the view is so nice here. Free WiFi, Pay parking(by credit card) and KRW 7,500 (US$ 5.22) for a cup of coffee. but, that doesn't taste good. I need Starbucks!! 😁 Anyway, It also offers nice views of the city from open terrace. At night... I will be here again… Just relax. OK!! 🫡 If you come to Seoul, If you enjoy watching view, this is the place to go. Hangang Citizen’s Park is close to cafe 😄

#observatory #view #DongjakRedSkyCafe #동작노을카페 #동작대교전망카페 #coffee #tea #cafe #driving #relaxation #recommend #trip #travel #traveling #seoul #southkorea",6일 전
 별표 5개 ,,1주 전
 별표 1개 ,풍경은 여전히 멋지다. 다만 이마트가 운영을 안하고 개인 카페로 바뀐뒤로 올라갈때부터 강압적인 응대와 매장내 관리도 전혀 안되고 있다ㅠㅠ 이마트 다시 돌아와줘…,2주 전
 별표 4개 ,,3주 전
 별표 4개 ,,3주 전
 별표 4개 ,"(Google 번역 제공) 다리 위의 정말 멋진 카페!

(원문)
Really nice cafe on the bridge!",1달 전
 별표 5개 ,야경뷰가 베뤼 굿이에요! 평일 늦은 밤은  한적하고 좋네요😊,2달 전
 별표 2개 ,,3달 전
 별표 5개 ,"(Google 번역 제공) 해질녘에 공부하거나 음료를 마시기 좋은 곳

(원문)
Beautiful place to study or have a drink at sundown",3달 전
 별표 2개 ,"뷰맛집. 음료가 비쌈은 이해한다
커피만 먹지않길 추천한다. 다른 음료가 그나마 낫다. 뷰는 정말 상상보다 좋다.
혼자와도 좋다.",3달 전
 별표 5개 ,"야경 많이 이쁨 9시이후로 주차장 무료 카페는 12시까지 운영
카페 가격은 비싸지는 않은데 저렴하지도 않음, 관광지 가격 6천원시작",4달 전
 별표 2개 ,뷰만 좋다. 음료 가격 기본 6000원에 맛이 너무 없다. 주문 느리고 주문하는 곳이 매우 좁다 화장실 없어서 엘리베이터타고 다시 내려가서 공원 화장실 써야한다 내부 공간 더럽다 테이블 안 치운다 좁은데 사람 많다,4달 전
 별표 5개 ,밤에 책보러 가서 맛있는 차마시고 왔어요,5달 전
 별표 5개 ,"View가 넘 좋아, 나만 알고 싶은곳,, 이젠 모두의 것이 되어버렸다(근데 이글은 1년전이고 지금은) 21.9월초 공사시작해 21.11월초 재오픈 하니 참고",11달 전
 별표 3개 ,"(Google 번역 제공) 지금은 문을 닫았어

(원문)
It's closed now",11달 전
 별표 3개 ,뷰는 좋은데 맛이 아쉬워요,1년 전
 별표 5개 ,"21/08/29 부로 영업종료라는군요 ㅠㅠ 구름 노을 카페 둘다요 ㅠㅠ
라이딩 하면서 자주 들리는 스팟이였는데 ㅠㅠ",1년 전
 별표 4개 ,,1년 전
 별표 5개 ,분위기 짱,1년 전
 별표 4개 ,"곧 문을 닫는단다
계약 종료와 리모델링으로

너무 늦게 왔나봐",1년 전
 별표 4개 ,,1년 전
 별표 3개 ,,1년 전
 별표 4개 ,주차도 편하고 장소도 좋았습니다.,1년 전
 별표 5개 ,전망이 좋고 아담한 다리위 3층높이에 위치하고 있으며 다리위 3층은 탁트인 옥상전망이 자리잡고 있습니다,1년 전
 별표 5개 ,"자주빛 노랑빛 물감으로 물든 석양을 두눈에 담으며, 분주한 일상의 하루를 평화롭고 온화하게 보냅니다.",1년 전
 별표 4개 ,자주..들르는 핫스팟....,1년 전
 별표 4개 ,,1년 전
 별표 4개 ,일몰보기 참 좋음. 한강을 끼고 동작대교를 보는 것도 시원함. 편의성보단 운치를 느끼러 가는 곳. 주차비는 어쩔 수 없이..,1년 전
 별표 5개 ,쾌적한환경 음식도먹고 책도읽고 탁트인 한강뷰를 볼수있는 예쁜곳,1년 전
 별표 5개 ,,1년 전
 별표 3개 ,,1년 전
 별표 5개 ,,1년 전
 별표 4개 ,,1년 전
 별표 5개 ,가성비 좋은 카페 입니다,1년 전
 별표 5개 ,,1년 전
 별표 5개 ,한강 일출.일몰 뷰 명소입니다,1년 전
 별표 5개 ,,1년 전
 별표 5개 ,,1년 전
 별표 4개 ,야경이 예쁜곳~!,1년 전
 별표 5개 ,야경조와,1년 전
 별표 5개 ,,1년 전
 별표 5개 ,"* 주차가능 (1시간 1800원) 루프탑, 커피 맥주 간단한 스낵 판매
동작대교 남단에 있는 카페로 예전에 구름카펜가 노을카펜가 이마트 편의점으로 바뀌면서 재단장을 했다.

동쪽 서쩍이 두군데 있는데 서쪽이 노을을 볼수 있어서 더 좋다. 용산쪽에서 동작대교 건너다가 오른쪽으로 빠지면 주차장이 나오고 버스로도 405인가.. 용산쪽에서 타면 앞에 들렀다 간다.

일단 예전에 어설프게 비쌌던 이탈리안 레스토랑보다 주방공간을 다 없애고 편의점처럼 가공식품만 판매하도록 바꾼게 신의한수였다. 내부 좌석도 많아지고 넓어졌기 때문.

맘에드는건 데블스도어 생맥이나 각종 수입맥주를 파는데 스컬핀 인디카 등 미국 맥주도 많아서 좋다.
그리고 와인도 마트가격으로 파는데 일회용 플라스틱 잔을 같이 사면 저렴하게 분위기 좋은데서 와인을 즐길수 있다. 날좋을때 루프탑에서 와인한잔 하면서 해지는거 보면 나름 저렴하게 마치 에펠탑 앞에 잔디밭에서 돗자리 깔고 즐기는 와인과 같은(?) 분위기를 낼수 있다.",1년 전
 별표 5개 ,한번씩 가보삼 간단 커피 맥주 분위기 좋음,1년 전
 별표 5개 ,서울에서 노을 최적 장소,1년 전
 별표 5개 ,,1년 전
 별표 5개 ,,1년 전
 별표 5개 ,,1년 전
 별표 5개 ,"앉을 수 있는 공간 층이 2개로 되어 있어요. 4단계 전에 방문하긴 했는데 위층에 띄워 앉을 자리가 있었어요. 자리가 녹록치 않으면 아래로 내려와 강가나 벤치에 앉아도 좋을 듯요. 경관도 좋았고 간단한 빵, 쿠키도 있었어요. 치킨이나 간단한 안주, 맥주도 있었고 비치된 책도 읽을 수 있어요~",1년 전
 별표 4개 ,한강뷰가 너무좋고 커피도 나름 괜찮음,1년 전
 별표 5개 ,,1년 전
 별표 5개 ,,1년 전
 별표 5개 ,여기도 좋아요 하늘카페랑 같아요,1년 전
 별표 5개 ,,1년 전
 별표 4개 ,풍경과 뷰가 조아요,1년 전
 별표 5개 ,,1년 전
 별표 5개 ,노을 맛집,1년 전
 별표 5개 ,"다른 편의점에 비해서 파는 상품이 상대적으로 적은 편이다.
나이트뷰는 환상적이다",1년 전
 별표 2개 ,,1년 전
 별표 5개 ,경치가 좋네요,1년 전
 별표 5개 ,Sunset 명소,1년 전
 별표 4개 ,,1년 전
 별표 4개 ,"오후에는 피하세요 태양이 뜨거워요 해가 거의 질 때즘 가세요
오후에는 상류쪽이 나을 듯 합니다",1년 전
 별표 4개 ,경치 좋고 다 좋은데 커피 맛이 없네요,1년 전
 별표 5개 ,좋음,1년 전
 별표 1개 ,에어컨 자주 고장나서 낭패볼수가 있으니 왠만하면 다른데가세요~~리스크가 커요.,1년 전
 별표 4개 ,"느긋하게 쉬다가기 좋았습니다!
화장실은 밖에있어요 ㅜ",1년 전
 별표 4개 ,,1년 전
 별표 4개 ,,1년 전
 별표 5개 ,이것이 바로 한강뷰다~~!!,1년 전
 별표 5개 ,"야경,분위기 모두 좋아 데이트 코스로 제격 입니다.오후 10시까지 영업인것이 아쉽습니다.",1년 전
 별표 5개 ,해질녘 가장 아름다운곳,1년 전
 별표 4개 ,,1년 전
 별표 4개 ,노을이 질 때 경치가 정말 좋아요.,1년 전
 별표 5개 ,"한강 동작대교남단에 둔치와 다리위에서 진입이 가능하며
좌우에 구름카페(동편- 이촌방향 진행쪽)와 노을까페(서편- 이수방향 진행쪽)에 위치합니다
동측은 이용해보지 않았으나 카페 위즈로 운영되고 있는듯 하고 노을카페는 이마트24와 겸한 빠, 카페, 편의점을 겸하고 있습니다

또한
한강 둔치에서 엘리베이터를 이용해 다리위 상판(일명 2층)까지 운영되며 3~5층까지 이용되고 있고 최상층은 옥상처럼이용되는 오픈상태에서 운영되고 있습니다
노을 카페는 와인 구매시 와인잔 댜여도 된다고 합니다
한강과 주변의 자연을 만끽 할 수 있는 멋진곳 입니다

적극 추천합니다",1년 전
 별표 3개 ,,1년 전
 별표 4개 ,뷰도 좋고 시설도 괜찮습니다. 직원분들도 친절하세요. 문제는 화장실이 많이 멉니다.,1년 전
 별표 4개 ,서쪽과 동쪽에 각각 한개씩 있음. 옥상에 외부좌석도 마련됨.,1년 전
 별표 5개 ,좋아요~,1년 전
 별표 5개 ,,1년 전
 별표 4개 ,,1년 전
 별표 3개 ,"주차는 동작대교 위 공영주차장(260원/5분,2021-05-09)
가족(어른2,8세,6세) 간단히 점심먹으려 했는데... 샌드위치,크로아상,냉동식품2,음료3,아이스크림까지 하니 4만원이 훌쩍 넘어감. 생수는 에비앙(2k원)만 있음. 아이스크림은 하겐다즈(5k원~) 화장실은 다리아래에 외부에 (엘레베이터 or 계단 이용, 다리여서 높이가 꽤 됨, 3-4층 높이?) 한강 따라 산책하다 잠시 들러 쉬긴 좋을 듯 하나 차를 가지고 가면 주차비가 조금 압박.",1년 전
 별표 5개 ,"(Google 번역 제공) 사랑스러운 장소. 멋진 광경.

(원문)
Lovely place. Great view.",1년 전
 별표 5개 ,경치가 아주좋았음 루프탑 시원하니 좋았음,1년 전
 별표 5개 ,,1년 전
 별표 5개 ,,1년 전
 별표 5개 ,"(Google 번역 제공) 멋진 경치를 즐기면서 휴식을 취하기에 좋은 곳 🤩

(원문)
Great place to relax while enjoying a great view 🤩",1년 전
 별표 5개 ,좋았어요 한강뷰 현충원뷰 완전good,1년 전
 별표 5개 ,아름다운 뷰와 함께~ 독서를 할수 있는곳,1년 전
 별표 5개 ,,1년 전
 별표 5개 ,,1년 전
 별표 5개 ,"이마트에서 음식, 주류 등을 사서 테이블에 앉아 먹기도 하고 한강전경도 감상할 수 있는 곳.. 엘리베이트로 올라 갈 수 있어 편리합니다",1년 전
 별표 5개 ,아주좋아요~,1년 전
 별표 4개 ,"동작역에서 반포 한강공원으로 가는 길에 위치한 [동작 노을카페] 다녀왔습니다 :)
꽤 높은 전망대에 위치한 이곳은, 이마트24 편의점과 카페를 함께 운영하고 있습니다.
엘리베이터를 타고 쭈욱 올라가면 멋진 전망이 펼쳐진 카페가 맞이하고 있답니다.
음료 주문하는 곳과 편의점이 있는 곳에 내부 좌석이 오밀조밀 있구요, 계단을 올라 꼭대기 층으로 가면 외부 좌석이 있습니다.
날씨 좋은 날에는 무조건⭐ 외부 좌석에 앉는 것을 추천합니다. 탁-트인 한강뷰가 끝내주거든요!
다양한 음료 종류와 디저트도 판매하고 있어요.

다만 화장실이 내부에 없어서 엘리베이터를 타고 1층에 내려와서 공원 공중화장실을 이용해야 된다는 점이 다소 불편했습니다.",1년 전
 별표 4개 ,강변 산책 하다가 다리도 쉴겸 들린곳,1년 전
 별표 5개 ,,1년 전
 별표 4개 ,"한번씩 꼭 갈 만한곳
커피맛도 좋고
뷰는 물론",1년 전
 별표 5개 ,경치맛집,1년 전
 별표 4개 ,"편의점이라 예상한 가격.
카페의 음료는 보통.
경치가 트여있음. 좋음.",1년 전
 별표 5개 ,,1년 전
 별표 4개 ,좋아요,1년 전
 별표 4개 ,꼭대기 층에서 간단한 음료 하나사서 먹기 좋습니다. 다만 사람이 많으면 좀 그러니 없을때 가면 좋을듯,1년 전
 별표 5개 ,,1년 전
 별표 1개 ,높은거 빼고는 메리트가 없음,1년 전
 별표 5개 ,"(Google 번역 제공) 멋진 광경; 주차 공간이 있지만 유료 주차장이 있습니다.

(원문)
Great view; has parking space but paid parking.",1년 전
 별표 5개 ,"(Google 번역 제공) 일몰 🌅🌇

(원문)
Sunset 🌅🌇",1년 전
 별표 4개 ,"코로나땜에    구석에   탁자위에 의자를    쌓아  놓아   분위기가   별로 ,   바닥도  창가사이  홈파진  부분은    포크 , 빨대등   떨어져  있고 ,  까만 먼지도   뭉쳐  다니고  ,  좋은 잠소에   좋은뷰인데   약간  지저분",1년 전
 별표 5개 ,지나가며 궁금했던 곳 도심의 한강풍경 감상할 수 있는 아담한 카페,1년 전
 별표 1개 ,,1년 전
 별표 4개 ,"이마트에서 운영하고 있어 커피나 식음료나 맥주, 안주, 빵 등을 구입하여 먹으면서 야경을 감상할 수 있는 곳으로 맨 위는 루프탑이라 따뜻할 때는 아주 분위기 좋음",1년 전
 별표 5개 ,,1년 전
 별표 4개 ,"(Google 번역 제공) 좋은!!! 5월에 딸아이와 함께 노을카페에 가려고 합니다.

(원문)
Good!!! I am going to visit Noeul Cafe with my daughter on May.",1년 전
 별표 5개 ,최고닷,1년 전
 별표 5개 ,,1년 전
 별표 5개 ,뷰가 정말 장난 아님~~,1년 전
 별표 5개 ,아름다운 한강의 봄을 마음으로 느낄수 있는 최적의 장소입니다 커피 한잔으로 남산을 바라보며 한강의 봄소식을 체감할수 있는 최고의 장소 입니다 63빌딩 전망대 보다 우수한 장소입니다 E Mart 감사합니다,1년 전
 별표 4개 ,"한강을 바라보는 저렴한 카페
커피맛도 좋은곳
옥상 뷰맛집",1년 전
 별표 5개 ,"최고! 책, 와인, 한강뷰ᆢ힐링 굿",1년 전
 별표 5개 ,,1년 전
 별표 4개 ,,1년 전
 별표 5개 ,,1년 전
 별표 4개 ,경관이 좋아요,1년 전
 별표 5개 ,,1년 전
 별표 4개 ,,1년 전
 별표 5개 ,,1년 전
 별표 5개 ,"뷰가 아주 끝내주네요~
근디 ... 화장실이 멀다는...",1년 전
 별표 4개 ,강주변 전망이 멋지네요.,1년 전
 별표 1개 ,,1년 전
 별표 4개 ,매우좋아요!!  차를 안 가져 가신다면 ㅎㅎ 치킨에 와인 강추,1년 전
 별표 4개 ,"화장실이 밖에있어서.....매우..불편ㅠ멀고.. 엘베타고가야하고...
강뷰는 좋습니댜
근디테이블보다 나란히 앉는자리가 많더라구요",1년 전
 별표 4개 ,"사방이 탁 트인 뷔
야경이 짱",1년 전
 별표 1개 ,사람이 드글드글 메두,1년 전
 별표 5개 ,,1년 전
 별표 5개 ,커피한잔 하면서 한강. 현충원 경치를 관람할 수 있어요,1년 전
 별표 5개 ,"갈때마다 좋아요.
사람이 많은것도 아니고...",1년 전
 별표 5개 ,커피도 맛있고 분위기도 짱입니다,1년 전
 별표 4개 ,조용하고 산책 후 커피 한잔하기에 딱 좋아요.,1년 전
 별표 5개 ,야경 조아조아,1년 전
 별표 5개 ,전망좋고 편해요^^,1년 전
 별표 5개 ,,1년 전
 별표 5개 ,,1년 전
 별표 5개 ,"야경이 멋져요.
서울 오래살면서 처음이에요 ㅎㅎ",1년 전
 별표 5개 ,,1년 전
 별표 5개 ,"1. 고가 도로에서 들어가면 3층
2. 반층 올라가면 편의점+카페
약 3-4개의 테이블이 있음
3. 반층올라가면 테이블이 한 5-6개 있음
4. 반층올라가면 북카페-!
5. 전체적으로 조용하고 한강을 바라볼수잇어서 좋음
6. 주차는 12-21시..! 별도 요금을 내야함
한 1시간 주차하고 3처넌 정도 나온듯",1년 전
 별표 5개 ,경치 짱..사진 짱,1년 전
 별표 4개 ,"주차장 야경은 구름보다 노을.
But 주차비..",1년 전
 별표 5개 ,,1년 전
 별표 5개 ,,1년 전
 별표 5개 ,,1년 전
 별표 5개 ,,1년 전
 별표 4개 ,좋음,1년 전
 별표 5개 ,,1년 전
 별표 5개 ,집에가는길에 처음으로 들렀는데 쉬었다가기 너무 좋네요👍👍,1년 전
 별표 5개 ,,1년 전
 별표 4개 ,,1년 전
 별표 5개 ,,1년 전
 별표 5개 ,,1년 전
 별표 3개 ,노을만 볼만,1년 전
 별표 4개 ,힐링스팟,1년 전
 별표 5개 ,,2년 전
 별표 5개 ,야경이넘좋아요,2년 전
 별표 4개 ,"(Google 번역 제공) 일몰과 도시 스카이 라인의 멋진 전망 ... 특히 주말에 느긋한 시간을 보내고 싶은 커플로 붐비는 경향이 있습니다 ... 한국인이거나 한국어에 능통하다면 그렇습니다. 물론 여기에있는 책들은 모두 한국어로되어 있지만 자유롭게 읽을 수 있기 때문입니다. 위반되는 책을 보는 것은 실망 스럽습니다. 내 말은 이미 무료라는 뜻입니다. 왜 표시를하거나 찢어 야하나요 ... 편의점도 있습니다. 한국의 모든 곳과 같습니다. 말 그대로 편의점은 여기 버섯과 같고 이상한 이유로도 일부 호텔에이 가게가 있어요 .. 어쨌든 카페로 돌아 가면 멋지지 않습니다. 캐쥬얼 한 공간이고 인테리어는 목적에 가장 잘 맞는 의자와 테이블 등으로 괜찮은 편이지만,이 시설의 장점은 강북과 강남 양쪽 모두 한강 강변을 바라 볼 수 있다는 점이다. 다리에 주차 공간이 있기 때문에 당연히 자신의 자동차로 쉽게 도달 할 수 있기 때문에 도시를 확인하십시오. 그러나 내가 말했듯이, 그것은 혼잡 한 경향이있어서 슬롯이 매우 빨리 채워질 수 있고 시작할 슬롯이 많지 않습니다. 대중 교통을 이용하면 지하철 4 호선을 타고 동작역에서 하차하면된다. 역에서 강변으로 내려 가면 카페의 양면이 보입니다 .. 엘리베이터를 타거나 칼로리를 태우고 싶으면 계단도 올라갈 수 있습니다 .. 행복한 감상 😎

(원문)
Nice view of the sunset and city skyline... tends to be crowded especially by couples wanting to spend some laid back time on the weekends... not to discouraged those lonesomes who just want to chill, sit back, and read some books, if you are korean or fluent in Korean, that is. Only because the books in here are, of course, all in Korean but they are free to read. Just disappointing to see some books though being violated. I mean it is already free, why the need to mark or rip it apart... There's also a convenience store, which is like EVERYWHERE IN KOREA, I mean literally, convenience stores are like mushrooms over here and for some odd reason they even have these stores in some hotels..  Anyway, going back to the Cafe, it is nothing fancy. It is a casual place and the interiors are decent enough with chairs and tables that serve best for it's purpose but what is nice about this facility is really the view of the Hanggang river side  both the Gangbuk and Gangnam sides.. so if you are in the city, go check it out cause one can easily reach it, of course, with one's own car because there is also a parking area on the bridge. However, like I said, it tends to be crowded so slots might be filled in very fast and there's not much slots to begin with. If you take the public transportation, one can take the subway Line 4 and get off Dongjak station. From the station head down to the riverside and you'll see two sides of the Cafes.. Take the elevator or if one would like to burn some calories then you can also take the stairways.. happy viewing 😎",2년 전
 별표 4개 ,"맥주 또는 와인 한잔 간간히 하기 좋은 곳.
단 방문자가 적을때.",2년 전
 별표 4개 ,"(Google 번역 제공) 좋은

(원문)
Good",2년 전
 별표 3개 ,"(Google 번역 제공) 한 번 가보고 싶습니다. 200930

(원문)
一度行って見たいと思ってます。200930",2년 전
 별표 5개 ,,2년 전
 별표 4개 ,경치가 죽여줌. 특히 석양은 끝내줌. 가을이라 바람도 시원  저녁에는 추움,2년 전
 별표 5개 ,,2년 전
 별표 3개 ,뷰가 좋은 카페 하지만 메뉴는 별로....,2년 전
 별표 5개 ,"한강이  바로 보이고  옥상에서  뷰가  정말  좋아요
아랫층  에는  책을  읽을수 있는  곳도  있어요
강추",2년 전
 별표 5개 ,서울시내에서 이렇게멋진 야경을볼수있는것에 감사하고 행복했어요,2년 전
 별표 5개 ,전망좋다,2년 전
 별표 5개 ,,2년 전
 별표 5개 ,넘나 좋음,2년 전
 별표 5개 ,한강경치좋고 책보기도 좋움,2년 전
 별표 4개 ,뷰가 끝내줍니다 페이브빵과 커피의 조합이 좋습니다,2년 전
 별표 5개 ,주차가 유료이지만 한강 조용히 보며 일하기 좋아요,2년 전
 별표 5개 ,동작대교 위 노을카페에서 바라보는 여의도방향... 왜 노을 카페인지 알겠다..저녁 노을이 멋질 것 같은 곳,2년 전
 별표 5개 ,,2년 전
 별표 4개 ,,2년 전
 별표 5개 ,,2년 전
 별표 4개 ,뷰가 좋아서 가격이 높네요.,2년 전
 별표 5개 ,,2년 전
 별표 4개 ,,2년 전
 별표 4개 ,"(Google 번역 제공) 달리기 후 휴식을 취하기에 좋은 곳! 그들은 스무디 킹을 가지고 있습니다. 그리고 일몰을위한 좋은 장소 :)

(원문)
Great place for a break from or after running! They have Smoothie king which is great. And good place for the sunset :)",2년 전
 별표 4개 ,,2년 전
 별표 5개 ,"꼭 추천 드립니다.
주차도 가능합니다",2년 전
 별표 5개 ,자전거 타고 노을까페 왔어요 탁 트인 뷰 ^^너무 좋아요 편의점인데 블랑이 너무 비싸당 한병만 ㅋ 저 크림빵 너무 맛있어요,2년 전
 별표 5개 ,,2년 전
 별표 4개 ,경치는 좋은데 시설은 좁고 불편하네,2년 전
 별표 5개 ,커피가격도 착하고 한강 바라보며 마시는 커피 한 잔의 여유!!굿입니다,2년 전
 별표 5개 ,,2년 전
 별표 4개 ,,2년 전
 별표 4개 ,,2년 전
 별표 5개 ,,2년 전
 별표 4개 ,,2년 전
 별표 5개 ,,2년 전
 별표 5개 ,너무조아요,2년 전
 별표 4개 ,"추천합니다 다양한 먹거리와 와인도있고
근데 유리가 불투명해서 야경은 잘안보이네요",2년 전
