rating,review,duration
 별표 4개 ,,5일 전
 별표 5개 ,여러차향인지 특이하지만 결코 나쁘지 않는향이 참 좋았다. 5층 옥상도 시원하니 좋았다.,5일 전
 별표 4개 ,메도빅도 차도 맛있고 공간이 넓어서 편함,1달 전
 별표 5개 ,,1달 전
 별표 5개 ,,1달 전
 별표 5개 ,굿 앤티크한 인테리어 다양한 차와 커피. 상대적으로 한적하고 쾌적,2달 전
 별표 5개 ,👍 가보시면 압니다.,2달 전
 별표 4개 ,,4달 전
 별표 2개 ,커피 맛 별로~~^^!,4달 전
 별표 5개 ,,5달 전
 별표 5개 ,2층에서 생선회 공간. 분위기도 좋고 싱싱하고 위생적이고 모든 것 만족했습나다.,5달 전
 별표 5개 ,,5달 전
 별표 4개 ,굿. 반쥴 굿.,5달 전
 별표 4개 ,,5달 전
 별표 5개 ,"20대 때부터 오랜시간 친구들, 지인들과 갔던 곳. 오랫만에 방문했는데 그대로 그자리에 있어서 좋았어요. 앤티크! 고풍스런 분위기! 한켠 화려한 소품들. 벽면엔 각종 커피 그라인더 진열까지...
예전엔 1층부터 윗층까지 카페 매장이 있었는데..
다시 그 명성을 찾길 바래요.
커피, 티, 케잌 다 맛있게 잘 먹었습니다.",6달 전
 별표 5개 ,인테리어 비엔나커피 시나몬라떼 모두 최고였어요,6달 전
 별표 4개 ,,7달 전
 별표 4개 ,"종각역에 위치한 전통의 오래된 카페, 현재는 엔틱한 인테리어로 재단장하여 젊은이들도 많이 방문하는 명소이다.",8달 전
 별표 5개 ,점심시간에는 할인 합니다,8달 전
 별표 5개 ,,9달 전
 별표 5개 ,,10달 전
 별표 5개 ,,10달 전
 별표 5개 ,,10달 전
 별표 5개 ,문화공간.하프카페,10달 전
 별표 4개 ,"가격은 딸기레몬아이스티 기준 8000원으로 비싸지만 서울에 드문 사람 없고 넓은데 분위기 좋은 카페라서 좋았다
비엔나 커피나 차 좋아하는 사람은 정말 추천",1년 전
 별표 4개 ,세대를 넘나드는 곳,1년 전
 별표 5개 ,,1년 전
 별표 4개 ,종로에 오래된 까페에요 추억이 새록새록,1년 전
 별표 5개 ,"넓은 공간 넓은 테이블간격
깔끔한 화장실
맛있는 음료 모두 좋았습니다!",1년 전
 별표 5개 ,,1년 전
 별표 5개 ,냠굿 넓고좋아요 코드도 많음,1년 전
 별표 3개 ,,1년 전
 별표 4개 ,응팔생각나서 들른곳. 비엔나커피 크림이 단단하고 맛있다,1년 전
 별표 4개 ,"밀크티를 마셨는데 맛은 괜찮지만 9천원의 가격으로 마시기엔 너무 비싼 것 같아 재방문 한다면 다른 비엔나 커피나 차를 마실 것 같아요. 단순히 볼일을 보거나 담소를 나누러 방문하기 보다는 장소자체에 주목할만한 것들이 많다보니 구경하기 위해 올 것 같아요. 커피 그라인더들도 놀랍고, 안쪽에 쌓여있는 앤틱 가구들도 흥미로웠습니다. 1층 카페 입구에 역사 설명이 있어서 역사적 문화 공간을 체험하는 재미를 느꼈어요.",1년 전
 별표 5개 ,,1년 전
 별표 5개 ,,1년 전
 별표 5개 ,느낌 좋은 카페,1년 전
 별표 5개 ,조용하고 고풍스럽고 좋네요,1년 전
 별표 5개 ,,1년 전
 별표 5개 ,케케,1년 전
 별표 5개 ,분위기좋고 커피도 맛있어요,1년 전
 별표 5개 ,아 반쥴 같은 경우 굉장히 느낌이 있다. 분위기 좋고^0^~ 음료도 맛있고 그리고 랩도 잘하고 머리부터 발끝까지 완벽훼,1년 전
 별표 5개 ,,1년 전
 별표 5개 ,오랜추억이 느껴지는 공간입니다,1년 전
 별표 4개 ,,1년 전
 별표 4개 ,,1년 전
 별표 4개 ,남녀노소 안가리고 어울릴 수 있는 앤티크한 분위기가 좋아요. 2030젊은 세대한테도 느낌있지만 38년생 어르신들한테도 향수를 불러일으킬 수 있는 그런 인테리어라고 생각합니다. 훈훈한 알바생은 덤~,1년 전
 별표 5개 ,,1년 전
 별표 5개 ,도심속에 고즈녁한 쉼터 입니다,2년 전
 별표 4개 ,분위기와 커피 맛은 좋으나 가격이 다소 비쌈,2년 전
 별표 4개 ,고풍스러운 커피숍,2년 전
 별표 5개 ,벽에 다양한 커피 그라인더가 많아서 신기했습니다. 분위기 좋네요~,2년 전
 별표 4개 ,"엔티크한 분위기에 벽면에 핸드밀로 꾸며놨는데 분위기가 좋다. 조용한 분위기를 찾는다면 추천
커피도 좋다. 테이블도 많아 점심에도 대기는 없음",2년 전
 별표 5개 ,커피보다는 차 종류가 맛있습니다,2년 전
 별표 3개 ,엔티크한 실내 인테리어. 엘리베이터없이 3층까지 올라가야하는 불편함!! 커피맛은 그닥? 가격은 비싼편.,2년 전
 별표 5개 ,"(Google 번역 제공) 역사

(원문)
歴史",2년 전
 별표 2개 ,"(Google 번역 제공) 많은 리뷰의 cos에 의해왔다.. 장소는 정말로 멋졌다. 그러나 커피는 단지 괜찮았다. 와인으로 유명 할 수도 있지만 열리지 않았습니다.

(원문)
Came by cos of the many reviews.. the place was really nice but the coffee was just okay. Maybe famous for wine but it wasn’t open.",2년 전
 별표 3개 ,현재 4층은 닫혀 있다. 3층의 인테리어가 약간은 올드한 느낌을 준다. 대화나누기에는 좋다. 비엔나커피는 맛이 나쁘지는 않으나 뛰어나지도 않은 느낌.,2년 전
 별표 4개 ,,2년 전
 별표 5개 ,아주 분위기 있었어요^^~,2년 전
 별표 4개 ,비엔나는 호불호가 갈림,2년 전
 별표 5개 ,,2년 전
 별표 5개 ,"엔틱한 인테리어에 다양한 차 종류, 밀크티 등 다른 음료도 맛있어요. 요즘엔 사람도 안붐비고 수다떨기 좋네요~",2년 전
 별표 4개 ,"비싼데, 사진 값은 함!",2년 전
 별표 5개 ,,2년 전
 별표 4개 ,,2년 전
 별표 4개 ,,2년 전
 별표 4개 ,,2년 전
 별표 5개 ,"분위기 좋아요.
평일 점심시간에는 직장인들 많아 자리 없을 수도 있어요",2년 전
 별표 4개 ,엔틱하고 커피가 맛있어요,2년 전
 별표 5개 ,,2년 전
 별표 5개 ,,2년 전
 별표 5개 ,"바도 같아 운영하는 걋 같아요. 다만 층은 서로 다릅니다. 커피 그라인더로 인테리어를 꾸몄어요
커피 맛은 소소",2년 전
 별표 5개 ,,2년 전
 별표 5개 ,분위기 좋고 커피는 쏘쏘. 스터디 하기에 불이 약간 어두운게 단점이지만 분위기맛집,2년 전
 별표 4개 ,,2년 전
 별표 3개 ,,2년 전
 별표 5개 ,,2년 전
 별표 3개 ,,2년 전
 별표 5개 ,"(Google 번역 제공) 엄청난

(원문)
great",2년 전
 별표 3개 ,가격 비쌈. 인테리어 괜찮음,2년 전
 별표 5개 ,,2년 전
 별표 5개 ,,2년 전
 별표 4개 ,분위기가 좋은 카페,2년 전
 별표 4개 ,"차가 맛있고
분위기가 좋아요.
딱 내 분위기...ㅎㅎ",2년 전
 별표 4개 ,"카페 정말이뻐요~ 커피도 맛있어요,당근케익 맛남~
레트로스타일 커피숍을 원하신다면 , 추천드립니다~",2년 전
 별표 5개 ,"너무 예쁘고 분위기 좋은 카페
티 종류도 많고 맛있어요",2년 전
 별표 4개 ,,2년 전
 별표 4개 ,,2년 전
 별표 4개 ,"(Google 번역 제공) 점심 식사는 30 % 할인되어 카푸치노를 3700 원에 받았습니다. 커피는 매우 순한 맛이지만 괜찮은 품질이었습니다. 분위기는 훌륭하고 아늑하며 고급 스럽습니다. 옥상과 테라스도 있습니다.

(원문)
Lunch take out is 30% off, so I got my cappuccino for 3700 KRW. Coffee tasted very mild, but was decent quality. Ambience is amazing, super cozy and classy. It has a rooftop and terrace as well.",2년 전
 별표 5개 ,,2년 전
 별표 4개 ,"가격대 있어요
고급진 커피
넓은 공간 좋아요
비엔나커피 간만에 먹었어요",2년 전
 별표 5개 ,,2년 전
 별표 5개 ,분위기 좋고 깔끔해요. 응답하라 1988에도 나왔던 카페에요.개인적으로 커피 보단 다양한 차를 추천..,2년 전
 별표 4개 ,,2년 전
 별표 4개 ,예전에 완전 이뿐 잔들 많았는데 많이 없어져서 아쉬워요,2년 전
 별표 5개 ,,2년 전
 별표 5개 ,,2년 전
 별표 5개 ,"(Google 번역 제공) 지하철과 가까우며 쉽게 찾을 수 있습니다. 좋은 위치. 훌륭한 커피. 나는 비엔나 커피를 주문했다, 크림은 매우 부드럽고 밀키였다. 커피 자체는 약간 신맛이 나지만 전혀 쓰지 않습니다. 무료 와이파이. 친절한 직원. 합당한 가격. 좋은 분위기. 화장실은 매우 깨끗하고 깔끔합니다.

(원문)
It’s close to the subway and easy to find. Great location. Great coffee. I ordered Vienna coffee, the cream was very smooth and milky. The coffee itself is a bit sour but not bitter at all. Free WiFi. Friendly staff. Fair price. Great atmosphere. Toilets are very clean and tidy.",2년 전
 별표 4개 ,"(Google 번역 제공) 스타 벅스와 같은 사람들은 아니지만 점심 시간 동안 프로모션 제공

(원문)
Providing promotion during lunch time, and not many people like Starbucks but better quality",2년 전
 별표 5개 ,,2년 전
 별표 5개 ,다들 비엔나커피를 말씀하시지만 진짜 맛있는 건 얼그레이 밀크티입니다. 가격은 9천원이지만 그만큼의 가치를 하니까 꼭 한번 드셔보세요!,2년 전
 별표 4개 ,분위기가 특이하고 조용하게 이야기하기  좋았어요.,2년 전
 별표 5개 ,,2년 전
 별표 5개 ,,2년 전
 별표 5개 ,,2년 전
 별표 4개 ,,2년 전
 별표 5개 ,커피굿 분위디굿,3년 전
 별표 4개 ,무조건 거품올라간 음료를 드세요  당근케익 맛있소,3년 전
 별표 4개 ,비엔나 굳,3년 전
 별표 3개 ,,3년 전
 별표 4개 ,,3년 전
 별표 5개 ,분위기 넘 좋아용,3년 전
 별표 4개 ,,3년 전
 별표 5개 ,,3년 전
 별표 5개 ,,3년 전
 별표 4개 ,적절한 데이트장소  좀비싼카페 찻집,3년 전
 별표 5개 ,"(Google 번역 제공) 나는이 커피 장소를 사랑한다!

(원문)
i just love this coffee place !",3년 전
 별표 5개 ,"반쥴은 언제나 사랑입니다..❤

최고의 비엔나 커피를 맛볼 수 있는 곳이에요!!

오늘은 초코 퍼지 케이크를 먹었는데 정말 맛있었어요.",3년 전
 별표 4개 ,,3년 전
 별표 4개 ,,3년 전
 별표 4개 ,엔틱하고 깔끔한 느낌의 카페,3년 전
 별표 5개 ,"종로가면 방문하는카페로 각종소품이 눈에 띕니다.
맨위층도 열려있어 좋아요",3년 전
 별표 5개 ,커피맛있고 앤틱하고 묵직한 분위기가 멋진 카페입니다. 근처에 있다면 자주 가고싶은 곳인데 멀리있는게 아쉽네요.,3년 전
 별표 5개 ,"앤티크한 느낌과 조용히 대화하고 싶다면 추천하고 싶은 카페 ! 커피의 가격대는 프렌차이즈보다 조금 더 비싸지만 가끔 너무 시끄럽지 않은 곳에서 이야기 하고 싶거나 할 때 가면 좋음:) 차와 커피도 종류별로 많이 있어서 골라먹기 좋고, 당근 케익도 맛있어서 추천함 ! 다만 치즈케익은 꾸덕꾸덕한 느낌은 아니고 부드러운 치즈케익이니 참고하기 바랍니다아:)",3년 전
 별표 4개 ,"커피매니아가 만드는 커피, 맛이 좋아요. 점심시간에는 직장인 30%할인까지~",3년 전
 별표 5개 ,넓고 깨끗해요,3년 전
 별표 5개 ,,3년 전
 별표 3개 ,커피도 맛있고 인테리어도 깔끔하면서 중후한 매력이 있어 도특하나 오래 앉아서 음료를 즐기거나 담소를 나누기엔 조금 부족한 공간,3년 전
 별표 4개 ,,3년 전
 별표 4개 ,,3년 전
 별표 4개 ,돌아온 티포투의 감성,3년 전
 별표 3개 ,비엔나 커피가 달콤 하고 맛있는곳.,3년 전
 별표 5개 ,커피도 맛있고 차종류도 많고 분위기도 좋아요. 다만 가격이 좀 쎄긴한데 평일 점심은 30% 할인을 해줘서 그나마 괜찮아요.,3년 전
 별표 4개 ,옥상 자리는 나만 알았으면 좋겠음.,3년 전
 별표 5개 ,,3년 전
 별표 5개 ,엔틱하니.너무 좋음,3년 전
 별표 5개 ,,3년 전
 별표 5개 ,좋아요. 오아시스 같음.,3년 전
 별표 5개 ,"10여년도 훨씬 지난후 재방문했지만, 여전히 고풍스럽고 차도 좋습니다. 바로 옆에 스타벅스가 있지만 끄떡없음!",3년 전
 별표 4개 ,,3년 전
 별표 4개 ,,3년 전
 별표 5개 ,,3년 전
 별표 4개 ,,3년 전
 별표 5개 ,예술적 영감이 가득한 공간! 독특한 티 메뉴들은 반드시 트라이 해보는 것을 추천합니다. 독특한 앤틱 인테리어들과 함께하는 역사 깊은 공간,3년 전
 별표 5개 ,분위기가 참좋다. 비엔나가 유명하다. 주인장의 수집취미가 남다르다. 또가고싶다.,3년 전
 별표 4개 ,역시 비엔나는 좋았어요 벽멱의 핸드밀과 오래된 느낌의 의자도 좋았어요,3년 전
 별표 4개 ,,3년 전
 별표 5개 ,분위기 좋습니다,3년 전
 별표 5개 ,"분위기, 커피",3년 전
 별표 5개 ,특별한분위기 향좋은커피와차,3년 전
 별표 4개 ,차 마시기 좋은 곳! 조금 시끌시끌한 점이 아쉽긴 하지만...윗층 가면 좋은 분위기를 봅니다,3년 전
 별표 3개 ,"(Google 번역 제공) 그것은 오래된 카페지만, 그것은 나쁜 방법으로 재 설계되었습니다. 우리가 재 설계 카페에서 기대하는 것만 큼 화려한 것은 아니며 너무 비싸요. 그런데 K-drama ""reply1988""에서 같은 카페입니다.

(원문)
It's old cafe, but it was redesigned bad way. It is not that fancy as we expect at redesign cafe and it's too expensive.. Well the place is same cafe in k-drama ""reply1988"".",3년 전
 별표 5개 ,,3년 전
 별표 4개 ,,3년 전
 별표 4개 ,"맛있다. 전반적으로 좀 단맛이 강하지만.
2층 카페도 좋고. 3층에 찻집도 너무 좋다.
근데 오래된만큼 어른들의 공간이라.
너무 많은 사람들이 오지 않길 바라는 개인적인 바램",3년 전
 별표 2개 ,,3년 전
 별표 4개 ,분위기는 참 좋다.,3년 전
 별표 5개 ,그 시절 그 시대 느끼고싶은 젊은이들은 이곳으로오세요. 행복하고 싶은 이들은 오세요:),3년 전
 별표 5개 ,부모님이 데이트하셨던 오래되고 아직도 명맥을 유지하고 있는 커피숍,3년 전
 별표 5개 ,"점심에는 할인도 해줍니다.
실내장식에 반하실겁니다.",3년 전
 별표 5개 ,,3년 전
 별표 3개 ,좋네요,3년 전
 별표 3개 ,가격이 세지만.. 분위기랑 맛은 좋습니다,3년 전
 별표 5개 ,,3년 전
 별표 3개 ,,3년 전
 별표 3개 ,옛날 그라인더를 인테리어로 장식 한 카페입니다 근처 카페 중에서는 분위기가 가장 좋네요! 연인과 가면 좋을 것 같아요!,3년 전
 별표 4개 ,,3년 전
 별표 4개 ,점심 시간 이용시 할인 받을 수 있음. 안테리어는 손님을 모시고 갈 수 있을 수준. 스타벅스를 가는 것보다 나음. 단 3층이고 엘리베이터는 없음. 개인적으로 머리를 식히고 싶을 때 허브차외 함께 하면 좋음.,3년 전
 별표 4개 ,,3년 전
 별표 4개 ,,3년 전
 별표 4개 ,,3년 전
 별표 5개 ,"(Google 번역 제공) 오래된 & 새로운

(원문)
old & new",3년 전
 별표 4개 ,,3년 전
 별표 5개 ,분위기좋고 차맛있음. 웅성웅성소리가심함,3년 전
 별표 5개 ,,3년 전
 별표 4개 ,,3년 전
 별표 4개 ,"분위기는 최상급. 커피보다는 차를 추천. 차의 양과 향이 매우 만족스럽다. 커피 메뉴, 특히 신메뉴는 맛이 애매함. 주문 시 고려바람.",3년 전
 별표 5개 ,,3년 전
 별표 4개 ,,3년 전
 별표 5개 ,비교적 자리에 여유가 있고 분위기 좋음,3년 전
 별표 5개 ,,3년 전
 별표 3개 ,"대학때 미팅하거나 친구들을 가볍게 만났던 장소였다. 오랫만에 남편과 옛날추억에 젖어 찾은 장소..응답하라 1988에서 나와 젊은친구들이 꽤 많지만 우리처럼 올드한? 분들도 꽤 보인다.
예전엔 1.2층부터였으나 지금은 3층부터 4층
그리고 루프탑까지 운영하고 스몰웨딩도 유치하고 있는듯.. 추운 겨울이지만,
봄.가을엔 루프탑에서 시간을 갖어보고 싶다.",3년 전
 별표 4개 ,,3년 전
 별표 5개 ,"엔틱하며, 오순도순 이야기하기좋은.",3년 전
 별표 5개 ,,3년 전
 별표 4개 ,테라스  공간도 좋습니다.,3년 전
 별표 4개 ,비엔나커피가 달달하니 좋은데 크림때문에 커피맛이 가려지는 느낌이 있어 한개 차감. 분위기 좋고 적당히 조용해서 시끄러운 종로 한가운데서 대화를 가지기에 좋은 카페,3년 전
 별표 4개 ,드라마의 한 장면처럼,3년 전
 별표 4개 ,,3년 전
 별표 5개 ,,3년 전
 별표 5개 ,,3년 전
 별표 5개 ,,3년 전
 별표 4개 ,,3년 전
 별표 3개 ,,3년 전
 별표 3개 ,,3년 전
 별표 4개 ,,3년 전
 별표 4개 ,,3년 전
 별표 5개 ,조용하고 전통있고,3년 전
 별표 3개 ,,3년 전
